5.875618383288383484e-02,4.838179051876068115e-01,6.658655405044555664e-01,2.460751915350556374e-03,-5.369302351027727127e-03,-7.230994105339050293e-01,6.907187104225158691e-01,-1.302109509706497192e-01,-1.268564374186098576e-03,8.759591728448867798e-02,2.633413672447204590e-01,-1.928416043519973755e-01,-8.942636847496032715e-02,-1.311480253934860229e-01,9.305936284363269806e-03,1.923281997442245483e-01,2.861880362033843994e-01,-1.545673757791519165e-01,1.064595952630043030e-01,-9.114047512412071228e-03,-1.032357662916183472e-01,3.825622498989105225e-01,-2.256773561239242554e-01,-1.098763704299926758e+00,-2.136309295892715454e-01,-9.560136497020721436e-02,-3.928882479667663574e-01,3.608009219169616699e-01,-1.059763431549072266e+00,2.475626021623611450e-01
5.875618383288383484e-02,4.838178753852844238e-01,6.658655405044555664e-01,2.460751915350556374e-03,-5.369302351027727127e-03,-7.230994105339050293e-01,6.907187104225158691e-01,-1.302109509706497192e-01,-1.268564374186098576e-03,8.759591728448867798e-02,2.633413672447204590e-01,-1.928416043519973755e-01,-8.942636847496032715e-02,-1.311480253934860229e-01,9.305936284363269806e-03,1.923281997442245483e-01,2.861880362033843994e-01,-1.545673757791519165e-01,1.064595878124237061e-01,-9.114047512412071228e-03,-1.032357662916183472e-01,3.825622498989105225e-01,-2.256773561239242554e-01,-1.098763704299926758e+00,-2.136309444904327393e-01,-9.560136497020721436e-02,-3.928882479667663574e-01,3.608009219169616699e-01,-1.059763431549072266e+00,2.475625872611999512e-01
5.875618383288383484e-02,4.838179051876068115e-01,6.658655405044555664e-01,2.460751915350556374e-03,-5.369302351027727127e-03,-7.230994105339050293e-01,6.907187104225158691e-01,-1.302109509706497192e-01,-1.268564257770776749e-03,8.759590983390808105e-02,2.633413672447204590e-01,-1.928416043519973755e-01,-8.942636847496032715e-02,-1.311480253934860229e-01,9.305936284363269806e-03,1.923281997442245483e-01,2.861880362033843994e-01,-1.545673757791519165e-01,1.064595952630043030e-01,-9.114047512412071228e-03,-1.032357662916183472e-01,3.825622797012329102e-01,-2.256773561239242554e-01,-1.098763704299926758e+00,-2.136309444904327393e-01,-9.560136497020721436e-02,-3.928882479667663574e-01,3.608009219169616699e-01,-1.059763431549072266e+00,2.475626021623611450e-01
5.875618755817413330e-02,4.838179051876068115e-01,6.658655405044555664e-01,2.460751915350556374e-03,-5.369302351027727127e-03,-7.230994105339050293e-01,6.907187104225158691e-01,-1.302109509706497192e-01,-1.268564374186098576e-03,8.759591728448867798e-02,2.633413672447204590e-01,-1.928416043519973755e-01,-8.942636847496032715e-02,-1.311480253934860229e-01,9.305936284363269806e-03,1.923282146453857422e-01,2.861880362033843994e-01,-1.545673757791519165e-01,1.064595952630043030e-01,-9.114047512412071228e-03,-1.032357662916183472e-01,3.825622498989105225e-01,-2.256773561239242554e-01,-1.098763704299926758e+00,-2.136309295892715454e-01,-9.560136497020721436e-02,-3.928882479667663574e-01,3.608009219169616699e-01,-1.059763431549072266e+00,2.475626021623611450e-01
5.875618010759353638e-02,4.838178753852844238e-01,6.658655405044555664e-01,2.460751915350556374e-03,-5.369302351027727127e-03,-7.230994105339050293e-01,6.907187104225158691e-01,-1.302109509706497192e-01,-1.268564374186098576e-03,8.759591728448867798e-02,2.633413672447204590e-01,-1.928416043519973755e-01,-8.942636847496032715e-02,-1.311480253934860229e-01,9.305936284363269806e-03,1.923281997442245483e-01,2.861880362033843994e-01,-1.545673757791519165e-01,1.064596027135848999e-01,-9.114047512412071228e-03,-1.032357662916183472e-01,3.825622498989105225e-01,-2.256773561239242554e-01,-1.098763704299926758e+00,-2.136309295892715454e-01,-9.560136497020721436e-02,-3.928882479667663574e-01,3.608009219169616699e-01,-1.059763431549072266e+00,2.475625872611999512e-01
5.875618383288383484e-02,4.838179051876068115e-01,6.658655405044555664e-01,2.460751915350556374e-03,-5.369302351027727127e-03,-7.230994105339050293e-01,6.907187104225158691e-01,-1.302109509706497192e-01,-1.268564374186098576e-03,8.759591728448867798e-02,2.633413672447204590e-01,-1.928416043519973755e-01,-8.942636847496032715e-02,-1.311480253934860229e-01,9.305936284363269806e-03,1.923281997442245483e-01,2.861880362033843994e-01,-1.545673757791519165e-01,1.064595952630043030e-01,-9.114047512412071228e-03,-1.032357662916183472e-01,3.825622498989105225e-01,-2.256773561239242554e-01,-1.098763704299926758e+00,-2.136309295892715454e-01,-9.560136497020721436e-02,-3.928882479667663574e-01,3.608009219169616699e-01,-1.059763431549072266e+00,2.475626021623611450e-01
5.875618383288383484e-02,4.838178753852844238e-01,6.658655405044555664e-01,2.460751915350556374e-03,-5.369302351027727127e-03,-7.230994105339050293e-01,6.907187104225158691e-01,-1.302109509706497192e-01,-1.268564374186098576e-03,8.759591728448867798e-02,2.633413672447204590e-01,-1.928416043519973755e-01,-8.942636847496032715e-02,-1.311480253934860229e-01,9.305936284363269806e-03,1.923281997442245483e-01,2.861880362033843994e-01,-1.545673757791519165e-01,1.064595952630043030e-01,-9.114047512412071228e-03,-1.032357662916183472e-01,3.825622498989105225e-01,-2.256773561239242554e-01,-1.098763704299926758e+00,-2.136309146881103516e-01,-9.560136497020721436e-02,-3.928882479667663574e-01,3.608009219169616699e-01,-1.059763431549072266e+00,2.475625872611999512e-01
5.875618383288383484e-02,4.838179051876068115e-01,6.658655405044555664e-01,2.460751915350556374e-03,-5.369302351027727127e-03,-7.230994105339050293e-01,6.907187104225158691e-01,-1.302109509706497192e-01,-1.268564374186098576e-03,8.759591728448867798e-02,2.633413672447204590e-01,-1.928416043519973755e-01,-8.942636847496032715e-02,-1.311480253934860229e-01,9.305936284363269806e-03,1.923281997442245483e-01,2.861880362033843994e-01,-1.545673757791519165e-01,1.064595952630043030e-01,-9.114047512412071228e-03,-1.032357662916183472e-01,3.825622797012329102e-01,-2.256773412227630615e-01,-1.098763704299926758e+00,-2.136309295892715454e-01,-9.560136497020721436e-02,-3.928882479667663574e-01,3.608009219169616699e-01,-1.059763431549072266e+00,2.475626021623611450e-01
5.875618010759353638e-02,4.838179051876068115e-01,6.658655405044555664e-01,2.460751915350556374e-03,-5.369302351027727127e-03,-7.230994105339050293e-01,6.907187104225158691e-01,-1.302109509706497192e-01,-1.268564374186098576e-03,8.759591728448867798e-02,2.633413672447204590e-01,-1.928416043519973755e-01,-8.942636847496032715e-02,-1.311480253934860229e-01,9.305936284363269806e-03,1.923281997442245483e-01,2.861880362033843994e-01,-1.545673757791519165e-01,1.064595952630043030e-01,-9.114047512412071228e-03,-1.032357662916183472e-01,3.825622498989105225e-01,-2.256773561239242554e-01,-1.098763704299926758e+00,-2.136309295892715454e-01,-9.560136497020721436e-02,-3.928882479667663574e-01,3.608009219169616699e-01,-1.059763431549072266e+00,2.475626021623611450e-01
5.875618383288383484e-02,4.838179051876068115e-01,6.658655405044555664e-01,2.460751915350556374e-03,-5.369302351027727127e-03,-7.230994105339050293e-01,6.907187104225158691e-01,-1.302109509706497192e-01,-1.268564374186098576e-03,8.759591728448867798e-02,2.633413672447204590e-01,-1.928416043519973755e-01,-8.942636847496032715e-02,-1.311480253934860229e-01,9.305936284363269806e-03,1.923281997442245483e-01,2.861880362033843994e-01,-1.545673757791519165e-01,1.064595878124237061e-01,-9.114047512412071228e-03,-1.032357662916183472e-01,3.825622498989105225e-01,-2.256773412227630615e-01,-1.098763704299926758e+00,-2.136309295892715454e-01,-9.560136497020721436e-02,-3.928882479667663574e-01,3.608009219169616699e-01,-1.059763431549072266e+00,2.475625872611999512e-01
5.875618383288383484e-02,4.838179051876068115e-01,6.658655405044555664e-01,2.460751915350556374e-03,-5.369302351027727127e-03,-7.230994105339050293e-01,6.907187104225158691e-01,-1.302109509706497192e-01,-1.268564374186098576e-03,8.759591728448867798e-02,2.633413672447204590e-01,-1.928416043519973755e-01,-8.942636847496032715e-02,-1.311480253934860229e-01,9.305936284363269806e-03,1.923281997442245483e-01,2.861880362033843994e-01,-1.545673757791519165e-01,1.064595952630043030e-01,-9.114047512412071228e-03,-1.032357662916183472e-01,3.825622498989105225e-01,-2.256773561239242554e-01,-1.098763704299926758e+00,-2.136309295892715454e-01,-9.560136497020721436e-02,-3.928882479667663574e-01,3.608009219169616699e-01,-1.059763431549072266e+00,2.475626021623611450e-01
5.875618010759353638e-02,4.838178753852844238e-01,6.658655405044555664e-01,2.460751915350556374e-03,-5.369302351027727127e-03,-7.230994105339050293e-01,6.907187104225158691e-01,-1.302109509706497192e-01,-1.268564374186098576e-03,8.759591728448867798e-02,2.633413672447204590e-01,-1.928416043519973755e-01,-8.942636847496032715e-02,-1.311480253934860229e-01,9.305936284363269806e-03,1.923281997442245483e-01,2.861880362033843994e-01,-1.545673757791519165e-01,1.064596027135848999e-01,-9.114047512412071228e-03,-1.032357662916183472e-01,3.825622498989105225e-01,-2.256773561239242554e-01,-1.098763704299926758e+00,-2.136309295892715454e-01,-9.560136497020721436e-02,-3.928882479667663574e-01,3.608009219169616699e-01,-1.059763431549072266e+00,2.475625872611999512e-01
5.875618383288383484e-02,4.838179051876068115e-01,6.658655405044555664e-01,2.460751915350556374e-03,-5.369302351027727127e-03,-7.230994105339050293e-01,6.907187104225158691e-01,-1.302109509706497192e-01,-1.268564374186098576e-03,8.759591728448867798e-02,2.633413672447204590e-01,-1.928416043519973755e-01,-8.942636847496032715e-02,-1.311480253934860229e-01,9.305936284363269806e-03,1.923281997442245483e-01,2.861880362033843994e-01,-1.545673757791519165e-01,1.064595952630043030e-01,-9.114047512412071228e-03,-1.032357662916183472e-01,3.825622797012329102e-01,-2.256773412227630615e-01,-1.098763704299926758e+00,-2.136309295892715454e-01,-9.560136497020721436e-02,-3.928882479667663574e-01,3.608009219169616699e-01,-1.059763431549072266e+00,2.475626021623611450e-01
5.875618383288383484e-02,4.838179051876068115e-01,6.658655405044555664e-01,2.460751915350556374e-03,-5.369302351027727127e-03,-7.230994105339050293e-01,6.907187104225158691e-01,-1.302109509706497192e-01,-1.268564374186098576e-03,8.759591728448867798e-02,2.633413672447204590e-01,-1.928416043519973755e-01,-8.942636847496032715e-02,-1.311480253934860229e-01,9.305936284363269806e-03,1.923281997442245483e-01,2.861880362033843994e-01,-1.545673757791519165e-01,1.064595952630043030e-01,-9.114047512412071228e-03,-1.032357662916183472e-01,3.825622797012329102e-01,-2.256773412227630615e-01,-1.098763704299926758e+00,-2.136309295892715454e-01,-9.560136497020721436e-02,-3.928882479667663574e-01,3.608009219169616699e-01,-1.059763431549072266e+00,2.475626021623611450e-01
5.875618383288383484e-02,4.838179349899291992e-01,6.658655405044555664e-01,2.460751915350556374e-03,-5.369302351027727127e-03,-7.230994105339050293e-01,6.907187104225158691e-01,-1.302109509706497192e-01,-1.268564374186098576e-03,8.759591728448867798e-02,2.633413672447204590e-01,-1.928416043519973755e-01,-8.942636847496032715e-02,-1.311480253934860229e-01,9.305936284363269806e-03,1.923281997442245483e-01,2.861880362033843994e-01,-1.545673757791519165e-01,1.064595952630043030e-01,-9.114047512412071228e-03,-1.032357662916183472e-01,3.825622498989105225e-01,-2.256773561239242554e-01,-1.098763704299926758e+00,-2.136309295892715454e-01,-9.560136497020721436e-02,-3.928882479667663574e-01,3.608009219169616699e-01,-1.059763431549072266e+00,2.475625872611999512e-01
5.875618383288383484e-02,4.838179051876068115e-01,6.658655405044555664e-01,2.460751915350556374e-03,-5.369302351027727127e-03,-7.230994105339050293e-01,6.907187104225158691e-01,-1.302109509706497192e-01,-1.268564374186098576e-03,8.759591728448867798e-02,2.633413672447204590e-01,-1.928416043519973755e-01,-8.942636847496032715e-02,-1.311480253934860229e-01,9.305936284363269806e-03,1.923281997442245483e-01,2.861880362033843994e-01,-1.545673757791519165e-01,1.064595952630043030e-01,-9.114047512412071228e-03,-1.032357662916183472e-01,3.825622498989105225e-01,-2.256773561239242554e-01,-1.098763704299926758e+00,-2.136309295892715454e-01,-9.560136497020721436e-02,-3.928882479667663574e-01,3.608009219169616699e-01,-1.059763431549072266e+00,2.475626021623611450e-01
5.875618383288383484e-02,4.838179051876068115e-01,6.658655405044555664e-01,2.460751915350556374e-03,-5.369302351027727127e-03,-7.230994105339050293e-01,6.907187104225158691e-01,-1.302109509706497192e-01,-1.268564374186098576e-03,8.759591728448867798e-02,2.633413672447204590e-01,-1.928416043519973755e-01,-8.942636847496032715e-02,-1.311480253934860229e-01,9.305936284363269806e-03,1.923281997442245483e-01,2.861880362033843994e-01,-1.545673757791519165e-01,1.064595878124237061e-01,-9.114047512412071228e-03,-1.032357662916183472e-01,3.825622498989105225e-01,-2.256773412227630615e-01,-1.098763704299926758e+00,-2.136309295892715454e-01,-9.560136497020721436e-02,-3.928882479667663574e-01,3.608009219169616699e-01,-1.059763431549072266e+00,2.475625872611999512e-01
5.875618383288383484e-02,4.838179349899291992e-01,6.658655405044555664e-01,2.460751915350556374e-03,-5.369302351027727127e-03,-7.230994105339050293e-01,6.907187104225158691e-01,-1.302109509706497192e-01,-1.268564374186098576e-03,8.759591728448867798e-02,2.633413672447204590e-01,-1.928416043519973755e-01,-8.942636847496032715e-02,-1.311480253934860229e-01,9.305936284363269806e-03,1.923281997442245483e-01,2.861880362033843994e-01,-1.545673757791519165e-01,1.064595952630043030e-01,-9.114047512412071228e-03,-1.032357662916183472e-01,3.825622200965881348e-01,-2.256773561239242554e-01,-1.098763704299926758e+00,-2.136309295892715454e-01,-9.560136497020721436e-02,-3.928882479667663574e-01,3.608009219169616699e-01,-1.059763431549072266e+00,2.475626021623611450e-01
5.875618383288383484e-02,4.838179349899291992e-01,6.658655405044555664e-01,2.460751915350556374e-03,-5.369302351027727127e-03,-7.230994105339050293e-01,6.907187104225158691e-01,-1.302109509706497192e-01,-1.268564374186098576e-03,8.759591728448867798e-02,2.633413672447204590e-01,-1.928416043519973755e-01,-8.942636847496032715e-02,-1.311480253934860229e-01,9.305936284363269806e-03,1.923281997442245483e-01,2.861880362033843994e-01,-1.545673757791519165e-01,1.064595952630043030e-01,-9.114047512412071228e-03,-1.032357662916183472e-01,3.825622200965881348e-01,-2.256773561239242554e-01,-1.098763704299926758e+00,-2.136309295892715454e-01,-9.560136497020721436e-02,-3.928882479667663574e-01,3.608009219169616699e-01,-1.059763431549072266e+00,2.475626021623611450e-01
5.875618383288383484e-02,4.838179051876068115e-01,6.658655405044555664e-01,2.460751915350556374e-03,-5.369302351027727127e-03,-7.230994105339050293e-01,6.907187104225158691e-01,-1.302109509706497192e-01,-1.268564374186098576e-03,8.759591728448867798e-02,2.633413672447204590e-01,-1.928416043519973755e-01,-8.942636847496032715e-02,-1.311480253934860229e-01,9.305936284363269806e-03,1.923281997442245483e-01,2.861880362033843994e-01,-1.545673757791519165e-01,1.064595878124237061e-01,-9.114047512412071228e-03,-1.032357662916183472e-01,3.825622498989105225e-01,-2.256773412227630615e-01,-1.098763704299926758e+00,-2.136309295892715454e-01,-9.560136497020721436e-02,-3.928882479667663574e-01,3.608009219169616699e-01,-1.059763431549072266e+00,2.475625872611999512e-01
5.875618383288383484e-02,4.838179051876068115e-01,6.658655405044555664e-01,2.460751915350556374e-03,-5.369302351027727127e-03,-7.230994105339050293e-01,6.907187104225158691e-01,-1.302109509706497192e-01,-1.268564374186098576e-03,8.759591728448867798e-02,2.633413672447204590e-01,-1.928416043519973755e-01,-8.942636847496032715e-02,-1.311480253934860229e-01,9.305936284363269806e-03,1.923281997442245483e-01,2.861880362033843994e-01,-1.545673757791519165e-01,1.064595952630043030e-01,-9.114047512412071228e-03,-1.032357662916183472e-01,3.825622498989105225e-01,-2.256773561239242554e-01,-1.098763704299926758e+00,-2.136309295892715454e-01,-9.560136497020721436e-02,-3.928882479667663574e-01,3.608009219169616699e-01,-1.059763431549072266e+00,2.475626021623611450e-01
5.875618383288383484e-02,4.838179051876068115e-01,6.658655405044555664e-01,2.460751915350556374e-03,-5.369302351027727127e-03,-7.230994105339050293e-01,6.907187104225158691e-01,-1.302109509706497192e-01,-1.268564374186098576e-03,8.759591728448867798e-02,2.633413672447204590e-01,-1.928416043519973755e-01,-8.942636847496032715e-02,-1.311480253934860229e-01,9.305936284363269806e-03,1.923281997442245483e-01,2.861880362033843994e-01,-1.545673757791519165e-01,1.064595878124237061e-01,-9.114047512412071228e-03,-1.032357662916183472e-01,3.825622498989105225e-01,-2.256773412227630615e-01,-1.098763704299926758e+00,-2.136309295892715454e-01,-9.560136497020721436e-02,-3.928882479667663574e-01,3.608009219169616699e-01,-1.059763431549072266e+00,2.475625872611999512e-01
5.875618010759353638e-02,4.838179051876068115e-01,6.658655405044555664e-01,2.460751915350556374e-03,-5.369302351027727127e-03,-7.230994105339050293e-01,6.907187104225158691e-01,-1.302109509706497192e-01,-1.268564374186098576e-03,8.759591728448867798e-02,2.633413672447204590e-01,-1.928416043519973755e-01,-8.942636847496032715e-02,-1.311480253934860229e-01,9.305936284363269806e-03,1.923281997442245483e-01,2.861880362033843994e-01,-1.545673757791519165e-01,1.064595952630043030e-01,-9.114047512412071228e-03,-1.032357662916183472e-01,3.825622498989105225e-01,-2.256773561239242554e-01,-1.098763704299926758e+00,-2.136309295892715454e-01,-9.560136497020721436e-02,-3.928882479667663574e-01,3.608009219169616699e-01,-1.059763431549072266e+00,2.475626021623611450e-01
5.875618010759353638e-02,4.838179051876068115e-01,6.658655405044555664e-01,2.460751915350556374e-03,-5.369302351027727127e-03,-7.230994105339050293e-01,6.907187104225158691e-01,-1.302109509706497192e-01,-1.268564374186098576e-03,8.759591728448867798e-02,2.633413672447204590e-01,-1.928416043519973755e-01,-8.942636847496032715e-02,-1.311480253934860229e-01,9.305936284363269806e-03,1.923281997442245483e-01,2.861880362033843994e-01,-1.545673757791519165e-01,1.064595952630043030e-01,-9.114047512412071228e-03,-1.032357662916183472e-01,3.825622498989105225e-01,-2.256773561239242554e-01,-1.098763704299926758e+00,-2.136309295892715454e-01,-9.560136497020721436e-02,-3.928882479667663574e-01,3.608009219169616699e-01,-1.059763431549072266e+00,2.475626021623611450e-01
5.875618383288383484e-02,4.838179349899291992e-01,6.658655405044555664e-01,2.460751915350556374e-03,-5.369302351027727127e-03,-7.230994105339050293e-01,6.907187104225158691e-01,-1.302109509706497192e-01,-1.268564374186098576e-03,8.759591728448867798e-02,2.633413672447204590e-01,-1.928416043519973755e-01,-8.942636847496032715e-02,-1.311480253934860229e-01,9.305936284363269806e-03,1.923281997442245483e-01,2.861880362033843994e-01,-1.545673757791519165e-01,1.064595952630043030e-01,-9.114047512412071228e-03,-1.032357662916183472e-01,3.825622498989105225e-01,-2.256773561239242554e-01,-1.098763704299926758e+00,-2.136309295892715454e-01,-9.560136497020721436e-02,-3.928882479667663574e-01,3.608009219169616699e-01,-1.059763431549072266e+00,2.475625872611999512e-01
5.875618383288383484e-02,4.838179051876068115e-01,6.658655405044555664e-01,2.460751915350556374e-03,-5.369302351027727127e-03,-7.230994105339050293e-01,6.907187104225158691e-01,-1.302109509706497192e-01,-1.268564374186098576e-03,8.759591728448867798e-02,2.633413672447204590e-01,-1.928416043519973755e-01,-8.942636847496032715e-02,-1.311480253934860229e-01,9.305936284363269806e-03,1.923281997442245483e-01,2.861880362033843994e-01,-1.545673757791519165e-01,1.064595952630043030e-01,-9.114047512412071228e-03,-1.032357662916183472e-01,3.825622498989105225e-01,-2.256773561239242554e-01,-1.098763704299926758e+00,-2.136309295892715454e-01,-9.560136497020721436e-02,-3.928882479667663574e-01,3.608009219169616699e-01,-1.059763431549072266e+00,2.475626021623611450e-01
5.875618383288383484e-02,4.838179349899291992e-01,6.658655405044555664e-01,2.460751915350556374e-03,-5.369302351027727127e-03,-7.230994105339050293e-01,6.907187104225158691e-01,-1.302109509706497192e-01,-1.268564374186098576e-03,8.759591728448867798e-02,2.633413672447204590e-01,-1.928416043519973755e-01,-8.942636847496032715e-02,-1.311480253934860229e-01,9.305936284363269806e-03,1.923281997442245483e-01,2.861880362033843994e-01,-1.545673757791519165e-01,1.064595952630043030e-01,-9.114047512412071228e-03,-1.032357662916183472e-01,3.825622498989105225e-01,-2.256773561239242554e-01,-1.098763704299926758e+00,-2.136309295892715454e-01,-9.560136497020721436e-02,-3.928882479667663574e-01,3.608009219169616699e-01,-1.059763431549072266e+00,2.475625872611999512e-01
5.875618010759353638e-02,4.838179349899291992e-01,6.658655405044555664e-01,2.460751915350556374e-03,-5.369302351027727127e-03,-7.230994105339050293e-01,6.907187104225158691e-01,-1.302109509706497192e-01,-1.268564257770776749e-03,8.759590983390808105e-02,2.633413672447204590e-01,-1.928416192531585693e-01,-8.942636847496032715e-02,-1.311480253934860229e-01,9.305936284363269806e-03,1.923281997442245483e-01,2.861880362033843994e-01,-1.545673757791519165e-01,1.064595952630043030e-01,-9.114047512412071228e-03,-1.032357662916183472e-01,3.825622498989105225e-01,-2.256773561239242554e-01,-1.098763704299926758e+00,-2.136309444904327393e-01,-9.560136497020721436e-02,-3.928882479667663574e-01,3.608009219169616699e-01,-1.059763431549072266e+00,2.475626021623611450e-01
5.875618010759353638e-02,4.838179349899291992e-01,6.658655405044555664e-01,2.460751915350556374e-03,-5.369302351027727127e-03,-7.230994105339050293e-01,6.907187104225158691e-01,-1.302109509706497192e-01,-1.268564257770776749e-03,8.759590983390808105e-02,2.633413672447204590e-01,-1.928416192531585693e-01,-8.942636847496032715e-02,-1.311480253934860229e-01,9.305936284363269806e-03,1.923281997442245483e-01,2.861880362033843994e-01,-1.545673757791519165e-01,1.064595952630043030e-01,-9.114047512412071228e-03,-1.032357662916183472e-01,3.825622498989105225e-01,-2.256773561239242554e-01,-1.098763704299926758e+00,-2.136309444904327393e-01,-9.560136497020721436e-02,-3.928882479667663574e-01,3.608009219169616699e-01,-1.059763431549072266e+00,2.475626021623611450e-01
5.875618383288383484e-02,4.838179051876068115e-01,6.658655405044555664e-01,2.460751915350556374e-03,-5.369302351027727127e-03,-7.230994105339050293e-01,6.907187104225158691e-01,-1.302109509706497192e-01,-1.268564374186098576e-03,8.759591728448867798e-02,2.633413672447204590e-01,-1.928416043519973755e-01,-8.942636847496032715e-02,-1.311480253934860229e-01,9.305936284363269806e-03,1.923281997442245483e-01,2.861880362033843994e-01,-1.545673757791519165e-01,1.064595878124237061e-01,-9.114047512412071228e-03,-1.032357662916183472e-01,3.825622498989105225e-01,-2.256773412227630615e-01,-1.098763704299926758e+00,-2.136309295892715454e-01,-9.560136497020721436e-02,-3.928882479667663574e-01,3.608009219169616699e-01,-1.059763431549072266e+00,2.475625872611999512e-01
5.875618383288383484e-02,4.838179051876068115e-01,6.658655405044555664e-01,2.460751915350556374e-03,-5.369302351027727127e-03,-7.230994105339050293e-01,6.907187104225158691e-01,-1.302109509706497192e-01,-1.268564374186098576e-03,8.759591728448867798e-02,2.633413672447204590e-01,-1.928416043519973755e-01,-8.942636847496032715e-02,-1.311480253934860229e-01,9.305936284363269806e-03,1.923281997442245483e-01,2.861880362033843994e-01,-1.545673757791519165e-01,1.064595952630043030e-01,-9.114047512412071228e-03,-1.032357662916183472e-01,3.825622498989105225e-01,-2.256773561239242554e-01,-1.098763704299926758e+00,-2.136309295892715454e-01,-9.560136497020721436e-02,-3.928882479667663574e-01,3.608009219169616699e-01,-1.059763431549072266e+00,2.475626021623611450e-01
5.875618383288383484e-02,4.838179051876068115e-01,6.658655405044555664e-01,2.460751915350556374e-03,-5.369302351027727127e-03,-7.230994105339050293e-01,6.907187104225158691e-01,-1.302109509706497192e-01,-1.268564374186098576e-03,8.759591728448867798e-02,2.633413672447204590e-01,-1.928416043519973755e-01,-8.942636847496032715e-02,-1.311480253934860229e-01,9.305936284363269806e-03,1.923281997442245483e-01,2.861880362033843994e-01,-1.545673757791519165e-01,1.064595878124237061e-01,-9.114047512412071228e-03,-1.032357662916183472e-01,3.825622498989105225e-01,-2.256773412227630615e-01,-1.098763704299926758e+00,-2.136309295892715454e-01,-9.560136497020721436e-02,-3.928882479667663574e-01,3.608009219169616699e-01,-1.059763431549072266e+00,2.475625872611999512e-01
5.875618383288383484e-02,4.838179349899291992e-01,6.658655405044555664e-01,2.460751915350556374e-03,-5.369302351027727127e-03,-7.230994105339050293e-01,6.907187104225158691e-01,-1.302109509706497192e-01,-1.268564374186098576e-03,8.759591728448867798e-02,2.633413672447204590e-01,-1.928416043519973755e-01,-8.942636847496032715e-02,-1.311480253934860229e-01,9.305936284363269806e-03,1.923281997442245483e-01,2.861880362033843994e-01,-1.545673757791519165e-01,1.064595952630043030e-01,-9.114047512412071228e-03,-1.032357662916183472e-01,3.825622200965881348e-01,-2.256773561239242554e-01,-1.098763704299926758e+00,-2.136309295892715454e-01,-9.560136497020721436e-02,-3.928882479667663574e-01,3.608009219169616699e-01,-1.059763431549072266e+00,2.475626021623611450e-01
5.875618383288383484e-02,4.838179349899291992e-01,6.658655405044555664e-01,2.460751915350556374e-03,-5.369302351027727127e-03,-7.230994105339050293e-01,6.907187104225158691e-01,-1.302109509706497192e-01,-1.268564374186098576e-03,8.759591728448867798e-02,2.633413672447204590e-01,-1.928416043519973755e-01,-8.942636847496032715e-02,-1.311480253934860229e-01,9.305936284363269806e-03,1.923281997442245483e-01,2.861880362033843994e-01,-1.545673757791519165e-01,1.064595952630043030e-01,-9.114047512412071228e-03,-1.032357662916183472e-01,3.825622200965881348e-01,-2.256773561239242554e-01,-1.098763704299926758e+00,-2.136309295892715454e-01,-9.560136497020721436e-02,-3.928882479667663574e-01,3.608009219169616699e-01,-1.059763431549072266e+00,2.475626021623611450e-01
5.875618755817413330e-02,4.838179051876068115e-01,6.658655405044555664e-01,2.460751915350556374e-03,-5.369302351027727127e-03,-7.230994105339050293e-01,6.907187104225158691e-01,-1.302109509706497192e-01,-1.268564374186098576e-03,8.759591728448867798e-02,2.633413672447204590e-01,-1.928416043519973755e-01,-8.942636847496032715e-02,-1.311480253934860229e-01,9.305936284363269806e-03,1.923281997442245483e-01,2.861880362033843994e-01,-1.545673757791519165e-01,1.064595952630043030e-01,-9.114047512412071228e-03,-1.032357662916183472e-01,3.825622498989105225e-01,-2.256773412227630615e-01,-1.098763704299926758e+00,-2.136309444904327393e-01,-9.560136497020721436e-02,-3.928882479667663574e-01,3.608009219169616699e-01,-1.059763431549072266e+00,2.475626170635223389e-01
5.875618383288383484e-02,4.838179051876068115e-01,6.658655405044555664e-01,2.460751915350556374e-03,-5.369302351027727127e-03,-7.230994105339050293e-01,6.907187104225158691e-01,-1.302109509706497192e-01,-1.268564374186098576e-03,8.759591728448867798e-02,2.633413672447204590e-01,-1.928416043519973755e-01,-8.942636847496032715e-02,-1.311480253934860229e-01,9.305936284363269806e-03,1.923281997442245483e-01,2.861880362033843994e-01,-1.545673757791519165e-01,1.064595952630043030e-01,-9.114047512412071228e-03,-1.032357662916183472e-01,3.825622498989105225e-01,-2.256773561239242554e-01,-1.098763704299926758e+00,-2.136309295892715454e-01,-9.560136497020721436e-02,-3.928882479667663574e-01,3.608009219169616699e-01,-1.059763431549072266e+00,2.475626021623611450e-01
5.875618755817413330e-02,4.838179051876068115e-01,6.658655405044555664e-01,2.460751915350556374e-03,-5.369302351027727127e-03,-7.230994105339050293e-01,6.907187104225158691e-01,-1.302109509706497192e-01,-1.268564374186098576e-03,8.759591728448867798e-02,2.633413672447204590e-01,-1.928416043519973755e-01,-8.942636847496032715e-02,-1.311480253934860229e-01,9.305936284363269806e-03,1.923281997442245483e-01,2.861880362033843994e-01,-1.545673757791519165e-01,1.064595952630043030e-01,-9.114047512412071228e-03,-1.032357662916183472e-01,3.825622498989105225e-01,-2.256773412227630615e-01,-1.098763704299926758e+00,-2.136309444904327393e-01,-9.560136497020721436e-02,-3.928882479667663574e-01,3.608009219169616699e-01,-1.059763431549072266e+00,2.475626170635223389e-01
5.875618383288383484e-02,4.838179349899291992e-01,6.658655405044555664e-01,2.460751915350556374e-03,-5.369302351027727127e-03,-7.230994105339050293e-01,6.907187104225158691e-01,-1.302109509706497192e-01,-1.268564374186098576e-03,8.759591728448867798e-02,2.633413672447204590e-01,-1.928416043519973755e-01,-8.942636847496032715e-02,-1.311480253934860229e-01,9.305936284363269806e-03,1.923281997442245483e-01,2.861880362033843994e-01,-1.545673757791519165e-01,1.064595952630043030e-01,-9.114047512412071228e-03,-1.032357662916183472e-01,3.825622200965881348e-01,-2.256773561239242554e-01,-1.098763704299926758e+00,-2.136309295892715454e-01,-9.560136497020721436e-02,-3.928882479667663574e-01,3.608009219169616699e-01,-1.059763431549072266e+00,2.475626021623611450e-01
5.875618383288383484e-02,4.838179349899291992e-01,6.658655405044555664e-01,2.460751915350556374e-03,-5.369302351027727127e-03,-7.230994105339050293e-01,6.907187104225158691e-01,-1.302109509706497192e-01,-1.268564374186098576e-03,8.759591728448867798e-02,2.633413672447204590e-01,-1.928416043519973755e-01,-8.942636847496032715e-02,-1.311480253934860229e-01,9.305936284363269806e-03,1.923281997442245483e-01,2.861880362033843994e-01,-1.545673757791519165e-01,1.064595952630043030e-01,-9.114047512412071228e-03,-1.032357662916183472e-01,3.825622200965881348e-01,-2.256773561239242554e-01,-1.098763704299926758e+00,-2.136309295892715454e-01,-9.560136497020721436e-02,-3.928882479667663574e-01,3.608009219169616699e-01,-1.059763431549072266e+00,2.475626021623611450e-01
5.875618383288383484e-02,4.838179051876068115e-01,6.658655405044555664e-01,2.460751915350556374e-03,-5.369302351027727127e-03,-7.230994105339050293e-01,6.907187104225158691e-01,-1.302109509706497192e-01,-1.268564374186098576e-03,8.759591728448867798e-02,2.633413672447204590e-01,-1.928416043519973755e-01,-8.942636847496032715e-02,-1.311480253934860229e-01,9.305936284363269806e-03,1.923281997442245483e-01,2.861880362033843994e-01,-1.545673757791519165e-01,1.064595878124237061e-01,-9.114047512412071228e-03,-1.032357662916183472e-01,3.825622498989105225e-01,-2.256773412227630615e-01,-1.098763704299926758e+00,-2.136309295892715454e-01,-9.560136497020721436e-02,-3.928882479667663574e-01,3.608009219169616699e-01,-1.059763431549072266e+00,2.475625872611999512e-01
5.875618383288383484e-02,4.838179051876068115e-01,6.658655405044555664e-01,2.460751915350556374e-03,-5.369302351027727127e-03,-7.230994105339050293e-01,6.907187104225158691e-01,-1.302109509706497192e-01,-1.268564374186098576e-03,8.759591728448867798e-02,2.633413672447204590e-01,-1.928416043519973755e-01,-8.942636847496032715e-02,-1.311480253934860229e-01,9.305936284363269806e-03,1.923281997442245483e-01,2.861880362033843994e-01,-1.545673757791519165e-01,1.064595952630043030e-01,-9.114047512412071228e-03,-1.032357662916183472e-01,3.825622498989105225e-01,-2.256773561239242554e-01,-1.098763704299926758e+00,-2.136309295892715454e-01,-9.560136497020721436e-02,-3.928882479667663574e-01,3.608009219169616699e-01,-1.059763431549072266e+00,2.475626021623611450e-01
5.875618383288383484e-02,4.838179051876068115e-01,6.658655405044555664e-01,2.460751915350556374e-03,-5.369302351027727127e-03,-7.230994105339050293e-01,6.907187104225158691e-01,-1.302109509706497192e-01,-1.268564374186098576e-03,8.759591728448867798e-02,2.633413672447204590e-01,-1.928416043519973755e-01,-8.942636847496032715e-02,-1.311480253934860229e-01,9.305936284363269806e-03,1.923281997442245483e-01,2.861880362033843994e-01,-1.545673757791519165e-01,1.064595878124237061e-01,-9.114047512412071228e-03,-1.032357662916183472e-01,3.825622498989105225e-01,-2.256773412227630615e-01,-1.098763704299926758e+00,-2.136309295892715454e-01,-9.560136497020721436e-02,-3.928882479667663574e-01,3.608009219169616699e-01,-1.059763431549072266e+00,2.475625872611999512e-01
5.875618383288383484e-02,4.838179349899291992e-01,6.658655405044555664e-01,2.460751915350556374e-03,-5.369302351027727127e-03,-7.230994105339050293e-01,6.907187104225158691e-01,-1.302109509706497192e-01,-1.268564374186098576e-03,8.759591728448867798e-02,2.633413672447204590e-01,-1.928416043519973755e-01,-8.942636847496032715e-02,-1.311480253934860229e-01,9.305936284363269806e-03,1.923281997442245483e-01,2.861880362033843994e-01,-1.545673757791519165e-01,1.064595952630043030e-01,-9.114047512412071228e-03,-1.032357662916183472e-01,3.825622200965881348e-01,-2.256773561239242554e-01,-1.098763704299926758e+00,-2.136309295892715454e-01,-9.560136497020721436e-02,-3.928882479667663574e-01,3.608009219169616699e-01,-1.059763431549072266e+00,2.475626021623611450e-01
5.875618383288383484e-02,4.838179349899291992e-01,6.658655405044555664e-01,2.460751915350556374e-03,-5.369302351027727127e-03,-7.230994105339050293e-01,6.907187104225158691e-01,-1.302109509706497192e-01,-1.268564374186098576e-03,8.759591728448867798e-02,2.633413672447204590e-01,-1.928416043519973755e-01,-8.942636847496032715e-02,-1.311480253934860229e-01,9.305936284363269806e-03,1.923281997442245483e-01,2.861880362033843994e-01,-1.545673757791519165e-01,1.064595952630043030e-01,-9.114047512412071228e-03,-1.032357662916183472e-01,3.825622200965881348e-01,-2.256773561239242554e-01,-1.098763704299926758e+00,-2.136309295892715454e-01,-9.560136497020721436e-02,-3.928882479667663574e-01,3.608009219169616699e-01,-1.059763431549072266e+00,2.475626021623611450e-01
5.875618383288383484e-02,4.838179051876068115e-01,6.658655405044555664e-01,2.460751915350556374e-03,-5.369302351027727127e-03,-7.230994105339050293e-01,6.907187104225158691e-01,-1.302109509706497192e-01,-1.268564374186098576e-03,8.759591728448867798e-02,2.633413672447204590e-01,-1.928416043519973755e-01,-8.942636847496032715e-02,-1.311480253934860229e-01,9.305936284363269806e-03,1.923281997442245483e-01,2.861880362033843994e-01,-1.545673757791519165e-01,1.064595878124237061e-01,-9.114047512412071228e-03,-1.032357662916183472e-01,3.825622498989105225e-01,-2.256773412227630615e-01,-1.098763704299926758e+00,-2.136309295892715454e-01,-9.560136497020721436e-02,-3.928882479667663574e-01,3.608009219169616699e-01,-1.059763431549072266e+00,2.475625872611999512e-01
5.875618383288383484e-02,4.838179051876068115e-01,6.658655405044555664e-01,2.460751915350556374e-03,-5.369302351027727127e-03,-7.230994105339050293e-01,6.907187104225158691e-01,-1.302109509706497192e-01,-1.268564374186098576e-03,8.759591728448867798e-02,2.633413672447204590e-01,-1.928416043519973755e-01,-8.942636847496032715e-02,-1.311480253934860229e-01,9.305936284363269806e-03,1.923281997442245483e-01,2.861880362033843994e-01,-1.545673757791519165e-01,1.064595952630043030e-01,-9.114047512412071228e-03,-1.032357662916183472e-01,3.825622498989105225e-01,-2.256773561239242554e-01,-1.098763704299926758e+00,-2.136309295892715454e-01,-9.560136497020721436e-02,-3.928882479667663574e-01,3.608009219169616699e-01,-1.059763431549072266e+00,2.475626021623611450e-01
5.875618383288383484e-02,4.838179051876068115e-01,6.658655405044555664e-01,2.460751915350556374e-03,-5.369302351027727127e-03,-7.230994105339050293e-01,6.907187104225158691e-01,-1.302109509706497192e-01,-1.268564374186098576e-03,8.759591728448867798e-02,2.633413672447204590e-01,-1.928416043519973755e-01,-8.942636847496032715e-02,-1.311480253934860229e-01,9.305936284363269806e-03,1.923281997442245483e-01,2.861880362033843994e-01,-1.545673757791519165e-01,1.064595878124237061e-01,-9.114047512412071228e-03,-1.032357662916183472e-01,3.825622498989105225e-01,-2.256773412227630615e-01,-1.098763704299926758e+00,-2.136309295892715454e-01,-9.560136497020721436e-02,-3.928882479667663574e-01,3.608009219169616699e-01,-1.059763431549072266e+00,2.475625872611999512e-01
5.875618383288383484e-02,4.838179349899291992e-01,6.658655405044555664e-01,2.460751915350556374e-03,-5.369302351027727127e-03,-7.230994105339050293e-01,6.907187104225158691e-01,-1.302109509706497192e-01,-1.268564374186098576e-03,8.759591728448867798e-02,2.633413672447204590e-01,-1.928416043519973755e-01,-8.942636847496032715e-02,-1.311480253934860229e-01,9.305936284363269806e-03,1.923281997442245483e-01,2.861880362033843994e-01,-1.545673757791519165e-01,1.064595952630043030e-01,-9.114047512412071228e-03,-1.032357662916183472e-01,3.825622200965881348e-01,-2.256773561239242554e-01,-1.098763704299926758e+00,-2.136309295892715454e-01,-9.560136497020721436e-02,-3.928882479667663574e-01,3.608009219169616699e-01,-1.059763431549072266e+00,2.475626021623611450e-01
5.875618010759353638e-02,4.838179349899291992e-01,6.658655405044555664e-01,2.460751915350556374e-03,-5.369302351027727127e-03,-7.230994105339050293e-01,6.907187104225158691e-01,-1.302109509706497192e-01,-1.268564257770776749e-03,8.759590983390808105e-02,2.633413672447204590e-01,-1.928416192531585693e-01,-8.942636847496032715e-02,-1.311480253934860229e-01,9.305936284363269806e-03,1.923281997442245483e-01,2.861880362033843994e-01,-1.545673757791519165e-01,1.064595952630043030e-01,-9.114047512412071228e-03,-1.032357662916183472e-01,3.825622498989105225e-01,-2.256773561239242554e-01,-1.098763704299926758e+00,-2.136309444904327393e-01,-9.560136497020721436e-02,-3.928882479667663574e-01,3.608009219169616699e-01,-1.059763431549072266e+00,2.475626021623611450e-01
5.875618383288383484e-02,4.838179051876068115e-01,6.658655405044555664e-01,2.460751915350556374e-03,-5.369302351027727127e-03,-7.230994105339050293e-01,6.907187104225158691e-01,-1.302109509706497192e-01,-1.268564374186098576e-03,8.759591728448867798e-02,2.633413672447204590e-01,-1.928416043519973755e-01,-8.942636847496032715e-02,-1.311480253934860229e-01,9.305936284363269806e-03,1.923196911811828613e-01,2.862038016319274902e-01,-1.545707285404205322e-01,1.064594611525535583e-01,-9.114047512412071228e-03,-1.032357662916183472e-01,3.825622498989105225e-01,-2.256619036197662354e-01,-1.098765373229980469e+00,-2.136355340480804443e-01,-9.557236731052398682e-02,-3.928864598274230957e-01,3.607872128486633301e-01,-1.059780716896057129e+00,2.475640475749969482e-01
5.875618383288383484e-02,4.838179051876068115e-01,6.658655405044555664e-01,2.460751915350556374e-03,-5.369302351027727127e-03,-7.230994105339050293e-01,6.907187104225158691e-01,-1.302109509706497192e-01,-1.268564374186098576e-03,8.759591728448867798e-02,2.633413672447204590e-01,-1.928416043519973755e-01,-8.942636847496032715e-02,-1.311480253934860229e-01,9.305936284363269806e-03,1.923069208860397339e-01,2.862274050712585449e-01,-1.545757502317428589e-01,1.064592674374580383e-01,-9.114047512412071228e-03,-1.032357662916183472e-01,3.825622498989105225e-01,-2.256387621164321899e-01,-1.098767638206481934e+00,-2.136424630880355835e-01,-9.552887827157974243e-02,-3.928838074207305908e-01,3.607666492462158203e-01,-1.059806704521179199e+00,2.475662082433700562e-01
5.875618383288383484e-02,4.838179051876068115e-01,6.658655405044555664e-01,2.460751915350556374e-03,-5.369302351027727127e-03,-7.230994105339050293e-01,6.907187104225158691e-01,-1.302109509706497192e-01,-1.268564374186098576e-03,8.759591728448867798e-02,2.633413672447204590e-01,-1.928416043519973755e-01,-8.942636847496032715e-02,-1.311480253934860229e-01,9.305936284363269806e-03,1.922656297683715820e-01,2.863010466098785400e-01,-1.545917689800262451e-01,1.064583361148834229e-01,-9.114047512412071228e-03,-1.032357662916183472e-01,3.825622498989105225e-01,-2.255691289901733398e-01,-1.098770856857299805e+00,-2.136654257774353027e-01,-9.539100527763366699e-02,-3.928744792938232422e-01,3.607026934623718262e-01,-1.059885025024414062e+00,2.475731968879699707e-01
5.876999348402023315e-02,4.838122129440307617e-01,6.658592224121093750e-01,2.460751915350556374e-03,-5.369302351027727127e-03,-7.230994105339050293e-01,6.907187104225158691e-01,-1.302510648965835571e-01,-1.268564257770776749e-03,8.758950978517532349e-02,2.634193301200866699e-01,-1.928835362195968628e-01,-8.942782878875732422e-02,-1.311562806367874146e-01,9.305936284363269806e-03,1.922046244144439697e-01,2.864074707031250000e-01,-1.546152532100677490e-01,1.064566969871520996e-01,-9.116107597947120667e-03,-1.031549349427223206e-01,3.825542032718658447e-01,-2.254703044891357422e-01,-1.098771929740905762e+00,-2.136996239423751831e-01,-9.518951922655105591e-02,-3.928600847721099854e-01,3.606100678443908691e-01,-1.059996366500854492e+00,2.475835233926773071e-01
5.881142616271972656e-02,4.837951064109802246e-01,6.658401489257812500e-01,2.460751915350556374e-03,-5.369302351027727127e-03,-7.230994105339050293e-01,6.907187104225158691e-01,-1.303713917732238770e-01,-1.268564374186098576e-03,8.757030218839645386e-02,2.636532783508300781e-01,-1.930093020200729370e-01,-8.943221718072891235e-02,-1.311810761690139771e-01,9.305936284363269806e-03,1.921041458845138550e-01,2.865794301033020020e-01,-1.546536535024642944e-01,1.064536422491073608e-01,-9.122286923229694366e-03,-1.029124408960342407e-01,3.825300931930541992e-01,-2.253131270408630371e-01,-1.098769187927246094e+00,-2.137563228607177734e-01,-9.486079216003417969e-02,-3.928355574607849121e-01,3.604602217674255371e-01,-1.060173630714416504e+00,2.476005852222442627e-01
5.887912958860397339e-02,4.837644100189208984e-01,6.658113002777099609e-01,2.532165031880140305e-03,-5.437971558421850204e-03,-7.230580449104309082e-01,6.907613277435302734e-01,-1.305868923664093018e-01,-1.268564374186098576e-03,8.753656595945358276e-02,2.640736401081085205e-01,-1.932338923215866089e-01,-8.944292366504669189e-02,-1.312215030193328857e-01,9.305936284363269806e-03,1.919393241405487061e-01,2.868497371673583984e-01,-1.547155827283859253e-01,1.064473688602447510e-01,-9.132010862231254578e-03,-1.024836599826812744e-01,3.824938535690307617e-01,-2.250744998455047607e-01,-1.098748564720153809e+00,-2.138503044843673706e-01,-9.433291852474212646e-02,-3.927924633026123047e-01,3.602237105369567871e-01,-1.060443401336669922e+00,2.476284503936767578e-01
5.895996466279029846e-02,4.837268888950347900e-01,6.657775640487670898e-01,2.564592519775032997e-03,-5.470074713230133057e-03,-7.229579687118530273e-01,6.908656954765319824e-01,-1.308499723672866821e-01,-1.268564374186098576e-03,8.749557286500930786e-02,2.645872533321380615e-01,-1.935078799724578857e-01,-8.945679664611816406e-02,-1.312697678804397583e-01,9.305936284363269806e-03,1.917423307895660400e-01,2.871691882610321045e-01,-1.547892689704895020e-01,1.064394637942314148e-01,-9.143508039414882660e-03,-1.019617319107055664e-01,3.824515044689178467e-01,-2.247951626777648926e-01,-1.098719120025634766e+00,-2.139628976583480835e-01,-9.370547533035278320e-02,-3.927401304244995117e-01,3.599438369274139404e-01,-1.060759425163269043e+00,2.476616799831390381e-01
5.910883843898773193e-02,4.836492538452148438e-01,6.657154560089111328e-01,2.966316416859626770e-03,-5.089539103209972382e-03,-7.228336334228515625e-01,6.909970045089721680e-01,-1.313844919204711914e-01,-1.268564374186098576e-03,8.741359412670135498e-02,2.656327784061431885e-01,-1.940620243549346924e-01,-8.949276804924011230e-02,-1.313571035861968994e-01,9.305936284363269806e-03,1.914052218198776245e-01,2.876811623573303223e-01,-1.549120694398880005e-01,1.064220964908599854e-01,-9.162480942904949188e-03,-1.009125411510467529e-01,3.823850154876708984e-01,-2.243695855140686035e-01,-1.098625421524047852e+00,-2.141567468643188477e-01,-9.266504645347595215e-02,-3.926424384117126465e-01,3.594903349876403809e-01,-1.061241865158081055e+00,2.477176189422607422e-01
5.927658826112747192e-02,4.835559725761413574e-01,6.656453013420104980e-01,3.451560856774449348e-03,-4.614370875060558319e-03,-7.226822972297668457e-01,6.911564469337463379e-01,-1.320222914218902588e-01,-1.268564374186098576e-03,8.731624484062194824e-02,2.668810784816741943e-01,-1.947207599878311157e-01,-8.954173326492309570e-02,-1.314531713724136353e-01,9.305936284363269806e-03,1.910144090652465820e-01,2.882519066333770752e-01,-1.550521999597549438e-01,1.063993796706199646e-01,-9.181521832942962646e-03,-9.967038780450820923e-02,3.823212385177612305e-01,-2.239088416099548340e-01,-1.098490357398986816e+00,-2.143815606832504272e-01,-9.148071706295013428e-02,-3.925239741802215576e-01,3.589804470539093018e-01,-1.061764359474182129e+00,2.477814853191375732e-01
5.948209017515182495e-02,4.834314584732055664e-01,6.655588746070861816e-01,4.103847779333591461e-03,-3.949930425733327866e-03,-7.224766612052917480e-01,6.913719177246093750e-01,-1.328666657209396362e-01,-1.268564374186098576e-03,8.718815445899963379e-02,2.685348987579345703e-01,-1.955887377262115479e-01,-8.961664140224456787e-02,-1.315667480230331421e-01,9.305936284363269806e-03,1.905162185430526733e-01,2.889402806758880615e-01,-1.552269756793975830e-01,1.063659787178039551e-01,-9.200701490044593811e-03,-9.804230928421020508e-02,3.822628259658813477e-01,-2.233777940273284912e-01,-1.098272085189819336e+00,-2.146683335304260254e-01,-9.000858664512634277e-02,-3.923640251159667969e-01,3.583578467369079590e-01,-1.062367200851440430e+00,2.478612214326858521e-01
5.971471220254898071e-02,4.832717776298522949e-01,6.654614210128784180e-01,4.321277607232332230e-03,-3.728448180481791496e-03,-7.224079966545104980e-01,6.914435029029846191e-01,-1.339344978332519531e-01,-1.268564374186098576e-03,8.702590316534042358e-02,2.706238925457000732e-01,-1.966760158538818359e-01,-8.973074704408645630e-02,-1.316850483417510986e-01,9.305936284363269806e-03,1.898994445800781250e-01,2.897204756736755371e-01,-1.554359495639801025e-01,1.063162237405776978e-01,-9.211592376232147217e-03,-9.601123631000518799e-02,3.822411298751831055e-01,-2.228152453899383545e-01,-1.097925543785095215e+00,-2.150205224752426147e-01,-8.825559169054031372e-02,-3.921503126621246338e-01,3.576337099075317383e-01,-1.063005208969116211e+00,2.479548305273056030e-01
5.996089428663253784e-02,4.830944240093231201e-01,6.653583645820617676e-01,4.407307133078575134e-03,-3.514480544254183769e-03,-7.218992114067077637e-01,6.919753551483154297e-01,-1.351140737533569336e-01,-1.268564374186098576e-03,8.684656769037246704e-02,2.729305028915405273e-01,-1.978729367256164551e-01,-8.986444771289825439e-02,-1.318057328462600708e-01,9.305936284363269806e-03,1.892233639955520630e-01,2.905466258525848389e-01,-1.556620299816131592e-01,1.062582880258560181e-01,-9.218340739607810974e-03,-9.377864748239517212e-02,3.822377622127532959e-01,-2.222369462251663208e-01,-1.097514986991882324e+00,-2.154054194688796997e-01,-8.636215329170227051e-02,-3.919097185134887695e-01,3.568587899208068848e-01,-1.063660740852355957e+00,2.480553835630416870e-01
6.017480418086051941e-02,4.828812479972839355e-01,6.652705073356628418e-01,4.269365221261978149e-03,-3.347026649862527847e-03,-7.215162515640258789e-01,6.923762559890747070e-01,-1.364962756633758545e-01,-1.268564374186098576e-03,8.663520961999893188e-02,2.756157219409942627e-01,-1.992409229278564453e-01,-9.007334709167480469e-02,-1.318812966346740723e-01,9.305936284363269806e-03,1.883819699287414551e-01,2.914107441902160645e-01,-1.559259295463562012e-01,1.061662808060646057e-01,-9.187009185552597046e-03,-9.123804420232772827e-02,3.823786973953247070e-01,-2.217184007167816162e-01,-1.096845865249633789e+00,-2.158727645874023438e-01,-8.416766673326492310e-02,-3.915756046772003174e-01,3.559948801994323730e-01,-1.064243435859680176e+00,2.481630742549896240e-01
6.036925315856933594e-02,4.826585948467254639e-01,6.651874780654907227e-01,4.117070697247982025e-03,-3.159591462463140488e-03,-7.211129069328308105e-01,6.927981376647949219e-01,-1.379309296607971191e-01,-1.268564374186098576e-03,8.641403168439865112e-02,2.783856689929962158e-01,-2.006408125162124634e-01,-9.031158685684204102e-02,-1.319349557161331177e-01,9.305936284363269806e-03,1.874940097332000732e-01,2.922491133213043213e-01,-1.561963111162185669e-01,1.060597747564315796e-01,-9.135581552982330322e-03,-8.863299340009689331e-02,3.825883567333221436e-01,-2.212532162666320801e-01,-1.096076846122741699e+00,-2.163580656051635742e-01,-8.192671835422515869e-02,-3.912082314491271973e-01,3.551254272460937500e-01,-1.064761281013488770e+00,2.482654452323913574e-01
6.052479892969131470e-02,4.824167788028717041e-01,6.651141643524169922e-01,3.936070017516613007e-03,-2.932193223387002945e-03,-7.206687331199645996e-01,6.932622790336608887e-01,-1.394705027341842651e-01,-1.268564374186098576e-03,8.617322146892547607e-02,2.813251316547393799e-01,-2.021044492721557617e-01,-9.060851484537124634e-02,-1.319448351860046387e-01,9.305936284363269806e-03,1.865129172801971436e-01,2.930359244346618652e-01,-1.564796566963195801e-01,1.059243008494377136e-01,-9.043958969414234161e-03,-8.589900285005569458e-02,3.829354047775268555e-01,-2.208947390317916870e-01,-1.095107913017272949e+00,-2.168793082237243652e-01,-7.959280908107757568e-02,-3.907743692398071289e-01,3.542447090148925781e-01,-1.065149784088134766e+00,2.483572065830230713e-01
6.060643866658210754e-02,4.821746945381164551e-01,6.650624275207519531e-01,3.600510768592357635e-03,-2.756741363555192947e-03,-7.202115654945373535e-01,6.937397122383117676e-01,-1.410120576620101929e-01,-1.268564374186098576e-03,8.592557162046432495e-02,2.841963768005371094e-01,-2.034992277622222900e-01,-9.096398949623107910e-02,-1.318944394588470459e-01,9.305936284363269806e-03,1.854640841484069824e-01,2.936939001083374023e-01,-1.567617356777191162e-01,1.057545393705368042e-01,-8.894598111510276794e-03,-8.326287567615509033e-02,3.834649324417114258e-01,-2.206956446170806885e-01,-1.093935966491699219e+00,-2.174111008644104004e-01,-7.729396969079971313e-02,-3.902761340141296387e-01,3.534028232097625732e-01,-1.065343022346496582e+00,2.484159916639328003e-01
6.065111607313156128e-02,4.819324016571044922e-01,6.650214791297912598e-01,3.187675727531313896e-03,-2.607264323160052299e-03,-7.197476625442504883e-01,6.942235827445983887e-01,-1.425545811653137207e-01,-1.268564374186098576e-03,8.567450195550918579e-02,2.870335578918457031e-01,-2.048595398664474487e-01,-9.134874492883682251e-02,-1.318138837814331055e-01,9.305936284363269806e-03,1.843814253807067871e-01,2.942874729633331299e-01,-1.570431590080261230e-01,1.055676490068435669e-01,-8.716369047760963440e-03,-8.067569881677627563e-02,3.840857446193695068e-01,-2.205762565135955811e-01,-1.092662692070007324e+00,-2.179481685161590576e-01,-7.501269131898880005e-02,-3.897456824779510498e-01,3.525803089141845703e-01,-1.065438628196716309e+00,2.484582960605621338e-01
6.057672947645187378e-02,4.817075729370117188e-01,6.650089025497436523e-01,2.437619725242257118e-03,-2.670953283086419106e-03,-7.192937731742858887e-01,6.946967244148254395e-01,-1.440463513135910034e-01,-1.268564374186098576e-03,8.541831374168395996e-02,2.895887494087219238e-01,-2.060165703296661377e-01,-9.180939197540283203e-02,-1.316661238670349121e-01,9.305936284363269806e-03,1.832284629344940186e-01,2.946202158927917480e-01,-1.573077738285064697e-01,1.053240895271301270e-01,-8.437276817858219147e-03,-7.837077975273132324e-02,3.849925994873046875e-01,-2.207106947898864746e-01,-1.091125369071960449e+00,-2.184682339429855347e-01,-7.293131947517395020e-02,-3.891302943229675293e-01,3.518598675727844238e-01,-1.065216541290283203e+00,2.484117746353149414e-01
6.046350672841072083e-02,4.814949631690979004e-01,6.650017499923706055e-01,1.719979220069944859e-03,-2.659803954884409904e-03,-7.188538908958435059e-01,6.951540112495422363e-01,-1.455125510692596436e-01,-1.268564374186098576e-03,8.516212552785873413e-02,2.920052707195281982e-01,-2.070811390876770020e-01,-9.228768944740295410e-02,-1.315125823020935059e-01,9.305936284363269806e-03,1.820626109838485718e-01,2.948562800884246826e-01,-1.575633436441421509e-01,1.050611063838005066e-01,-8.123670704662799835e-03,-7.619342207908630371e-02,3.859862983226776123e-01,-2.209213525056838989e-01,-1.089524507522583008e+00,-2.189740836620330811e-01,-7.095823436975479126e-02,-3.884940445423126221e-01,3.511835932731628418e-01,-1.064897537231445312e+00,2.483216375112533569e-01
6.027261540293693542e-02,4.813068509101867676e-01,6.650056242942810059e-01,1.067182631231844425e-03,-2.498980844393372536e-03,-7.184430956840515137e-01,6.955804228782653809e-01,-1.469275951385498047e-01,-1.268564374186098576e-03,8.490594476461410522e-02,2.941445112228393555e-01,-2.079608440399169922e-01,-9.280128777027130127e-02,-1.313474625349044800e-01,9.305936284363269806e-03,1.808710396289825439e-01,2.948989868164062500e-01,-1.578007936477661133e-01,1.047592610120773315e-01,-7.741041947156190872e-03,-7.427124679088592529e-02,3.871537148952484131e-01,-2.212844789028167725e-01,-1.087796568870544434e+00,-2.194514721632003784e-01,-6.920173764228820801e-02,-3.878159523010253906e-01,3.505955338478088379e-01,-1.064384579658508301e+00,2.481442391872406006e-01
6.002065539360046387e-02,4.811524152755737305e-01,6.650083661079406738e-01,6.334346835501492023e-04,-2.099518664181232452e-03,-7.180790901184082031e-01,6.959580779075622559e-01,-1.483082175254821777e-01,-1.268564374186098576e-03,8.464974910020828247e-02,2.959868907928466797e-01,-2.086455523967742920e-01,-9.332902729511260986e-02,-1.312209963798522949e-01,9.305936284363269806e-03,1.796657145023345947e-01,2.947701215744018555e-01,-1.580201387405395508e-01,1.044201403856277466e-01,-7.298054173588752747e-03,-7.261212170124053955e-02,3.884482383728027344e-01,-2.217508256435394287e-01,-1.086003184318542480e+00,-2.198952734470367432e-01,-6.769771873950958252e-02,-3.871155977249145508e-01,3.500965237617492676e-01,-1.063738226890563965e+00,2.478560507297515869e-01
5.973815172910690308e-02,4.810148477554321289e-01,6.650105118751525879e-01,3.092068945989012718e-04,-1.580738113261759281e-03,-7.177382707595825195e-01,6.963111162185668945e-01,-1.496716439723968506e-01,-1.268564374186098576e-03,8.439356088638305664e-02,2.976807951927185059e-01,-2.092327773571014404e-01,-9.386384487152099609e-02,-1.311138421297073364e-01,9.305936284363269806e-03,1.784535199403762817e-01,2.945554852485656738e-01,-1.582304239273071289e-01,1.040623709559440613e-01,-6.824886426329612732e-03,-7.108452171087265015e-02,3.898063004016876221e-01,-2.222687751054763794e-01,-1.084177136421203613e+00,-2.203223109245300293e-01,-6.631994247436523438e-02,-3.864040970802307129e-01,3.496419191360473633e-01,-1.063025116920471191e+00,2.475124299526214600e-01
5.939087271690368652e-02,4.809357225894927979e-01,6.650053858757019043e-01,9.777915693121030927e-05,-9.908666834235191345e-04,-7.174782156944274902e-01,6.965802311897277832e-01,-1.510262638330459595e-01,-1.268564374186098576e-03,8.413737267255783081e-02,2.989565730094909668e-01,-2.095453739166259766e-01,-9.438444674015045166e-02,-1.311442553997039795e-01,9.305936284363269806e-03,1.772324144840240479e-01,2.941514849662780762e-01,-1.584198623895645142e-01,1.036549434065818787e-01,-6.287613883614540100e-03,-6.993385404348373413e-02,3.912567496299743652e-01,-2.228602617979049683e-01,-1.082340836524963379e+00,-2.207066416740417480e-01,-6.533579528331756592e-02,-3.856936097145080566e-01,3.493148684501647949e-01,-1.062223434448242188e+00,2.469799220561981201e-01
5.903109908103942871e-02,4.808763563632965088e-01,6.649953126907348633e-01,-6.317070074146613479e-05,-3.478045400697737932e-04,-7.172454595565795898e-01,6.968205571174621582e-01,-1.523928493261337280e-01,-1.268564374186098576e-03,8.388119190931320190e-02,3.001148402690887451e-01,-2.097807526588439941e-01,-9.488873183727264404e-02,-1.312431395053863525e-01,9.305936284363269806e-03,1.760101318359375000e-01,2.937138378620147705e-01,-1.586059331893920898e-01,1.032342314720153809e-01,-5.741367116570472717e-03,-6.889679282903671265e-02,3.926997780799865723e-01,-2.234531641006469727e-01,-1.080524206161499023e+00,-2.210832685232162476e-01,-6.447643786668777466e-02,-3.849953114986419678e-01,3.490277230739593506e-01,-1.061428666114807129e+00,2.463834285736083984e-01
5.864631757140159607e-02,4.808565080165863037e-01,6.649753451347351074e-01,-1.231697679031640291e-04,4.016636230517178774e-04,-7.170674800872802734e-01,6.970036625862121582e-01,-1.537834107875823975e-01,-1.268564374186098576e-03,8.362500369548797607e-02,3.010380864143371582e-01,-2.098617255687713623e-01,-9.536036849021911621e-02,-1.314789205789566040e-01,9.305936284363269806e-03,1.747855246067047119e-01,2.932089269161224365e-01,-1.587852537631988525e-01,1.027869433164596558e-01,-5.177149549126625061e-03,-6.808688491582870483e-02,3.941280543804168701e-01,-2.240489274263381958e-01,-1.078746557235717773e+00,-2.214444726705551147e-01,-6.386661529541015625e-02,-3.843214213848114014e-01,3.488202989101409912e-01,-1.060647726058959961e+00,2.456588745117187500e-01
5.825556814670562744e-02,4.808724522590637207e-01,6.649451255798339844e-01,-1.046939069055952132e-04,1.209471258334815502e-03,-7.169396281242370605e-01,6.971341967582702637e-01,-1.552147269248962402e-01,-1.268564374186098576e-03,8.336880803108215332e-02,3.017737865447998047e-01,-2.098225504159927368e-01,-9.577937424182891846e-02,-1.318785995244979858e-01,9.305936284363269806e-03,1.735602617263793945e-01,2.926945388317108154e-01,-1.589656174182891846e-01,1.023215204477310181e-01,-4.623276647180318832e-03,-6.748334318399429321e-02,3.954663276672363281e-01,-2.246216535568237305e-01,-1.077035069465637207e+00,-2.218059003353118896e-01,-6.348150223493576050e-02,-3.836938142776489258e-01,3.486899733543395996e-01,-1.059935569763183594e+00,2.448192983865737915e-01
5.786183848977088928e-02,4.809063076972961426e-01,6.649098396301269531e-01,-4.698090197052806616e-05,2.046442590653896332e-03,-7.168365120887756348e-01,6.972382664680480957e-01,-1.566663980484008789e-01,-1.268564374186098576e-03,8.311262726783752441e-02,3.024156987667083740e-01,-2.097233235836029053e-01,-9.617207199335098267e-02,-1.323602050542831421e-01,9.305936284363269806e-03,1.723346859216690063e-01,2.921754419803619385e-01,-1.591464728116989136e-01,1.018470302224159241e-01,-4.074579104781150818e-03,-6.698299199342727661e-02,3.967596292495727539e-01,-2.251828610897064209e-01,-1.075356721878051758e+00,-2.221674323081970215e-01,-6.320874392986297607e-02,-3.830893039703369141e-01,3.485982418060302734e-01,-1.059257626533508301e+00,2.439222484827041626e-01
5.748479068279266357e-02,4.809823930263519287e-01,6.648614406585693359e-01,1.455760357202962041e-04,2.888491610065102577e-03,-7.167935967445373535e-01,6.972795724868774414e-01,-1.581747233867645264e-01,-1.268564374186098576e-03,8.285643160343170166e-02,3.028369247913360596e-01,-2.094960808753967285e-01,-9.646359086036682129e-02,-1.330929398536682129e-01,9.305936284363269806e-03,1.711089015007019043e-01,2.917128801345825195e-01,-1.593388020992279053e-01,1.013601273298263550e-01,-3.582396078854799271e-03,-6.676349043846130371e-02,3.978211879730224609e-01,-2.257034480571746826e-01,-1.073793053627014160e+00,-2.225483655929565430e-01,-6.322540342807769775e-02,-3.825796842575073242e-01,3.486198186874389648e-01,-1.058729648590087891e+00,2.428934872150421143e-01
5.712003260850906372e-02,4.810673594474792480e-01,6.648102998733520508e-01,3.707127762027084827e-04,3.698828630149364471e-03,-7.167631387710571289e-01,6.973068118095397949e-01,-1.596901863813400269e-01,-1.268564374186098576e-03,8.260025084018707275e-02,3.031990230083465576e-01,-2.092421352863311768e-01,-9.671732783317565918e-02,-1.338992118835449219e-01,9.305936284363269806e-03,1.698831170797348022e-01,2.912843823432922363e-01,-1.595370769500732422e-01,1.008744016289710999e-01,-3.120259614661335945e-03,-6.662786006927490234e-02,3.987827301025390625e-01,-2.262172400951385498e-01,-1.072267055511474609e+00,-2.229383140802383423e-01,-6.332131475210189819e-02,-3.821066021919250488e-01,3.486776649951934814e-01,-1.058255195617675781e+00,2.418394535779953003e-01
5.677989125251770020e-02,4.811701476573944092e-01,6.647536754608154297e-01,6.610049167647957802e-04,4.445729311555624008e-03,-7.167584300041198730e-01,6.973070502281188965e-01,-1.612199246883392334e-01,-1.268564374186098576e-03,8.234405517578125000e-02,3.034429550170898438e-01,-2.089347839355468750e-01,-9.689551591873168945e-02,-1.348525285720825195e-01,9.305936284363269806e-03,1.686573624610900879e-01,2.909241318702697754e-01,-1.597471684217453003e-01,1.003910377621650696e-01,-2.718224423006176949e-03,-6.665996462106704712e-02,3.995443284511566162e-01,-2.267173975706100464e-01,-1.070816755294799805e+00,-2.233462929725646973e-01,-6.357575207948684692e-02,-3.817065954208374023e-01,3.488081097602844238e-01,-1.057888150215148926e+00,2.407348752021789551e-01
5.647412315011024475e-02,4.812794923782348633e-01,6.646936535835266113e-01,1.032950589433312416e-03,5.172845441848039627e-03,-7.167673707008361816e-01,6.972925066947937012e-01,-1.627251207828521729e-01,-1.268564374186098576e-03,8.208787441253662109e-02,3.035888671875000000e-01,-2.086024582386016846e-01,-9.699724614620208740e-02,-1.359130293130874634e-01,9.305936284363269806e-03,1.674315780401229858e-01,2.906454205513000488e-01,-1.599705517292022705e-01,9.992076456546783447e-02,-2.391160000115633011e-03,-6.683598458766937256e-02,4.000849127769470215e-01,-2.272256165742874146e-01,-1.069437026977539062e+00,-2.237672656774520874e-01,-6.395325064659118652e-02,-3.813810646533966064e-01,3.490037620067596436e-01,-1.057617902755737305e+00,2.396213114261627197e-01
5.618555098772048950e-02,4.813920557498931885e-01,6.646319031715393066e-01,1.445725210942327976e-03,5.890070460736751556e-03,-7.167825698852539062e-01,6.972703933715820312e-01,-1.642180830240249634e-01,-1.268564374186098576e-03,8.183168619871139526e-02,3.036857545375823975e-01,-2.082576006650924683e-01,-9.706075489521026611e-02,-1.370270997285842896e-01,9.305936284363269806e-03,1.662057936191558838e-01,2.904074490070343018e-01,-1.602005362510681152e-01,9.945704042911529541e-02,-2.101579448208212852e-03,-6.708395481109619141e-02,4.005150496959686279e-01,-2.277378737926483154e-01,-1.068092584609985352e+00,-2.241947203874588013e-01,-6.439229100942611694e-02,-3.810927867889404297e-01,3.492320179939270020e-01,-1.057396054267883301e+00,2.385032624006271362e-01
5.595733970403671265e-02,4.814974069595336914e-01,6.645703315734863281e-01,2.288402989506721497e-03,6.866225041449069977e-03,-7.168048024177551270e-01,6.972362995147705078e-01,-1.656048595905303955e-01,-1.268564374186098576e-03,8.157549798488616943e-02,3.036602735519409180e-01,-2.079126983880996704e-01,-9.701833128929138184e-02,-1.382241696119308472e-01,9.305936284363269806e-03,1.649800240993499756e-01,2.902902662754058838e-01,-1.604486107826232910e-01,9.902798384428024292e-02,-1.933079445734620094e-03,-6.750325113534927368e-02,4.006213545799255371e-01,-2.282924801111221313e-01,-1.066849470138549805e+00,-2.246188074350357056e-01,-6.496361643075942993e-02,-3.809062242507934570e-01,3.495395481586456299e-01,-1.057288885116577148e+00,2.374305129051208496e-01
5.574954301118850708e-02,4.815952777862548828e-01,6.645091772079467773e-01,3.157851751893758774e-03,7.812214549630880356e-03,-7.168286442756652832e-01,6.971985101699829102e-01,-1.669337898492813110e-01,-1.268564374186098576e-03,8.131930232048034668e-02,3.036031126976013184e-01,-2.075786739587783813e-01,-9.694622457027435303e-02,-1.394214779138565063e-01,9.305936284363269806e-03,1.637542247772216797e-01,2.902083396911621094e-01,-1.607012301683425903e-01,9.861475229263305664e-02,-1.803280203603208065e-03,-6.796232610940933228e-02,4.006343483924865723e-01,-2.288668155670166016e-01,-1.065640449523925781e+00,-2.250303626060485840e-01,-6.556257605552673340e-02,-3.807468414306640625e-01,3.498656749725341797e-01,-1.057208299636840820e+00,2.363882958889007568e-01
5.558254942297935486e-02,4.816780686378479004e-01,6.644487380981445312e-01,4.080861806869506836e-03,8.697903715074062347e-03,-7.168566584587097168e-01,6.971543431282043457e-01,-1.681470274925231934e-01,-1.268564374186098576e-03,8.106312155723571777e-02,3.034824430942535400e-01,-2.072664052248001099e-01,-9.681475907564163208e-02,-1.406193077564239502e-01,9.305936284363269806e-03,1.625284552574157715e-01,2.901968657970428467e-01,-1.609629541635513306e-01,9.823314845561981201e-02,-1.750879455357789993e-03,-6.850095838308334351e-02,4.004606306552886963e-01,-2.294805943965911865e-01,-1.064499855041503906e+00,-2.254168987274169922e-01,-6.621681153774261475e-02,-3.806418776512145996e-01,3.502290844917297363e-01,-1.057180643081665039e+00,2.354070693254470825e-01
5.545312911272048950e-02,4.817376136779785156e-01,6.643925905227661133e-01,4.388523753732442856e-03,8.993123658001422882e-03,-7.168657779693603516e-01,6.971393823623657227e-01,-1.692087054252624512e-01,-1.268564374186098576e-03,8.080692589282989502e-02,3.033202886581420898e-01,-2.069938480854034424e-01,-9.663809835910797119e-02,-1.417682915925979614e-01,9.305936284363269806e-03,1.613026857376098633e-01,2.902427315711975098e-01,-1.612300574779510498e-01,9.788949787616729736e-02,-1.765312161296606064e-03,-6.908338516950607300e-02,4.001478552818298340e-01,-2.301325201988220215e-01,-1.063432097434997559e+00,-2.257522940635681152e-01,-6.689681112766265869e-02,-3.805739879608154297e-01,3.506144285202026367e-01,-1.057184576988220215e+00,2.345057427883148193e-01
5.534248799085617065e-02,4.817855060100555420e-01,6.643385291099548340e-01,4.388523753732442856e-03,8.993123658001422882e-03,-7.168657779693603516e-01,6.971393823623657227e-01,-1.701945960521697998e-01,-1.268564374186098576e-03,8.055074512958526611e-02,3.031373918056488037e-01,-2.067411392927169800e-01,-9.643884748220443726e-02,-1.428928077220916748e-01,9.305936284363269806e-03,1.600769311189651489e-01,2.903172671794891357e-01,-1.614998877048492432e-01,9.756479412317276001e-02,-1.813160488381981850e-03,-6.968769431114196777e-02,3.997655510902404785e-01,-2.308035045862197876e-01,-1.062400698661804199e+00,-2.260621339082717896e-01,-6.758968532085418701e-02,-3.805246651172637939e-01,3.510106801986694336e-01,-1.057204484939575195e+00,2.336443662643432617e-01
5.527888983488082886e-02,4.817905426025390625e-01,6.642931103706359863e-01,5.159485153853893280e-03,9.439351037144660950e-03,-7.169434428215026855e-01,6.970483660697937012e-01,-1.709199547767639160e-01,-1.268564374186098576e-03,8.029454946517944336e-02,3.029300868511199951e-01,-2.065677195787429810e-01,-9.619286656379699707e-02,-1.438880264759063721e-01,9.305936284363269806e-03,1.588511466979980469e-01,2.904616296291351318e-01,-1.617729365825653076e-01,9.730233997106552124e-02,-1.937739085406064987e-03,-7.030957192182540894e-02,3.992613554000854492e-01,-2.315113246440887451e-01,-1.061486244201660156e+00,-2.262587249279022217e-01,-6.828399747610092163e-02,-3.805046677589416504e-01,3.514224886894226074e-01,-1.057247400283813477e+00,2.329122424125671387e-01
5.522747337818145752e-02,4.817801713943481445e-01,6.642502546310424805e-01,5.897689145058393478e-03,9.885910898447036743e-03,-7.170564532279968262e-01,6.969200372695922852e-01,-1.715550720691680908e-01,-1.268564374186098576e-03,8.003836125135421753e-02,3.027275800704956055e-01,-2.064246088266372681e-01,-9.593698382377624512e-02,-1.448293030261993408e-01,9.305936284363269806e-03,1.576253622770309448e-01,2.906268239021301270e-01,-1.620460897684097290e-01,9.706094861030578613e-02,-2.078694058582186699e-03,-7.092514634132385254e-02,3.987459540367126465e-01,-2.322202026844024658e-01,-1.060612201690673828e+00,-2.264085710048675537e-01,-6.896913051605224609e-02,-3.804871439933776855e-01,3.518366515636444092e-01,-1.057292699813842773e+00,2.322209477424621582e-01
5.520042777061462402e-02,4.817389249801635742e-01,6.642124652862548828e-01,5.897689145058393478e-03,9.885910898447036743e-03,-7.170564532279968262e-01,6.969200372695922852e-01,-1.720096617937088013e-01,-1.268564374186098576e-03,7.978218048810958862e-02,3.025347590446472168e-01,-2.063421308994293213e-01,-9.566129744052886963e-02,-1.456627398729324341e-01,9.305936284363269806e-03,1.563995778560638428e-01,2.908336818218231201e-01,-1.623194217681884766e-01,9.686168283224105835e-02,-2.252399222925305367e-03,-7.152811437845230103e-02,3.982083201408386230e-01,-2.329312413930892944e-01,-1.059819102287292480e+00,-2.264648824930191040e-01,-6.963590532541275024e-02,-3.804745674133300781e-01,3.522554039955139160e-01,-1.057342648506164551e+00,2.316113263368606567e-01
5.519107729196548462e-02,4.816676974296569824e-01,6.641796827316284180e-01,6.397898774594068527e-03,1.017229538410902023e-02,-7.172238230705261230e-01,6.967392563819885254e-01,-1.722915619611740112e-01,-1.268564374186098576e-03,7.952599227428436279e-02,3.023758530616760254e-01,-2.063228040933609009e-01,-9.537269920110702515e-02,-1.463830322027206421e-01,9.305936284363269806e-03,1.551738083362579346e-01,2.910849153995513916e-01,-1.625928878784179688e-01,9.670241177082061768e-02,-2.440377604216337204e-03,-7.210373133420944214e-02,3.977008461952209473e-01,-2.336184233427047729e-01,-1.059105753898620605e+00,-2.264190763235092163e-01,-7.027061283588409424e-02,-3.804578185081481934e-01,3.526787757873535156e-01,-1.057391166687011719e+00,2.310720384120941162e-01
5.519056692719459534e-02,4.815813899040222168e-01,6.641493439674377441e-01,6.638261489570140839e-03,1.015553250908851624e-02,-7.174605131149291992e-01,6.964935064315795898e-01,-1.724871248006820679e-01,-1.268564374186098576e-03,7.926980406045913696e-02,3.022339344024658203e-01,-2.063350528478622437e-01,-9.507764875888824463e-02,-1.470467299222946167e-01,9.305936284363269806e-03,1.539480239152908325e-01,2.913582921028137207e-01,-1.628663986921310425e-01,9.656315296888351440e-02,-2.635490847751498222e-03,-7.266566902399063110e-02,3.972084522247314453e-01,-2.342936843633651733e-01,-1.058432221412658691e+00,-2.263222187757492065e-01,-7.088928669691085815e-02,-3.804390430450439453e-01,3.531044721603393555e-01,-1.057439088821411133e+00,2.305679023265838623e-01
5.520799756050109863e-02,4.814553856849670410e-01,6.641274094581604004e-01,6.638261489570140839e-03,1.015553250908851624e-02,-7.174605131149291992e-01,6.964935064315795898e-01,-1.724539101123809814e-01,-1.268564374186098576e-03,7.901361584663391113e-02,3.021743595600128174e-01,-2.064394950866699219e-01,-9.476620703935623169e-02,-1.475538909435272217e-01,9.305936284363269806e-03,1.527222394943237305e-01,2.917122244834899902e-01,-1.631428003311157227e-01,9.647729992866516113e-02,-2.827559132128953934e-03,-7.317767292261123657e-02,3.968208432197570801e-01,-2.348970025777816772e-01,-1.057869434356689453e+00,-2.260751575231552124e-01,-7.144701480865478516e-02,-3.804107010364532471e-01,3.535418510437011719e-01,-1.057481765747070312e+00,2.301496863365173340e-01
5.522912740707397461e-02,4.813190102577209473e-01,6.641076207160949707e-01,6.889481097459793091e-03,1.016950979828834534e-02,-7.177671194076538086e-01,6.961749196052551270e-01,-1.723589897155761719e-01,-1.268564374186098576e-03,7.875742018222808838e-02,3.021509349346160889e-01,-2.065726369619369507e-01,-9.444849938154220581e-02,-1.480182260274887085e-01,9.305936284363269806e-03,1.514964699745178223e-01,2.920996546745300293e-01,-1.634217798709869385e-01,9.640630334615707397e-02,-3.012331668287515640e-03,-7.367325574159622192e-02,3.964800238609313965e-01,-2.354672551155090332e-01,-1.057338953018188477e+00,-2.257839143276214600e-01,-7.198223471641540527e-02,-3.803813457489013672e-01,3.539843857288360596e-01,-1.057522892951965332e+00,2.297549545764923096e-01
5.525765568017959595e-02,4.811618924140930176e-01,6.640921831130981445e-01,6.889481097459793091e-03,1.016950979828834534e-02,-7.177671194076538086e-01,6.961749196052551270e-01,-1.721406430006027222e-01,-1.268564374186098576e-03,7.850123941898345947e-02,3.021998703479766846e-01,-2.067631930112838745e-01,-9.411828219890594482e-02,-1.483969092369079590e-01,9.305936284363269806e-03,1.502706855535507202e-01,2.925539612770080566e-01,-1.637059301137924194e-01,9.636500477790832520e-02,-3.182510146871209145e-03,-7.413600385189056396e-02,3.962326943874359131e-01,-2.359713912010192871e-01,-1.056873202323913574e+00,-2.254042625427246094e-01,-7.247243076562881470e-02,-3.803499937057495117e-01,3.544373512268066406e-01,-1.057561039924621582e+00,2.294072210788726807e-01
5.529139190912246704e-02,4.809906184673309326e-01,6.640790700912475586e-01,6.944474764168262482e-03,1.013306342065334320e-02,-7.181432247161865234e-01,6.957870125770568848e-01,-1.718330681324005127e-01,-1.268564374186098576e-03,7.824505120515823364e-02,3.023352026939392090e-01,-2.070063799619674683e-01,-9.377272427082061768e-02,-1.487134099006652832e-01,9.305879473686218262e-03,1.490449011325836182e-01,2.930879890918731689e-01,-1.639990359544754028e-01,9.634684771299362183e-02,-3.330835374072194099e-03,-7.456906884908676147e-02,3.960867524147033691e-01,-2.363996803760528564e-01,-1.056461572647094727e+00,-2.249550819396972656e-01,-7.291617244482040405e-02,-3.803257942199707031e-01,3.548992276191711426e-01,-1.057598590850830078e+00,2.291018366813659668e-01
5.532773211598396301e-02,4.808123111724853516e-01,6.640669107437133789e-01,6.996553391218185425e-03,1.008377037942409515e-02,-7.185817360877990723e-01,6.953341960906982422e-01,-1.714808940887451172e-01,-1.268564374186098576e-03,7.798886299133300781e-02,3.025138080120086670e-01,-2.072758674621582031e-01,-9.341949969530105591e-02,-1.489988267421722412e-01,9.305794723331928253e-03,1.478191316127777100e-01,2.936618626117706299e-01,-1.642965972423553467e-01,9.634025394916534424e-02,-3.468234324827790260e-03,-7.498729228973388672e-02,3.959914445877075195e-01,-2.367900162935256958e-01,-1.056076884269714355e+00,-2.244711071252822876e-01,-7.333669066429138184e-02,-3.803051412105560303e-01,3.553655445575714111e-01,-1.057635903358459473e+00,2.288175821304321289e-01
5.536958575248718262e-02,4.806233048439025879e-01,6.640554666519165039e-01,6.996553391218185425e-03,1.008377037942409515e-02,-7.185817360877990723e-01,6.953341960906982422e-01,-1.710482537746429443e-01,-1.268564374186098576e-03,7.773266732692718506e-02,3.028367757797241211e-01,-2.076168656349182129e-01,-9.304068237543106079e-02,-1.492254287004470825e-01,9.305283427238464355e-03,1.465933471918106079e-01,2.943662405014038086e-01,-1.646122485399246216e-01,9.635871648788452148e-02,-3.570830216631293297e-03,-7.536447048187255859e-02,3.960399627685546875e-01,-2.370652854442596436e-01,-1.055758595466613770e+00,-2.239165306091308594e-01,-7.368819415569305420e-02,-3.803121745586395264e-01,3.558336198329925537e-01,-1.057677745819091797e+00,2.285992056131362915e-01
5.541269108653068542e-02,4.804342389106750488e-01,6.640425920486450195e-01,6.967118941247463226e-03,9.937997907400131226e-03,-7.190712094306945801e-01,6.948304176330566406e-01,-1.706053316593170166e-01,-1.268564374186098576e-03,7.747648656368255615e-02,3.032096624374389648e-01,-2.079789936542510986e-01,-9.265398234128952026e-02,-1.494415849447250366e-01,9.303987026214599609e-03,1.453675925731658936e-01,2.951128482818603516e-01,-1.649345308542251587e-01,9.638273715972900391e-02,-3.663806244730949402e-03,-7.572762668132781982e-02,3.961287736892700195e-01,-2.373055517673492432e-01,-1.055458664894104004e+00,-2.233498245477676392e-01,-7.401743531227111816e-02,-3.803337216377258301e-01,3.562951683998107910e-01,-1.057723402976989746e+00,2.284058779478073120e-01
5.545829981565475464e-02,4.802449345588684082e-01,6.640270352363586426e-01,6.967118941247463226e-03,9.937997907400131226e-03,-7.190712094306945801e-01,6.948304176330566406e-01,-1.701418608427047729e-01,-1.268564374186098576e-03,7.722029834985733032e-02,3.036825060844421387e-01,-2.083833664655685425e-01,-9.225152432918548584e-02,-1.496368646621704102e-01,9.301118552684783936e-03,1.441417932510375977e-01,2.959439754486083984e-01,-1.652701050043106079e-01,9.641789644956588745e-02,-3.737545805051922798e-03,-7.606273889541625977e-02,3.962982892990112305e-01,-2.374758124351501465e-01,-1.055195450782775879e+00,-2.227588295936584473e-01,-7.430219650268554688e-02,-3.803842961788177490e-01,3.567437529563903809e-01,-1.057776927947998047e+00,2.282626628875732422e-01
5.550575256347656250e-02,4.800612926483154297e-01,6.640059947967529297e-01,6.753388792276382446e-03,9.650068357586860657e-03,-7.195894718170166016e-01,6.942998170852661133e-01,-1.696850359439849854e-01,-1.268564374186098576e-03,7.696411013603210449e-02,3.042499423027038574e-01,-2.088228315114974976e-01,-9.183836728334426880e-02,-1.498224288225173950e-01,9.293444454669952393e-03,1.429162919521331787e-01,2.968445718288421631e-01,-1.656173020601272583e-01,9.645985066890716553e-02,-3.799789119511842728e-03,-7.636556029319763184e-02,3.965281546115875244e-01,-2.375881373882293701e-01,-1.054964184761047363e+00,-2.221640944480895996e-01,-7.454448938369750977e-02,-3.804711997509002686e-01,3.571609258651733398e-01,-1.057844042778015137e+00,2.281767725944519043e-01
5.555412545800209045e-02,4.798805415630340576e-01,6.639822721481323242e-01,6.479564122855663300e-03,9.300722740590572357e-03,-7.201082110404968262e-01,6.937691569328308105e-01,-1.692315042018890381e-01,-1.268564374186098576e-03,7.670792192220687866e-02,3.048647046089172363e-01,-2.092798501253128052e-01,-9.141986072063446045e-02,-1.500031352043151855e-01,9.283366613090038300e-03,1.416908949613571167e-01,2.977798879146575928e-01,-1.659703254699707031e-01,9.650520980358123779e-02,-3.856284776702523232e-03,-7.665224373340606689e-02,3.967881798744201660e-01,-2.376714795827865601e-01,-1.054748892784118652e+00,-2.215674668550491333e-01,-7.476555556058883667e-02,-3.805762529373168945e-01,3.575623929500579834e-01,-1.057917833328247070e+00,2.281195521354675293e-01
5.560482293367385864e-02,4.797150492668151855e-01,6.639469265937805176e-01,6.479564122855663300e-03,9.300722740590572357e-03,-7.201082110404968262e-01,6.937691569328308105e-01,-1.688160598278045654e-01,-1.268564374186098576e-03,7.645173370838165283e-02,3.055961728096008301e-01,-2.097736895084381104e-01,-9.099752455949783325e-02,-1.501745581626892090e-01,9.259005077183246613e-03,1.404651552438735962e-01,2.987776398658752441e-01,-1.663318574428558350e-01,9.655641019344329834e-02,-3.909689839929342270e-03,-7.688050717115402222e-02,3.971070051193237305e-01,-2.376901209354400635e-01,-1.054575443267822266e+00,-2.209903597831726074e-01,-7.492667436599731445e-02,-3.807393014430999756e-01,3.578882813453674316e-01,-1.058021426200866699e+00,2.281549721956253052e-01
5.565571412444114685e-02,4.795562028884887695e-01,6.639088392257690430e-01,6.485049147158861160e-03,9.217102080583572388e-03,-7.205922007560729980e-01,6.932675242424011230e-01,-1.684180498123168945e-01,-1.268564374186098576e-03,7.619554549455642700e-02,3.063521385192871094e-01,-2.102724909782409668e-01,-9.057872742414474487e-02,-1.503415256738662720e-01,9.232788346707820892e-03,1.392365843057632446e-01,2.997774481773376465e-01,-1.666942834854125977e-01,9.660872071981430054e-02,-3.966228105127811432e-03,-7.708597928285598755e-02,3.974358439445495605e-01,-2.376947700977325439e-01,-1.054411053657531738e+00,-2.204260528087615967e-01,-7.506940513849258423e-02,-3.809201419353485107e-01,3.581812679767608643e-01,-1.058138012886047363e+00,2.282205522060394287e-01
5.570697039365768433e-02,4.794105887413024902e-01,6.638653278350830078e-01,6.485049147158861160e-03,9.217102080583572388e-03,-7.205922007560729980e-01,6.932675242424011230e-01,-1.680549532175064087e-01,-1.268564374186098576e-03,7.593935728073120117e-02,3.071570992469787598e-01,-2.107812166213989258e-01,-9.016700088977813721e-02,-1.504995822906494141e-01,9.202859364449977875e-03,1.380023509263992310e-01,3.007813692092895508e-01,-1.670583933591842651e-01,9.666325896978378296e-02,-4.029032308608293533e-03,-7.724589109420776367e-02,3.977845907211303711e-01,-2.376714348793029785e-01,-1.054264664649963379e+00,-2.198874056339263916e-01,-7.517533749341964722e-02,-3.811365962028503418e-01,3.584085702896118164e-01,-1.058280348777770996e+00,2.283464819192886353e-01
5.575728416442871094e-02,4.792798161506652832e-01,6.638197898864746094e-01,6.286341231316328049e-03,8.946251124143600464e-03,-7.210243940353393555e-01,6.928234100341796875e-01,-1.677282154560089111e-01,-1.268564374186098576e-03,7.568316906690597534e-02,3.079727590084075928e-01,-2.112816274166107178e-01,-8.977168053388595581e-02,-1.506470739841461182e-01,9.225075133144855499e-03,1.367437392473220825e-01,3.017541468143463135e-01,-1.674306541681289673e-01,9.671056270599365234e-02,-4.103176295757293701e-03,-7.735643535852432251e-02,3.981373906135559082e-01,-2.376350164413452148e-01,-1.054109573364257812e+00,-2.193843126296997070e-01,-7.524769753217697144e-02,-3.813790082931518555e-01,3.585588335990905762e-01,-1.058444142341613770e+00,2.285186499357223511e-01
5.580713599920272827e-02,4.791564941406250000e-01,6.637733578681945801e-01,6.080724298954010010e-03,8.693646639585494995e-03,-7.213883996009826660e-01,6.924494504928588867e-01,-1.674196869134902954e-01,-1.268564374186098576e-03,7.542698085308074951e-02,3.087938129901885986e-01,-2.117778807878494263e-01,-8.938457071781158447e-02,-1.507892757654190063e-01,9.273364208638668060e-03,1.354729086160659790e-01,3.027113974094390869e-01,-1.678069829940795898e-01,9.675424546003341675e-02,-4.182991571724414825e-03,-7.744230329990386963e-02,3.984922170639038086e-01,-2.375920414924621582e-01,-1.053949952125549316e+00,-2.188989967107772827e-01,-7.530325651168823242e-02,-3.816344141960144043e-01,3.586705327033996582e-01,-1.058618783950805664e+00,2.287139743566513062e-01
5.585353821516036987e-02,4.790557026863098145e-01,6.637291908264160156e-01,6.080724298954010010e-03,8.693646639585494995e-03,-7.213883996009826660e-01,6.924494504928588867e-01,-1.671600043773651123e-01,-1.268564374186098576e-03,7.517284154891967773e-02,3.095697164535522461e-01,-2.122333496809005737e-01,-8.903393894433975220e-02,-1.509131789207458496e-01,9.621864184737205505e-03,1.341471970081329346e-01,3.035747408866882324e-01,-1.682315915822982788e-01,9.682296216487884521e-02,-4.280751571059226990e-03,-7.745609432458877563e-02,3.988343477249145508e-01,-2.375474572181701660e-01,-1.053734898567199707e+00,-2.184775471687316895e-01,-7.531522214412689209e-02,-3.819085955619812012e-01,3.586646318435668945e-01,-1.058812737464904785e+00,2.289474308490753174e-01
5.589812621474266052e-02,4.789623916149139404e-01,6.636877655982971191e-01,5.696659907698631287e-03,8.265319280326366425e-03,-7.216870188713073730e-01,6.921467185020446777e-01,-1.669182479381561279e-01,-1.264111953787505627e-03,7.492122054100036621e-02,3.103144764900207520e-01,-2.126752883195877075e-01,-8.869386464357376099e-02,-1.510682702064514160e-01,1.014320924878120422e-02,1.327494382858276367e-01,3.044554591178894043e-01,-1.686957925558090210e-01,9.684400260448455811e-02,-4.382624290883541107e-03,-7.744397968053817749e-02,3.991604149341583252e-01,-2.375152856111526489e-01,-1.053463459014892578e+00,-2.180846929550170898e-01,-7.531019300222396851e-02,-3.821804523468017578e-01,3.586127161979675293e-01,-1.058988928794860840e+00,2.291583120822906494e-01
5.593907088041305542e-02,4.788840115070343018e-01,6.636519432067871094e-01,5.696659907698631287e-03,8.265319280326366425e-03,-7.216870188713073730e-01,6.921467185020446777e-01,-1.667123883962631226e-01,-1.250754692591726780e-03,7.467463612556457520e-02,3.109969794750213623e-01,-2.130902111530303955e-01,-8.837487548589706421e-02,-1.512857675552368164e-01,1.101025566458702087e-02,1.312075704336166382e-01,3.053708374500274658e-01,-1.692391782999038696e-01,9.676970541477203369e-02,-4.492722451686859131e-03,-7.738006114959716797e-02,3.994544446468353271e-01,-2.375079393386840820e-01,-1.053079366683959961e+00,-2.177489697933197021e-01,-7.527116686105728149e-02,-3.824476599693298340e-01,3.584687113761901855e-01,-1.059129953384399414e+00,2.293241322040557861e-01
5.597496777772903442e-02,4.788212180137634277e-01,6.636247038841247559e-01,5.587735679000616074e-03,8.196088485419750214e-03,-7.219261527061462402e-01,6.918990015983581543e-01,-1.665391623973846436e-01,-1.228492241352796555e-03,7.443991303443908691e-02,3.115930557250976562e-01,-2.134675383567810059e-01,-8.808143436908721924e-02,-1.518116593360900879e-01,1.242110598832368851e-02,1.294506043195724487e-01,3.063875734806060791e-01,-1.699398159980773926e-01,9.626767039299011230e-02,-4.603856243193149567e-03,-7.727813720703125000e-02,3.997076153755187988e-01,-2.376239895820617676e-01,-1.052414894104003906e+00,-2.175604552030563354e-01,-7.517042756080627441e-02,-3.826914429664611816e-01,3.581335246562957764e-01,-1.059119462966918945e+00,2.292589098215103149e-01
5.600833892822265625e-02,4.787662625312805176e-01,6.636018157005310059e-01,5.562945269048213959e-03,8.252039551734924316e-03,-7.221305966377258301e-01,6.916852593421936035e-01,-1.663822233676910400e-01,-1.201777602545917034e-03,7.421112060546875000e-02,3.121459484100341797e-01,-2.138260304927825928e-01,-8.780076354742050171e-02,-1.524917334318161011e-01,1.410383637994527817e-02,1.275861114263534546e-01,3.074550032615661621e-01,-1.707190424203872681e-01,9.555176645517349243e-02,-4.715505056083202362e-03,-7.715721428394317627e-02,3.999403417110443115e-01,-2.378017306327819824e-01,-1.051610350608825684e+00,-2.174455523490905762e-01,-7.503883540630340576e-02,-3.829235136508941650e-01,3.577027320861816406e-01,-1.059033393859863281e+00,2.290781438350677490e-01
5.603340268135070801e-02,4.787367582321166992e-01,6.635913848876953125e-01,5.562945269048213959e-03,8.252039551734924316e-03,-7.221305966377258301e-01,6.916852593421936035e-01,-1.663910597562789917e-01,-1.109545701183378696e-03,7.401522994041442871e-02,3.126761317253112793e-01,-2.143313586711883545e-01,-8.742675185203552246e-02,-1.554932445287704468e-01,1.666563563048839569e-02,1.253243237733840942e-01,3.083603978157043457e-01,-1.707878112792968750e-01,9.354710578918457031e-02,-4.917293787002563477e-03,-7.679547369480133057e-02,4.000476598739624023e-01,-2.383995652198791504e-01,-1.049989819526672363e+00,-2.178386449813842773e-01,-7.471761107444763184e-02,-3.830655217170715332e-01,3.566808700561523438e-01,-1.058398604393005371e+00,2.280523777008056641e-01
5.605562031269073486e-02,4.787124395370483398e-01,6.635832190513610840e-01,5.371142178773880005e-03,8.123143576085567474e-03,-7.223151326179504395e-01,6.914955377578735352e-01,-1.666336506605148315e-01,-9.584954241290688515e-04,7.371896505355834961e-02,3.132704496383666992e-01,-2.150280773639678955e-01,-8.705168962478637695e-02,-1.602115631103515625e-01,1.950654573738574982e-02,1.229029446840286255e-01,3.090326488018035889e-01,-1.699165254831314087e-01,9.093441069126129150e-02,-5.269841291010379791e-03,-7.637465000152587891e-02,4.001356959342956543e-01,-2.392180263996124268e-01,-1.047932982444763184e+00,-2.185304015874862671e-01,-7.427396625280380249e-02,-3.831536173820495605e-01,3.553326129913330078e-01,-1.057430148124694824e+00,2.265128195285797119e-01
5.607216432690620422e-02,4.786983728408813477e-01,6.635800600051879883e-01,5.371142178773880005e-03,8.123143576085567474e-03,-7.223151326179504395e-01,6.914955377578735352e-01,-1.673437207937240601e-01,-6.898164865560829639e-04,7.322196662425994873e-02,3.139930665493011475e-01,-2.161075174808502197e-01,-8.667454868555068970e-02,-1.683632731437683105e-01,2.290556021034717560e-02,1.201625093817710876e-01,3.092385530471801758e-01,-1.671652197837829590e-01,8.710578829050064087e-02,-5.923886783421039581e-03,-7.583568990230560303e-02,4.001852273941040039e-01,-2.404777556657791138e-01,-1.045003771781921387e+00,-2.198194265365600586e-01,-7.358551025390625000e-02,-3.831339776515960693e-01,3.533316850662231445e-01,-1.055794596672058105e+00,2.239457368850708008e-01
5.614857375621795654e-02,4.786098003387451172e-01,6.635178327560424805e-01,5.047431215643882751e-03,7.841994985938072205e-03,-7.224582433700561523e-01,6.913517713546752930e-01,-1.688654124736785889e-01,-1.130926830228418112e-04,7.238373160362243652e-02,3.149745464324951172e-01,-2.179251164197921753e-01,-8.630955219268798828e-02,-1.808801591396331787e-01,2.664604038000106812e-02,1.170532554388046265e-01,3.080815076828002930e-01,-1.608842015266418457e-01,8.116999268531799316e-02,-7.023852318525314331e-03,-7.520625740289688110e-02,4.002890586853027344e-01,-2.423132061958312988e-01,-1.040762186050415039e+00,-2.219569385051727295e-01,-7.247965037822723389e-02,-3.829417526721954346e-01,3.503923714160919189e-01,-1.053070783615112305e+00,2.197817564010620117e-01
5.625490471720695496e-02,4.784839451313018799e-01,6.634262204170227051e-01,4.883194807916879654e-03,7.771096192300319672e-03,-7.226239442825317383e-01,6.911805272102355957e-01,-1.707929223775863647e-01,6.176505703479051590e-04,7.137487828731536865e-02,3.160854876041412354e-01,-2.201118171215057373e-01,-8.595062792301177979e-02,-1.955796182155609131e-01,3.055725432932376862e-02,1.137595921754837036e-01,3.062429428100585938e-01,-1.528383195400238037e-01,7.418064028024673462e-02,-8.346773684024810791e-03,-7.453159242868423462e-02,4.004200696945190430e-01,-2.444365322589874268e-01,-1.035864472389221191e+00,-2.245187014341354370e-01,-7.116509228944778442e-02,-3.826632499694824219e-01,3.469838201999664307e-01,-1.049802780151367188e+00,2.148193418979644775e-01
5.605651438236236572e-02,4.779768586158752441e-01,6.630669236183166504e-01,4.827084485441446304e-03,7.827986963093280792e-03,-7.218119502067565918e-01,6.920281648635864258e-01,-1.744508147239685059e-01,2.081797691062092781e-03,6.977674365043640137e-02,3.180135488510131836e-01,-2.241798192262649536e-01,-8.561618626117706299e-02,-2.181511521339416504e-01,3.455855324864387512e-02,1.102830842137336731e-01,3.020240664482116699e-01,-1.393421292304992676e-01,6.436353921890258789e-02,-1.049338001757860184e-02,-7.367099821567535400e-02,4.008214175701141357e-01,-2.473642826080322266e-01,-1.029209971427917480e+00,-2.283091545104980469e-01,-6.926218420267105103e-02,-3.821398615837097168e-01,3.422546386718750000e-01,-1.045021533966064453e+00,2.076178491115570068e-01
5.573326721787452698e-02,4.772489070892333984e-01,6.625944972038269043e-01,5.064086522907018661e-03,8.242497220635414124e-03,-7.207801938056945801e-01,6.930962800979614258e-01,-1.789263635873794556e-01,3.878887742757797241e-03,6.786782294511795044e-02,3.204913139343261719e-01,-2.292223125696182251e-01,-8.530415594577789307e-02,-2.439373880624771118e-01,3.842376917600631714e-02,1.068002656102180481e-01,2.962406575679779053e-01,-1.231078952550888062e-01,5.356756970286369324e-02,-1.305617019534111023e-02,-7.270669937133789062e-02,4.014066755771636963e-01,-2.505326867103576660e-01,-1.021875023841857910e+00,-2.325347512960433960e-01,-6.710027903318405151e-02,-3.815018534660339355e-01,3.370541632175445557e-01,-1.039609313011169434e+00,1.995354294776916504e-01
5.516034364700317383e-02,4.760791659355163574e-01,6.618959903717041016e-01,5.887268576771020889e-03,9.372182190418243408e-03,-7.193074822425842285e-01,6.946036815643310547e-01,-1.850369721651077271e-01,6.341751664876937866e-03,6.533743441104888916e-02,3.240684270858764648e-01,-2.362134605646133423e-01,-8.503700792789459229e-02,-2.761515676975250244e-01,4.201663658022880554e-02,1.033050119876861572e-01,2.873286306858062744e-01,-1.013985276222229004e-01,4.081450402736663818e-02,-1.645117253065109253e-02,-7.153502851724624634e-02,4.023596942424774170e-01,-2.541821599006652832e-01,-1.013179421424865723e+00,-2.376304119825363159e-01,-6.442050635814666748e-02,-3.806347846984863281e-01,3.309115171432495117e-01,-1.032935619354248047e+00,1.896916627883911133e-01
5.458639189600944519e-02,4.749056994915008545e-01,6.611958742141723633e-01,8.858835324645042419e-03,1.270105317234992981e-02,-7.177805900573730469e-01,6.960971355438232422e-01,-1.910699754953384399e-01,8.760969154536724091e-03,6.281924247741699219e-02,3.275482654571533203e-01,-2.430419623851776123e-01,-8.487983047962188721e-02,-3.068037033081054688e-01,4.518370330333709717e-02,9.982007741928100586e-02,2.749099731445312500e-01,-7.450857758522033691e-02,2.667096629738807678e-02,-1.977208629250526428e-02,-7.052365690469741821e-02,4.033491015434265137e-01,-2.581774592399597168e-01,-1.003101348876953125e+00,-2.433695793151855469e-01,-6.109886616468429565e-02,-3.794452548027038574e-01,3.240332305431365967e-01,-1.024890303611755371e+00,1.780872344970703125e-01
5.401191860437393188e-02,4.737303256988525391e-01,6.604949235916137695e-01,1.290437951683998108e-02,1.712918467819690704e-02,-7.162039279937744141e-01,6.975615024566650391e-01,-1.970642209053039551e-01,1.115837786346673965e-02,6.030713021755218506e-02,3.309795260429382324e-01,-2.497891187667846680e-01,-8.477765321731567383e-02,-3.366750180721282959e-01,4.813787713646888733e-02,9.634027630090713501e-02,2.607377767562866211e-01,-4.502800479531288147e-02,1.183206215500831604e-02,-2.305597625672817230e-02,-6.959243863821029663e-02,4.043566584587097168e-01,-2.623456716537475586e-01,-9.923321008682250977e-01,-2.494305670261383057e-01,-5.745624378323554993e-02,-3.780944943428039551e-01,3.167870640754699707e-01,-1.016158938407897949e+00,1.656023561954498291e-01
5.306437611579895020e-02,4.718185067176818848e-01,6.593756675720214844e-01,1.791613735258579254e-02,2.266943082213401794e-02,-7.139246463775634766e-01,6.996262073516845703e-01,-2.051369547843933105e-01,1.447487808763980865e-02,5.698468536138534546e-02,3.362522125244140625e-01,-2.593421936035156250e-01,-8.486080169677734375e-02,-3.713026046752929688e-01,4.958668351173400879e-02,9.170106053352355957e-02,2.433438748121261597e-01,-1.193663105368614197e-02,-3.548953216522932053e-03,-2.732602879405021667e-02,-6.858067959547042847e-02,4.061567783355712891e-01,-2.672121524810791016e-01,-9.787415266036987305e-01,-2.559916675090789795e-01,-5.261160433292388916e-02,-3.759416341781616211e-01,3.085067570209503174e-01,-1.004313111305236816e+00,1.499646157026290894e-01
5.194481089711189270e-02,4.696057438850402832e-01,6.580567955970764160e-01,2.113814838230609894e-02,2.648829855024814606e-02,-7.112944722175598145e-01,7.020767331123352051e-01,-2.140612900257110596e-01,1.815487630665302277e-02,5.313808098435401917e-02,3.427778482437133789e-01,-2.702205479145050049e-01,-8.524632453918457031e-02,-4.071150124073028564e-01,5.010626092553138733e-02,8.635281771421432495e-02,2.263539582490921021e-01,2.066107466816902161e-02,-1.790157146751880646e-02,-3.203324228525161743e-02,-6.771266460418701172e-02,4.084742367267608643e-01,-2.724267840385437012e-01,-9.641477465629577637e-01,-2.625459134578704834e-01,-4.737130925059318542e-02,-3.734525442123413086e-01,2.999649047851562500e-01,-9.912352561950683594e-01,1.332694292068481445e-01
5.048125237226486206e-02,4.667911231517791748e-01,6.563390493392944336e-01,2.078220993280410767e-02,2.686636336147785187e-02,-7.080301642417907715e-01,7.053649425506591797e-01,-2.246884256601333618e-01,2.256171964108943939e-02,4.824333637952804565e-02,3.518090844154357910e-01,-2.837490141391754150e-01,-8.623652160167694092e-02,-4.452955722808837891e-01,4.876740276813507080e-02,7.958675175905227661e-02,2.101726233959197998e-01,5.227022618055343628e-02,-3.019688837230205536e-02,-3.761459141969680786e-02,-6.713216006755828857e-02,4.118262231349945068e-01,-2.783375978469848633e-01,-9.475480914115905762e-01,-2.690862417221069336e-01,-4.133989289402961731e-02,-3.702911734580993652e-01,2.909002900123596191e-01,-9.756937026977539062e-01,1.144600436091423035e-01
4.881621897220611572e-02,4.634396433830261230e-01,6.541514396667480469e-01,2.413356676697731018e-02,3.092990070581436157e-02,-7.042630314826965332e-01,7.088544368743896484e-01,-2.382785379886627197e-01,2.783009409904479980e-02,4.199431091547012329e-02,3.649773597717285156e-01,-3.020044565200805664e-01,-8.670324087142944336e-02,-4.855633974075317383e-01,4.475414007902145386e-02,7.054247707128524780e-02,1.966994404792785645e-01,8.249218761920928955e-02,-4.027042165398597717e-02,-4.456880688667297363e-02,-6.607316434383392334e-02,4.152513146400451660e-01,-2.854705750942230225e-01,-9.279774427413940430e-01,-2.757704257965087891e-01,-3.425335884094238281e-02,-3.662319183349609375e-01,2.809234857559204102e-01,-9.564607143402099609e-01,9.246523678302764893e-02
4.705045744776725769e-02,4.598197340965270996e-01,6.517289876937866211e-01,2.933682128787040710e-02,3.683395311236381531e-02,-7.001962661743164062e-01,7.123959064483642578e-01,-2.533501684665679932e-01,3.352922946214675903e-02,3.506815806031227112e-02,3.802140653133392334e-01,-3.226234018802642822e-01,-8.690821379423141479e-02,-5.268748402595520020e-01,3.940370306372642517e-02,6.035912781953811646e-02,1.845803111791610718e-01,1.120205745100975037e-01,-4.923308268189430237e-02,-5.220945551991462708e-02,-6.477492302656173706e-02,4.187129735946655273e-01,-2.932146489620208740e-01,-9.069212675094604492e-01,-2.825264930725097656e-01,-2.663927897810935974e-02,-3.617237806320190430e-01,2.704905867576599121e-01,-9.353818893432617188e-01,6.887775659561157227e-02
4.440186917781829834e-02,4.553944468498229980e-01,6.483759284019470215e-01,3.528327122330665588e-02,4.390626400709152222e-02,-6.950566768646240234e-01,7.167451381683349609e-01,-2.724208533763885498e-01,3.956634551286697388e-02,2.609989792108535767e-02,4.017822444438934326e-01,-3.497023582458496094e-01,-8.609132468700408936e-02,-5.675818920135498047e-01,2.849078923463821411e-02,4.570930451154708862e-02,1.845761239528656006e-01,1.335010528564453125e-01,-5.195789411664009094e-02,-6.119231507182121277e-02,-6.417100876569747925e-02,4.222693145275115967e-01,-3.031263053417205811e-01,-8.816839456558227539e-01,-2.889849245548248291e-01,-1.779990270733833313e-02,-3.558591306209564209e-01,2.589600086212158203e-01,-9.082148075103759766e-01,4.088471084833145142e-02
4.187288880348205566e-02,4.501436054706573486e-01,6.440011262893676758e-01,4.137656092643737793e-02,5.081330612301826477e-02,-6.892746090888977051e-01,7.215306758880615234e-01,-2.935936748981475830e-01,4.595348238945007324e-02,1.614292711019515991e-02,4.260631203651428223e-01,-3.799648880958557129e-01,-8.482064306735992432e-02,-6.118758916854858398e-01,1.528890989720821381e-02,2.941582165658473969e-02,1.906818598508834839e-01,1.511734426021575928e-01,-5.226585641503334045e-02,-7.076951861381530762e-02,-6.403288245201110840e-02,4.260227978229522705e-01,-3.138071000576019287e-01,-8.552324771881103516e-01,-2.952279150485992432e-01,-8.816177025437355042e-03,-3.496420681476593018e-01,2.470943629741668701e-01,-8.788571357727050781e-01,1.157147064805030823e-02
3.958322480320930481e-02,4.432418048381805420e-01,6.375830769538879395e-01,4.776610434055328369e-02,5.739314481616020203e-02,-6.822832822799682617e-01,7.272647023200988770e-01,-3.189698457717895508e-01,5.304040759801864624e-02,4.208957310765981674e-03,4.557684063911437988e-01,-4.165934026241302490e-01,-8.264246582984924316e-02,-6.633419394493103027e-01,-2.490306273102760315e-03,9.835698641836643219e-03,2.090070247650146484e-01,1.612291634082794189e-01,-4.774019494652748108e-02,-8.153503388166427612e-02,-6.482631713151931763e-02,4.301703870296478271e-01,-3.260257840156555176e-01,-8.263537883758544922e-01,-3.010397553443908691e-01,4.559010267257690430e-04,-3.427204191684722900e-01,2.345589846372604370e-01,-8.451193571090698242e-01,-2.038097754120826721e-02
3.722006455063819885e-02,4.357798993587493896e-01,6.304044723510742188e-01,5.441828817129135132e-02,6.331359595060348511e-02,-6.747582554817199707e-01,7.333017587661743164e-01,-3.464791476726531982e-01,5.995863676071166992e-02,-8.663354441523551941e-03,4.891999363899230957e-01,-4.568852782249450684e-01,-7.915383577346801758e-02,-7.151890993118286133e-01,-2.458538487553596497e-02,-1.065180636942386627e-02,2.393416613340377808e-01,1.643313467502593994e-01,-3.937287256121635437e-02,-9.180316329002380371e-02,-6.707258522510528564e-02,4.338502287864685059e-01,-3.391570448875427246e-01,-7.974178791046142578e-01,-3.059761524200439453e-01,8.967496454715728760e-03,-3.357700109481811523e-01,2.223356962203979492e-01,-8.091022968292236328e-01,-5.314994603395462036e-02
3.482007980346679688e-02,4.280377030372619629e-01,6.228452920913696289e-01,6.119643524289131165e-02,6.889822334051132202e-02,-6.669048666954040527e-01,7.394226789474487305e-01,-3.750559091567993164e-01,6.679274141788482666e-02,-2.200525254011154175e-02,5.244956016540527344e-01,-4.990102052688598633e-01,-7.500987499952316284e-02,-7.672284841537475586e-01,-4.883912205696105957e-02,-3.159365803003311157e-02,2.756820917129516602e-01,1.639568358659744263e-01,-2.908442914485931396e-02,-1.018229424953460693e-01,-7.004536688327789307e-02,4.372963309288024902e-01,-3.527449667453765869e-01,-7.684525251388549805e-01,-3.104750514030456543e-01,1.709911599755287170e-02,-3.288050293922424316e-01,2.102680951356887817e-01,-7.719444036483764648e-01,-8.632822334766387939e-02
3.188918158411979675e-02,4.196209311485290527e-01,6.144942045211791992e-01,8.555951714515686035e-02,8.878001570701599121e-02,-6.574046015739440918e-01,7.433820962905883789e-01,-4.053048491477966309e-01,7.204145938158035278e-02,-3.505262732505798340e-02,5.625020265579223633e-01,-5.438653826713562012e-01,-6.703198701143264771e-02,-8.193418383598327637e-01,-7.784594595432281494e-02,-5.057238414883613586e-02,3.220328092575073242e-01,1.563192009925842285e-01,-1.564330980181694031e-02,-1.100451648235321045e-01,-7.493028789758682251e-02,4.385547637939453125e-01,-3.667251467704772949e-01,-7.418286800384521484e-01,-3.130815327167510986e-01,2.289214543998241425e-02,-3.225708007812500000e-01,1.999006569385528564e-01,-7.339327335357666016e-01,-1.181219294667243958e-01
2.892416343092918396e-02,4.110094010829925537e-01,6.060628890991210938e-01,1.045882776379585266e-01,1.035793870687484741e-01,-6.483684182167053223e-01,7.469612360000610352e-01,-4.347028434276580811e-01,7.640416920185089111e-02,-4.765800759196281433e-02,5.999476909637451172e-01,-5.868200063705444336e-01,-5.876660346984863281e-02,-8.706898689270019531e-01,-1.075793802738189697e-01,-6.803728640079498291e-02,3.706697523593902588e-01,1.460172086954116821e-01,-1.419027335941791534e-03,-1.170834302902221680e-01,-8.164599537849426270e-02,4.399623274803161621e-01,-3.805199265480041504e-01,-7.170638442039489746e-01,-3.148437738418579102e-01,2.740150876343250275e-02,-3.169264495372772217e-01,1.905993372201919556e-01,-6.970716118812561035e-01,-1.484799087047576904e-01
2.589090541005134583e-02,4.020084738731384277e-01,5.974708795547485352e-01,1.130879595875740051e-01,1.083604544401168823e-01,-6.413928866386413574e-01,7.510555386543273926e-01,-4.623988866806030273e-01,7.899484038352966309e-02,-5.937938392162322998e-02,6.362716555595397949e-01,-6.259734630584716797e-01,-4.992621392011642456e-02,-9.205072522163391113e-01,-1.387660503387451172e-01,-8.247449249029159546e-02,4.238792061805725098e-01,1.303863823413848877e-01,1.437160931527614594e-02,-1.217537224292755127e-01,-9.202335774898529053e-02,4.416683316230773926e-01,-3.939441144466400146e-01,-6.960175037384033203e-01,-3.149175643920898438e-01,2.934348769485950470e-02,-3.124619722366333008e-01,1.834302991628646851e-01,-6.625116467475891113e-01,-1.759663969278335571e-01
2.336672693490982056e-02,3.925307989120483398e-01,5.885925292968750000e-01,1.224940270185470581e-01,1.127622872591018677e-01,-6.348314881324768066e-01,7.544990777969360352e-01,-4.902562499046325684e-01,8.147172629833221436e-02,-7.008450478315353394e-02,6.736671328544616699e-01,-6.624983549118041992e-01,-4.046566411852836609e-02,-9.707784056663513184e-01,-1.690989732742309570e-01,-9.214895963668823242e-02,4.764804840087890625e-01,1.109352707862854004e-01,2.893352694809436798e-02,-1.252686977386474609e-01,-1.054240167140960693e-01,4.442485570907592773e-01,-4.069464206695556641e-01,-6.799904108047485352e-01,-3.134188354015350342e-01,2.820400521159172058e-02,-3.097192943096160889e-01,1.789149045944213867e-01,-6.331579685211181641e-01,-2.000139355659484863e-01
2.109709940850734711e-02,3.828148245811462402e-01,5.795710086822509766e-01,1.323422044515609741e-01,1.169646382331848145e-01,-6.284244060516357422e-01,7.575537562370300293e-01,-5.181940793991088867e-01,8.389171212911605835e-02,-8.028136193752288818e-02,7.115980982780456543e-01,-6.977086663246154785e-01,-3.069505468010902405e-02,-1.021276116371154785e+00,-1.990047544240951538e-01,-9.944181889295578003e-02,5.287771821022033691e-01,8.957402408123016357e-02,4.288091883063316345e-02,-1.282059252262115479e-01,-1.203363463282585144e-01,4.472658336162567139e-01,-4.197376370429992676e-01,-6.664733886718750000e-01,-3.111337721347808838e-01,2.552368864417076111e-02,-3.078375756740570068e-01,1.757264882326126099e-01,-6.064078807830810547e-01,-2.223417609930038452e-01
1.765116676688194275e-02,3.742042183876037598e-01,5.729357004165649414e-01,1.411586105823516846e-01,1.207659468054771423e-01,-6.230090856552124023e-01,7.598352432250976562e-01,-5.437095165252685547e-01,8.558347076177597046e-02,-8.586122095584869385e-02,7.485997676849365234e-01,-7.225503325462341309e-01,-1.850859820842742920e-02,-1.068866729736328125e+00,-2.243648767471313477e-01,-9.796343743801116943e-02,5.725258588790893555e-01,6.564652919769287109e-02,5.274438112974166870e-02,-1.286721229553222656e-01,-1.380911022424697876e-01,4.493651390075683594e-01,-4.323748052120208740e-01,-6.619454026222229004e-01,-3.071768283843994141e-01,1.824107393622398376e-02,-3.089595139026641846e-01,1.769381612539291382e-01,-5.923073291778564453e-01,-2.394947111606597900e-01
1.410756539553403854e-02,3.657476305961608887e-01,5.666566491127014160e-01,1.514823138713836670e-01,1.260114908218383789e-01,-6.177839040756225586e-01,7.612603306770324707e-01,-5.684659481048583984e-01,8.690264075994491577e-02,-8.981435745954513550e-02,7.862825393676757812e-01,-7.436347007751464844e-01,-5.958201363682746887e-03,-1.115365862846374512e+00,-2.475440651178359985e-01,-9.445689618587493896e-02,6.129552125930786133e-01,4.114992916584014893e-02,6.142751127481460571e-02,-1.288159489631652832e-01,-1.566688120365142822e-01,4.513569474220275879e-01,-4.454144239425659180e-01,-6.598486900329589844e-01,-3.031386435031890869e-01,9.836876764893531799e-03,-3.109475374221801758e-01,1.791461706161499023e-01,-5.828575491905212402e-01,-2.556796371936798096e-01
1.036862470209598541e-02,3.575990796089172363e-01,5.610899925231933594e-01,1.648226231336593628e-01,1.341480612754821777e-01,-6.129608750343322754e-01,7.609972953796386719e-01,-5.917045474052429199e-01,8.747667819261550903e-02,-9.051416814327239990e-02,8.253275156021118164e-01,-7.572048902511596680e-01,7.320052012801170349e-03,-1.159682512283325195e+00,-2.663615047931671143e-01,-8.689420670270919800e-02,6.467462778091430664e-01,1.551517844200134277e-02,6.775008141994476318e-02,-1.283150613307952881e-01,-1.768923103809356689e-01,4.531338214874267578e-01,-4.592587649822235107e-01,-6.626142859458923340e-01,-2.989380359649658203e-01,-8.103952277451753616e-04,-3.146676421165466309e-01,1.833467632532119751e-01,-5.827087163925170898e-01,-2.699286639690399170e-01
6.845987867563962936e-03,3.498459160327911377e-01,5.560415387153625488e-01,1.754187196493148804e-01,1.400984674692153931e-01,-6.095732450485229492e-01,7.602770328521728516e-01,-6.132169961929321289e-01,8.760112524032592773e-02,-8.779321610927581787e-02,8.681958317756652832e-01,-7.629731893539428711e-01,1.935123652219772339e-02,-1.201600193977355957e+00,-2.800679802894592285e-01,-7.719903439283370972e-02,6.806914806365966797e-01,-1.249310001730918884e-02,7.138969004154205322e-02,-1.275918483734130859e-01,-1.984769105911254883e-01,4.553740620613098145e-01,-4.745151400566101074e-01,-6.700346469879150391e-01,-2.955439686775207520e-01,-1.293380279093980789e-02,-3.199945092201232910e-01,1.885174512863159180e-01,-5.931692719459533691e-01,-2.840908169746398926e-01
3.431501099839806557e-03,3.422904312610626221e-01,5.512522459030151367e-01,1.846400499343872070e-01,1.449539810419082642e-01,-6.068989038467407227e-01,7.593222856521606445e-01,-6.338664293289184570e-01,8.750078827142715454e-02,-8.336190879344940186e-02,9.129757285118103027e-01,-7.648405432701110840e-01,3.075890056788921356e-02,-1.242318272590637207e+00,-2.912190258502960205e-01,-6.643763929605484009e-02,7.147136926651000977e-01,-4.168812185525894165e-02,7.368784397840499878e-02,-1.267574578523635864e-01,-2.207420319318771362e-01,4.578459262847900391e-01,-4.904775619506835938e-01,-6.797823309898376465e-01,-2.925531566143035889e-01,-2.579526416957378387e-02,-3.261247873306274414e-01,1.941731721162796021e-01,-6.089344024658203125e-01,-2.982096076011657715e-01
2.864813432097434998e-04,3.353427648544311523e-01,5.466496944427490234e-01,1.945080459117889404e-01,1.504276543855667114e-01,-6.059008240699768066e-01,7.565860748291015625e-01,-6.522396802902221680e-01,8.604494482278823853e-02,-7.346178591251373291e-02,9.669831395149230957e-01,-7.593445181846618652e-01,3.951233625411987305e-02,-1.280262708663940430e+00,-2.950333952903747559e-01,-5.401160940527915955e-02,7.494534254074096680e-01,-7.257529348134994507e-02,7.227016240358352661e-02,-1.267438083887100220e-01,-2.421728670597076416e-01,4.602446556091308594e-01,-5.088250637054443359e-01,-6.952204704284667969e-01,-2.916976809501647949e-01,-3.895885124802589417e-02,-3.338777720928192139e-01,1.995884627103805542e-01,-6.400386691093444824e-01,-3.141673505306243896e-01
-2.815955318510532379e-03,3.287250697612762451e-01,5.421606302261352539e-01,2.036603689193725586e-01,1.556580811738967896e-01,-6.059468388557434082e-01,7.530747652053833008e-01,-6.681562066078186035e-01,8.288742601871490479e-02,-6.168204918503761292e-02,1.022817730903625488e+00,-7.508892416954040527e-01,4.645825549960136414e-02,-1.316691875457763672e+00,-2.968225479125976562e-01,-4.163721576333045959e-02,7.852424383163452148e-01,-1.034305542707443237e-01,7.049686461687088013e-02,-1.267836391925811768e-01,-2.630540132522583008e-01,4.624799489974975586e-01,-5.276975035667419434e-01,-7.120961546897888184e-01,-2.917326688766479492e-01,-5.161292105913162231e-02,-3.418851494789123535e-01,2.044076174497604370e-01,-6.754548549652099609e-01,-3.307656049728393555e-01
-5.833270959556102753e-03,3.227672576904296875e-01,5.378984808921813965e-01,2.114100158214569092e-01,1.604243218898773193e-01,-6.081726551055908203e-01,7.481282353401184082e-01,-6.791596412658691406e-01,7.632672041654586792e-02,-4.614318534731864929e-02,1.082306981086730957e+00,-7.365156412124633789e-01,4.978945106267929077e-02,-1.350091218948364258e+00,-2.945614755153656006e-01,-2.936593443155288696e-02,8.231302499771118164e-01,-1.342223584651947021e-01,6.801236420869827271e-02,-1.269304454326629639e-01,-2.828361392021179199e-01,4.643884897232055664e-01,-5.476199388504028320e-01,-7.318471670150756836e-01,-2.935485243797302246e-01,-6.324818730354309082e-02,-3.504012823104858398e-01,2.080346345901489258e-01,-7.194948792457580566e-01,-3.486448824405670166e-01
-8.487243205308914185e-03,3.170190751552581787e-01,5.330020189285278320e-01,2.171800434589385986e-01,1.638394594192504883e-01,-6.126056313514709473e-01,7.420942187309265137e-01,-6.859396696090698242e-01,6.605800986289978027e-02,-2.890460193157196045e-02,1.146377921104431152e+00,-7.207776308059692383e-01,4.645064100623130798e-02,-1.381794810295104980e+00,-2.893957793712615967e-01,-1.806160993874073029e-02,8.649920225143432617e-01,-1.650720387697219849e-01,6.547177582979202271e-02,-1.286945939064025879e-01,-3.019140958786010742e-01,4.677439332008361816e-01,-5.676181912422180176e-01,-7.533636093139648438e-01,-2.970511913299560547e-01,-7.285268604755401611e-02,-3.590221405029296875e-01,2.096589803695678711e-01,-7.693821787834167480e-01,-3.668814599514007568e-01
-1.095951627939939499e-02,3.113757073879241943e-01,5.277883410453796387e-01,2.219490706920623779e-01,1.665706932544708252e-01,-6.181115508079528809e-01,7.354800701141357422e-01,-6.906077861785888672e-01,5.393526330590248108e-02,-1.081622578203678131e-02,1.212739229202270508e+00,-7.043575644493103027e-01,3.977667912840843201e-02,-1.412650465965270996e+00,-2.827777564525604248e-01,-7.240858394652605057e-03,9.088407158851623535e-01,-1.959504783153533936e-01,6.290316581726074219e-02,-1.312674432992935181e-01,-3.206398487091064453e-01,4.718228280544281006e-01,-5.876542329788208008e-01,-7.757626771926879883e-01,-3.013972640037536621e-01,-8.144170790910720825e-02,-3.676953017711639404e-01,2.102819234132766724e-01,-8.221930265426635742e-01,-3.852965831756591797e-01
-1.286281552165746689e-02,3.059396743774414062e-01,5.212046504020690918e-01,2.246760725975036621e-01,1.675952076911926270e-01,-6.249274015426635742e-01,7.286276817321777344e-01,-6.881169080734252930e-01,3.733963519334793091e-02,9.788671508431434631e-03,1.280975937843322754e+00,-6.881163120269775391e-01,2.423901110887527466e-02,-1.441241741180419922e+00,-2.735936641693115234e-01,2.266324823722243309e-03,9.592133760452270508e-01,-2.263373732566833496e-01,5.967751890420913696e-02,-1.364233493804931641e-01,-3.384025096893310547e-01,4.778868257999420166e-01,-6.060673594474792480e-01,-7.996815443038940430e-01,-3.074369430541992188e-01,-8.592437952756881714e-02,-3.763546347618103027e-01,2.074615955352783203e-01,-8.795170783996582031e-01,-4.016880095005035400e-01
-1.462833955883979797e-02,3.006452620029449463e-01,5.141552686691284180e-01,2.269330024719238281e-01,1.683343052864074707e-01,-6.316316127777099609e-01,7.219463586807250977e-01,-6.834201812744140625e-01,1.989292912185192108e-02,3.095452487468719482e-02,1.347756385803222656e+00,-6.728574633598327637e-01,6.959847640246152878e-03,-1.469192385673522949e+00,-2.641926705837249756e-01,1.142423227429389954e-02,1.010001778602600098e+00,-2.559883296489715576e-01,5.632942914962768555e-02,-1.425399184226989746e-01,-3.560946583747863770e-01,4.842413067817687988e-01,-6.234776377677917480e-01,-8.234188556671142578e-01,-3.137133717536926270e-01,-8.872397243976593018e-02,-3.849650025367736816e-01,2.034482657909393311e-01,-9.365417957305908203e-01,-4.163981676101684570e-01
-1.611838489770889282e-02,2.956338226795196533e-01,5.061743259429931641e-01,2.282753288745880127e-01,1.685216426849365234e-01,-6.381834149360656738e-01,7.156904935836791992e-01,-6.743118762969970703e-01,7.434654980897903442e-04,5.324305221438407898e-02,1.411626577377319336e+00,-6.595630645751953125e-01,-1.380281336605548859e-02,-1.495862960815429688e+00,-2.543575167655944824e-01,1.988396048545837402e-02,1.061623692512512207e+00,-2.841685414314270020e-01,5.273631960153579712e-02,-1.505780518054962158e-01,-3.736466169357299805e-01,4.911769628524780273e-01,-6.388827562332153320e-01,-8.467936515808105469e-01,-3.204634189605712891e-01,-8.815753459930419922e-02,-3.934776782989501953e-01,1.970488876104354858e-01,-9.929698705673217773e-01,-4.277464151382446289e-01
-1.749858632683753967e-02,2.910975217819213867e-01,4.974034130573272705e-01,2.281527817249298096e-01,1.677886992692947388e-01,-6.440482735633850098e-01,7.106301188468933105e-01,-6.620048284530639648e-01,-1.787738502025604248e-02,7.585819065570831299e-02,1.468871116638183594e+00,-6.487581729888916016e-01,-3.519862890243530273e-02,-1.521457195281982422e+00,-2.450241744518280029e-01,2.741089090704917908e-02,1.113755702972412109e+00,-3.109003901481628418e-01,4.874092340469360352e-02,-1.603455245494842529e-01,-3.917999863624572754e-01,4.975501298904418945e-01,-6.515626907348632812e-01,-8.688361048698425293e-01,-3.270830810070037842e-01,-8.407393097877502441e-02,-4.020714163780212402e-01,1.884650588035583496e-01,-1.045808553695678711e+00,-4.341714084148406982e-01
-1.882387511432170868e-02,2.867987751960754395e-01,4.882374405860900879e-01,2.272941768169403076e-01,1.665930002927780151e-01,-6.495591402053833008e-01,7.061565518379211426e-01,-6.480984091758728027e-01,-3.623405843973159790e-02,9.863678365945816040e-02,1.522802948951721191e+00,-6.391978263854980469e-01,-5.691115185618400574e-02,-1.546513319015502930e+00,-2.359417080879211426e-01,3.447148576378822327e-02,1.166143298149108887e+00,-3.369082510471343994e-01,4.454436153173446655e-02,-1.709777265787124634e-01,-4.102541506290435791e-01,5.036421418190002441e-01,-6.628800630569458008e-01,-8.902125358581542969e-01,-3.336375355720520020e-01,-7.823177427053451538e-02,-4.107057154178619385e-01,1.787890046834945679e-01,-1.096852898597717285e+00,-4.381349384784698486e-01
-2.012978307902812958e-02,2.835250198841094971e-01,4.781925082206726074e-01,2.245582640171051025e-01,1.641107797622680664e-01,-6.530061364173889160e-01,7.044318914413452148e-01,-6.317913532257080078e-01,-4.929073899984359741e-02,1.214553862810134888e-01,1.565554261207580566e+00,-6.343373060226440430e-01,-7.477061450481414795e-02,-1.570166230201721191e+00,-2.286864519119262695e-01,3.996561840176582336e-02,1.217904090881347656e+00,-3.607013821601867676e-01,3.864253684878349304e-02,-1.826964020729064941e-01,-4.302020668983459473e-01,5.067522525787353516e-01,-6.696768999099731445e-01,-9.086802601814270020e-01,-3.389879465103149414e-01,-6.722567230463027954e-02,-4.197667837142944336e-01,1.663574278354644775e-01,-1.138998270034790039e+00,-4.338462948799133301e-01
-2.146751247346401215e-02,2.806562483310699463e-01,4.679568409919738770e-01,2.214217185974121094e-01,1.614560931921005249e-01,-6.555742025375366211e-01,7.036525607109069824e-01,-6.155844926834106445e-01,-5.942356213927268982e-02,1.439449042081832886e-01,1.604948878288269043e+00,-6.310843229293823242e-01,-8.968130499124526978e-02,-1.593417286872863770e+00,-2.222665548324584961e-01,4.488611593842506409e-02,1.268899202346801758e+00,-3.834919035434722900e-01,3.221808373928070068e-02,-1.942452937364578247e-01,-4.504441618919372559e-01,5.082804560661315918e-01,-6.749688386917114258e-01,-9.261221885681152344e-01,-3.436920046806335449e-01,-5.466379970312118530e-02,-4.289760887622833252e-01,1.532637476921081543e-01,-1.177428007125854492e+00,-4.269400238990783691e-01
-2.286890149116516113e-02,2.785975039005279541e-01,4.573395252227783203e-01,2.174907028675079346e-01,1.584613025188446045e-01,-6.564036607742309570e-01,7.047851085662841797e-01,-5.995777845382690430e-01,-6.370861083269119263e-02,1.657764911651611328e-01,1.637630462646484375e+00,-6.310465335845947266e-01,-9.869444370269775391e-02,-1.615865230560302734e+00,-2.175173461437225342e-01,4.865937680006027222e-02,1.318363308906555176e+00,-4.042775630950927734e-01,2.474824339151382446e-02,-2.054547071456909180e-01,-4.712749421596527100e-01,5.066444873809814453e-01,-6.772509813308715820e-01,-9.415128827095031738e-01,-3.471033573150634766e-01,-3.899013996124267578e-02,-4.384821057319641113e-01,1.388456672430038452e-01,-1.208427071571350098e+00,-4.147983193397521973e-01
-2.439204603433609009e-02,2.774483263492584229e-01,4.466021656990051270e-01,2.129825651645660400e-01,1.556187123060226440e-01,-6.558892130851745605e-01,7.072699069976806641e-01,-5.851165652275085449e-01,-6.176108494400978088e-02,1.856921017169952393e-01,1.665603876113891602e+00,-6.341298818588256836e-01,-1.013671010732650757e-01,-1.637581348419189453e+00,-2.146214246749877930e-01,5.128764361143112183e-02,1.365160465240478516e+00,-4.226697683334350586e-01,1.687269471585750580e-02,-2.153265923261642456e-01,-4.916816651821136475e-01,5.012152791023254395e-01,-6.767200231552124023e-01,-9.551458358764648438e-01,-3.491117060184478760e-01,-2.088284865021705627e-02,-4.480379223823547363e-01,1.238787174224853516e-01,-1.231405019760131836e+00,-3.982163369655609131e-01
-2.597607299685478210e-02,2.767538726329803467e-01,4.358047544956207275e-01,2.081802785396575928e-01,1.528481543064117432e-01,-6.546855568885803223e-01,7.104120254516601562e-01,-5.714280009269714355e-01,-5.669736117124557495e-02,2.046498358249664307e-01,1.691223502159118652e+00,-6.387739181518554688e-01,-1.008696407079696655e-01,-1.658931732177734375e+00,-2.126521170139312744e-01,5.334344506263732910e-02,1.410624384880065918e+00,-4.398654401302337646e-01,8.794247172772884369e-03,-2.245298027992248535e-01,-5.118764638900756836e-01,4.938894212245941162e-01,-6.747825145721435547e-01,-9.679000377655029297e-01,-3.504186272621154785e-01,-1.558666699565947056e-03,-4.576186835765838623e-01,1.086372360587120056e-01,-1.250372886657714844e+00,-3.794141709804534912e-01
-2.774207293987274170e-02,2.774982452392578125e-01,4.252926707267761230e-01,2.027327865362167358e-01,1.508365273475646973e-01,-6.522070765495300293e-01,7.146843671798706055e-01,-5.611041784286499023e-01,-4.428022727370262146e-02,2.190574556589126587e-01,1.714219570159912109e+00,-6.471339464187622070e-01,-9.293881058692932129e-02,-1.679079771041870117e+00,-2.133812308311462402e-01,5.384907871484756470e-02,1.450676679611206055e+00,-4.529342651367187500e-01,1.049930928274989128e-03,-2.304432541131973267e-01,-5.289621353149414062e-01,4.809748530387878418e-01,-6.693082451820373535e-01,-9.787076115608215332e-01,-3.498705625534057617e-01,1.998236216604709625e-02,-4.665273427963256836e-01,9.402576833963394165e-02,-1.257654905319213867e+00,-3.557223081588745117e-01
-2.952297031879425049e-02,2.786915600299835205e-01,4.150051474571228027e-01,1.972318291664123535e-01,1.491142511367797852e-01,-6.493660807609558105e-01,7.191580533981323242e-01,-5.518438220024108887e-01,-3.056969493627548218e-02,2.315635979175567627e-01,1.737980484962463379e+00,-6.567185521125793457e-01,-8.358786255121231079e-02,-1.698712944984436035e+00,-2.148957252502441406e-01,5.393002927303314209e-02,1.488613128662109375e+00,-4.645610451698303223e-01,-6.312627810984849930e-03,-2.350307852029800415e-01,-5.441005825996398926e-01,4.665452539920806885e-01,-6.630698442459106445e-01,-9.890221953392028809e-01,-3.489473760128021240e-01,4.170591384172439575e-02,-4.748656451702117920e-01,8.010917156934738159e-02,-1.261448860168457031e+00,-3.310812711715698242e-01
-3.133367374539375305e-02,2.807827889919281006e-01,4.051668643951416016e-01,1.916346848011016846e-01,1.479784399271011353e-01,-6.458334326744079590e-01,7.240702509880065918e-01,-5.447103977203369141e-01,-1.427231729030609131e-02,2.402667850255966187e-01,1.763271331787109375e+00,-6.687526106834411621e-01,-7.139664143323898315e-02,-1.717316627502441406e+00,-2.179810106754302979e-01,5.316159874200820923e-02,1.522318601608276367e+00,-4.733036458492279053e-01,-1.291165687143802643e-02,-2.369664311408996582e-01,-5.553442239761352539e-01,4.490855634212493896e-01,-6.553031802177429199e-01,-9.983509182929992676e-01,-3.472738862037658691e-01,6.379451602697372437e-02,-4.820630848407745361e-01,6.758230924606323242e-02,-1.258266091346740723e+00,-3.045419454574584961e-01
-3.299954906105995178e-02,2.835618257522583008e-01,3.959851861000061035e-01,1.861099749803543091e-01,1.473339349031448364e-01,-6.420891880989074707e-01,7.289562821388244629e-01,-5.394713282585144043e-01,1.664656680077314377e-03,2.444563210010528564e-01,1.789871931076049805e+00,-6.815363168716430664e-01,-5.890446156263351440e-02,-1.734506845474243164e+00,-2.223080694675445557e-01,5.176687240600585938e-02,1.551532745361328125e+00,-4.792698621749877930e-01,-1.818411424756050110e-02,-2.364486157894134521e-01,-5.612304210662841797e-01,4.298283755779266357e-01,-6.469331979751586914e-01,-1.006503701210021973e+00,-3.456048369407653809e-01,8.505138754844665527e-02,-4.873040914535522461e-01,5.727366358041763306e-02,-1.249158143997192383e+00,-2.776629030704498291e-01
-3.459298238158226013e-02,2.866847217082977295e-01,3.871320188045501709e-01,1.806153953075408936e-01,1.469300687313079834e-01,-6.382174491882324219e-01,7.338038682937622070e-01,-5.351796150207519531e-01,1.742112077772617340e-02,2.463889569044113159e-01,1.817126870155334473e+00,-6.946946382522583008e-01,-4.626204818487167358e-02,-1.750989913940429688e+00,-2.272559255361557007e-01,5.005901306867599487e-02,1.578500628471374512e+00,-4.838477373123168945e-01,-2.279317565262317657e-02,-2.347040325403213501e-01,-5.644377470016479492e-01,4.096727669239044189e-01,-6.382617354393005371e-01,-1.014068365097045898e+00,-3.439381420612335205e-01,1.058919802308082581e-01,-4.915668070316314697e-01,4.807432740926742554e-02,-1.237087607383728027e+00,-2.506144940853118896e-01
-3.581929579377174377e-02,2.904545366764068604e-01,3.794418573379516602e-01,1.754197031259536743e-01,1.471228301525115967e-01,-6.347053647041320801e-01,7.380595803260803223e-01,-5.329710841178894043e-01,2.896822988986968994e-02,2.417213320732116699e-01,1.845080733299255371e+00,-7.073736190795898438e-01,-3.738249838352203369e-02,-1.764558553695678711e+00,-2.335254848003387451e-01,4.774180054664611816e-02,1.598777055740356445e+00,-4.847562313079833984e-01,-2.503554895520210266e-02,-2.301259040832519531e-01,-5.586343407630920410e-01,3.888250589370727539e-01,-6.299971938133239746e-01,-1.018714666366577148e+00,-3.434144258499145508e-01,1.237986087799072266e-01,-4.917432069778442383e-01,4.304722696542739868e-02,-1.217606067657470703e+00,-2.257467508316040039e-01
-3.687594458460807800e-02,2.942922413349151611e-01,3.721460103988647461e-01,1.698788106441497803e-01,1.470535546541213989e-01,-6.314559578895568848e-01,7.421454787254333496e-01,-5.311342477798461914e-01,3.832653537392616272e-02,2.351776808500289917e-01,1.872608661651611328e+00,-7.194424867630004883e-01,-3.039307147264480591e-02,-1.776900649070739746e+00,-2.400658875703811646e-01,4.532489925622940063e-02,1.616975069046020508e+00,-4.846899211406707764e-01,-2.649211511015892029e-02,-2.249460816383361816e-01,-5.498607158660888672e-01,3.683546781539916992e-01,-6.221979856491088867e-01,-1.021858572959899902e+00,-3.434199690818786621e-01,1.403061449527740479e-01,-4.902966916561126709e-01,3.949427604675292969e-02,-1.196049690246582031e+00,-2.024431675672531128e-01
-3.759329766035079956e-02,2.982658445835113525e-01,3.656385242938995361e-01,1.636574268341064453e-01,1.464683711528778076e-01,-6.287671923637390137e-01,7.459324002265930176e-01,-5.300406813621520996e-01,4.330769553780555725e-02,2.248820215463638306e-01,1.899285435676574707e+00,-7.302913665771484375e-01,-2.718351967632770538e-02,-1.786789894104003906e+00,-2.471481561660766602e-01,4.270857200026512146e-02,1.631016969680786133e+00,-4.826742410659790039e-01,-2.637718245387077332e-02,-2.185627818107604980e-01,-5.351468324661254883e-01,3.486384451389312744e-01,-6.153293251991271973e-01,-1.021998047828674316e+00,-3.444839417934417725e-01,1.540160626173019409e-01,-4.856045842170715332e-01,3.888940438628196716e-02,-1.170343160629272461e+00,-1.822671592235565186e-01
-3.802492469549179077e-02,3.022538125514984131e-01,3.601899445056915283e-01,1.568269878625869751e-01,1.451044827699661255e-01,-6.265302896499633789e-01,7.495397925376892090e-01,-5.287708044052124023e-01,4.405412077903747559e-02,2.121460735797882080e-01,1.923367261886596680e+00,-7.398397326469421387e-01,-2.761138230562210083e-02,-1.793845415115356445e+00,-2.544866204261779785e-01,4.008116945624351501e-02,1.641371011734008789e+00,-4.792973399162292480e-01,-2.475923299789428711e-02,-2.118101418018341064e-01,-5.151531100273132324e-01,3.306841850280761719e-01,-6.095078587532043457e-01,-1.018062949180603027e+00,-3.462848663330078125e-01,1.644624769687652588e-01,-4.775148630142211914e-01,4.094250500202178955e-02,-1.141056776046752930e+00,-1.664235144853591919e-01
-3.831369429826736450e-02,3.062489926815032959e-01,3.552708625793457031e-01,1.496862322092056274e-01,1.433456689119338989e-01,-6.244951486587524414e-01,7.530284523963928223e-01,-5.274128317832946777e-01,4.268322512507438660e-02,1.981900334358215332e-01,1.946151733398437500e+00,-7.487378120422363281e-01,-2.985791675746440887e-02,-1.799484133720397949e+00,-2.619532048702239990e-01,3.744823113083839417e-02,1.649881482124328613e+00,-4.752398431301116943e-01,-2.238978631794452667e-02,-2.048728466033935547e-01,-4.925195276737213135e-01,3.136108815670013428e-01,-6.042099595069885254e-01,-1.012090563774108887e+00,-3.484542369842529297e-01,1.732771396636962891e-01,-4.677264094352722168e-01,4.432456195354461670e-02,-1.109980463981628418e+00,-1.527459770441055298e-01
-3.803554177284240723e-02,3.100111484527587891e-01,3.520371913909912109e-01,1.415929943323135376e-01,1.403528451919555664e-01,-6.231066584587097168e-01,7.563006877899169922e-01,-5.251796245574951172e-01,3.687639534473419189e-02,1.832775324583053589e-01,1.962806582450866699e+00,-7.549366354942321777e-01,-3.585163876414299011e-02,-1.800574779510498047e+00,-2.694712281227111816e-01,3.506814315915107727e-02,1.653880000114440918e+00,-4.700451195240020752e-01,-1.799293234944343567e-02,-1.985121965408325195e-01,-4.634927511215209961e-01,2.999530732631683350e-01,-5.998227000236511230e-01,-9.987879395484924316e-01,-3.505774736404418945e-01,1.771782338619232178e-01,-4.533137083053588867e-01,5.071690306067466736e-02,-1.074176311492919922e+00,-1.463984996080398560e-01
-3.759993612766265869e-02,3.136189579963684082e-01,3.493070304393768311e-01,1.343970298767089844e-01,1.379698961973190308e-01,-6.216361522674560547e-01,7.592564225196838379e-01,-5.225884318351745605e-01,3.053435683250427246e-02,1.689815819263458252e-01,1.977672219276428223e+00,-7.603052258491516113e-01,-4.222333803772926331e-02,-1.800173759460449219e+00,-2.769242227077484131e-01,3.285282850265502930e-02,1.656770348548889160e+00,-4.647453725337982178e-01,-1.303616166114807129e-02,-1.926247179508209229e-01,-4.329229593276977539e-01,2.874355316162109375e-01,-5.953969359397888184e-01,-9.829475879669189453e-01,-3.522039949893951416e-01,1.796612441539764404e-01,-4.378247857093811035e-01,5.771043524146080017e-02,-1.037114977836608887e+00,-1.422743499279022217e-01
-3.684942424297332764e-02,3.169183731079101562e-01,3.475836813449859619e-01,1.290126293897628784e-01,1.368234455585479736e-01,-6.200762987136840820e-01,7.616696357727050781e-01,-5.192813873291015625e-01,2.312179468572139740e-02,1.559183001518249512e-01,1.988960027694702148e+00,-7.640134692192077637e-01,-4.935111105442047119e-02,-1.796789765357971191e+00,-2.842473089694976807e-01,3.096697852015495300e-02,1.657444477081298828e+00,-4.592355489730834961e-01,-6.959479302167892456e-03,-1.876833140850067139e-01,-3.992664217948913574e-01,2.771981954574584961e-01,-5.908940434455871582e-01,-9.620316028594970703e-01,-3.528371453285217285e-01,1.793083101511001587e-01,-4.201830923557281494e-01,6.590647250413894653e-02,-9.975385069847106934e-01,-1.425965428352355957e-01
-3.579223901033401489e-02,3.197788298130035400e-01,3.466929197311401367e-01,1.242665052413940430e-01,1.355232149362564087e-01,-6.186350584030151367e-01,7.638599872589111328e-01,-5.145897865295410156e-01,1.603804342448711395e-02,1.453184485435485840e-01,1.997167587280273438e+00,-7.668132781982421875e-01,-5.524247884750366211e-02,-1.790776848793029785e+00,-2.913217544555664062e-01,2.958253771066665649e-02,1.656748294830322266e+00,-4.539554715156555176e-01,-4.829955287277698517e-05,-1.841986179351806641e-01,-3.634724617004394531e-01,2.693351805210113525e-01,-5.854620933532714844e-01,-9.366585016250610352e-01,-3.515785336494445801e-01,1.769771575927734375e-01,-4.018347263336181641e-01,7.437461614608764648e-02,-9.566923379898071289e-01,-1.458414047956466675e-01
-3.458168730139732361e-02,3.224198520183563232e-01,3.462183773517608643e-01,1.198382452130317688e-01,1.341446787118911743e-01,-6.172468066215515137e-01,7.659310698509216309e-01,-5.092058181762695312e-01,9.118560701608657837e-03,1.359500885009765625e-01,2.003835201263427734e+00,-7.691589593887329102e-01,-6.051576137542724609e-02,-1.783449530601501465e+00,-2.982719540596008301e-01,2.844877168536186218e-02,1.655366897583007812e+00,-4.487902224063873291e-01,7.280260790139436722e-03,-1.814421862363815308e-01,-3.266090750694274902e-01,2.626591622829437256e-01,-5.795655250549316406e-01,-9.090563654899597168e-01,-3.493740260601043701e-01,1.736568510532379150e-01,-3.831326663494110107e-01,8.297897875308990479e-02,-9.152104854583740234e-01,-1.505476385354995728e-01
-3.305778652429580688e-02,3.243996500968933105e-01,3.467675447463989258e-01,1.138280034065246582e-01,1.305274367332458496e-01,-6.165540218353271484e-01,7.680280208587646484e-01,-5.010365247726440430e-01,4.033742006868124008e-03,1.308806836605072021e-01,2.006925582885742188e+00,-7.710474133491516113e-01,-6.274555623531341553e-02,-1.773012042045593262e+00,-3.047190308570861816e-01,2.823277935385704041e-02,1.653119325637817383e+00,-4.444222450256347656e-01,1.537768542766571045e-02,-1.814493536949157715e-01,-2.879896163940429688e-01,2.594321966171264648e-01,-5.710881352424621582e-01,-8.766205906867980957e-01,-3.439145982265472412e-01,1.689493656158447266e-01,-3.659178018569946289e-01,9.042757004499435425e-02,-8.744257688522338867e-01,-1.570529937744140625e-01
-3.141708299517631531e-02,3.260851502418518066e-01,3.474317491054534912e-01,1.079649850726127625e-01,1.267591714859008789e-01,-6.159688830375671387e-01,7.699727416038513184e-01,-4.921041429042816162e-01,-3.258165670558810234e-04,1.271694600582122803e-01,2.009347677230834961e+00,-7.725996971130371094e-01,-6.389340758323669434e-02,-1.761888265609741211e+00,-3.109644651412963867e-01,2.834192663431167603e-02,1.650933146476745605e+00,-4.403964877128601074e-01,2.356100454926490784e-02,-1.824834942817687988e-01,-2.492280304431915283e-01,2.571237385272979736e-01,-5.616198182106018066e-01,-8.434281349182128906e-01,-3.376746773719787598e-01,1.643202006816864014e-01,-3.500943183898925781e-01,9.697832167148590088e-02,-8.348891735076904297e-01,-1.635035574436187744e-01
-2.954271808266639709e-02,3.271823227405548096e-01,3.483259677886962891e-01,1.024029999971389771e-01,1.226963624358177185e-01,-6.156341433525085449e-01,7.716566324234008789e-01,-4.816454350948333740e-01,-3.235038602724671364e-03,1.261744350194931030e-01,2.010433673858642578e+00,-7.734797000885009766e-01,-6.287743151187896729e-02,-1.749390840530395508e+00,-3.168067932128906250e-01,2.910133823752403259e-02,1.648870468139648438e+00,-4.370549321174621582e-01,3.191640973091125488e-02,-1.855715215206146240e-01,-2.101806849241256714e-01,2.566522061824798584e-01,-5.501692295074462891e-01,-8.087210655212402344e-01,-3.298737108707427979e-01,1.598474979400634766e-01,-3.370530307292938232e-01,1.017336398363113403e-01,-7.978470325469970703e-01,-1.698447763919830322e-01
-2.755141258239746094e-02,3.277702331542968750e-01,3.492081463336944580e-01,9.647931158542633057e-02,1.178431883454322815e-01,-6.154514551162719727e-01,7.733203172683715820e-01,-4.701912999153137207e-01,-4.956993274390697479e-03,1.270112991333007812e-01,2.010853767395019531e+00,-7.735689282417297363e-01,-6.031288951635360718e-02,-1.736334085464477539e+00,-3.221895098686218262e-01,3.044867515563964844e-02,1.647332549095153809e+00,-4.344050884246826172e-01,4.013406485319137573e-02,-1.906847059726715088e-01,-1.720339059829711914e-01,2.579186260700225830e-01,-5.369625687599182129e-01,-7.744672298431396484e-01,-3.215712904930114746e-01,1.563800722360610962e-01,-3.285217881202697754e-01,1.038367003202438354e-01,-7.653831243515014648e-01,-1.752839833498001099e-01
-2.550162188708782196e-02,3.281035721302032471e-01,3.500842750072479248e-01,9.037109464406967163e-02,1.125902906060218811e-01,-6.153204441070556641e-01,7.749433517456054688e-01,-4.582393765449523926e-01,-6.085343193262815475e-03,1.287640929222106934e-01,2.010941028594970703e+00,-7.732627987861633301e-01,-5.697407573461532593e-02,-1.722997426986694336e+00,-3.273424208164215088e-01,3.208996728062629700e-02,1.646057009696960449e+00,-4.321011304855346680e-01,4.828289523720741272e-02,-1.968104690313339233e-01,-1.343371868133544922e-01,2.600540220737457275e-01,-5.228777527809143066e-01,-7.404398322105407715e-01,-3.130182027816772461e-01,1.534152626991271973e-01,-3.222453594207763672e-01,1.046136990189552307e-01,-7.352080941200256348e-01,-1.802722364664077759e-01
-2.344826236367225647e-02,3.278139829635620117e-01,3.508677482604980469e-01,8.448237180709838867e-02,1.068972274661064148e-01,-6.153326034545898438e-01,7.764029502868652344e-01,-4.454264640808105469e-01,-6.462072022259235382e-03,1.316678822040557861e-01,2.010109901428222656e+00,-7.727226018905639648e-01,-5.280694365501403809e-02,-1.710087895393371582e+00,-3.317321538925170898e-01,3.438709676265716553e-02,1.645760297775268555e+00,-4.306584596633911133e-01,5.586253106594085693e-02,-2.056420892477035522e-01,-1.001262366771697998e-01,2.651654183864593506e-01,-5.069127082824707031e-01,-7.098794579505920410e-01,-3.055752813816070557e-01,1.525336652994155884e-01,-3.247713446617126465e-01,1.004370003938674927e-01,-7.143331766128540039e-01,-1.836946010589599609e-01
-2.146494761109352112e-02,3.274376690387725830e-01,3.516109287738800049e-01,7.895880192518234253e-02,1.015801057219505310e-01,-6.152366399765014648e-01,7.777730822563171387e-01,-4.328543245792388916e-01,-6.783044431358575821e-03,1.345752328634262085e-01,2.009059667587280273e+00,-7.721071243286132812e-01,-4.876978322863578796e-02,-1.697728753089904785e+00,-3.358461260795593262e-01,3.678533434867858887e-02,1.645730853080749512e+00,-4.293950200080871582e-01,6.316874176263809204e-02,-2.150536030530929565e-01,-6.793080270290374756e-02,2.712294459342956543e-01,-4.908495545387268066e-01,-6.812208294868469238e-01,-2.990947663784027100e-01,1.521857678890228271e-01,-3.307440876960754395e-01,9.444731473922729492e-02,-6.968666911125183105e-01,-1.869539767503738403e-01
-1.962170004844665527e-02,3.268878757953643799e-01,3.522736132144927979e-01,7.417301833629608154e-02,9.702420234680175781e-02,-6.149769425392150879e-01,7.790302038192749023e-01,-4.207635521888732910e-01,-6.992504931986331940e-03,1.374897658824920654e-01,2.007571935653686523e+00,-7.713408470153808594e-01,-4.499252513051033020e-02,-1.686470150947570801e+00,-3.394085168838500977e-01,3.938583284616470337e-02,1.646236062049865723e+00,-4.284902215003967285e-01,6.992815434932708740e-02,-2.256250679492950439e-01,-3.976614028215408325e-02,2.791988551616668701e-01,-4.745897650718688965e-01,-6.563654541969299316e-01,-2.945390343666076660e-01,1.529052555561065674e-01,-3.436105251312255859e-01,8.483149111270904541e-02,-6.862171888351440430e-01,-1.898873895406723022e-01
-1.795052364468574524e-02,3.262668848037719727e-01,3.528522253036499023e-01,6.943079084157943726e-02,9.288484603166580200e-02,-6.146979331970214844e-01,7.801912426948547363e-01,-4.102788865566253662e-01,-6.922079250216484070e-03,1.403182446956634521e-01,2.005911827087402344e+00,-7.702683210372924805e-01,-4.162707552313804626e-02,-1.677043795585632324e+00,-3.423866331577301025e-01,4.193991795182228088e-02,1.647017717361450195e+00,-4.276728034019470215e-01,7.605843991041183472e-02,-2.366739511489868164e-01,-1.729918457567691803e-02,2.890792489051818848e-01,-4.596327543258666992e-01,-6.362527608871459961e-01,-2.926025390625000000e-01,1.536532938480377197e-01,-3.641654253005981445e-01,7.178700715303421021e-02,-6.820018291473388672e-01,-1.933254152536392212e-01
-1.636536791920661926e-02,3.256103098392486572e-01,3.533889055252075195e-01,6.470920890569686890e-02,8.895219862461090088e-02,-6.143984794616699219e-01,7.812904119491577148e-01,-4.005971848964691162e-01,-6.711713969707489014e-03,1.431037336587905884e-01,2.004165649414062500e+00,-7.690426707267761230e-01,-3.846750035881996155e-02,-1.668533563613891602e+00,-3.450726270675659180e-01,4.447082057595252991e-02,1.647937536239624023e+00,-4.268990159034729004e-01,8.187420666217803955e-02,-2.479616254568099976e-01,2.319158520549535751e-03,2.999151945114135742e-01,-4.453270435333251953e-01,-6.185113191604614258e-01,-2.919756174087524414e-01,1.544156074523925781e-01,-3.885644674301147461e-01,5.702815949916839600e-02,-6.810035109519958496e-01,-1.970157474279403687e-01
-1.505072601139545441e-02,3.250737488269805908e-01,3.538100719451904297e-01,6.273902207612991333e-02,8.769405633211135864e-02,-6.139867901802062988e-01,7.819167971611022949e-01,-3.947173953056335449e-01,-6.055817939341068268e-03,1.456041336059570312e-01,2.002442598342895508e+00,-7.675281763076782227e-01,-3.626439347863197327e-02,-1.663655519485473633e+00,-3.468623757362365723e-01,4.657653719186782837e-02,1.648748517036437988e+00,-4.258401393890380859e-01,8.676294982433319092e-02,-2.586470246315002441e-01,1.006929669529199600e-02,3.144024014472961426e-01,-4.354947805404663086e-01,-6.082785129547119141e-01,-2.953539192676544189e-01,1.526941806077957153e-01,-4.252482652664184570e-01,3.826680034399032593e-02,-6.878715157508850098e-01,-2.022203207015991211e-01
-1.385765522718429565e-02,3.246103525161743164e-01,3.541640043258666992e-01,6.116687506437301636e-02,8.694085478782653809e-02,-6.137084364891052246e-01,7.823438644409179688e-01,-3.903735280036926270e-01,-5.350404419004917145e-03,1.480519473552703857e-01,2.000838279724121094e+00,-7.660034894943237305e-01,-3.443804755806922913e-02,-1.660173773765563965e+00,-3.483617305755615234e-01,4.843495041131973267e-02,1.649378180503845215e+00,-4.245696663856506348e-01,9.138159453868865967e-02,-2.686650454998016357e-01,1.275670714676380157e-02,3.301266729831695557e-01,-4.280317723751068115e-01,-6.003617644309997559e-01,-2.999331951141357422e-01,1.491416394710540771e-01,-4.660463631153106689e-01,1.877035386860370636e-02,-6.965479850769042969e-01,-2.080150246620178223e-01
-1.290773041546344757e-02,3.242933452129364014e-01,3.543833196163177490e-01,6.039143353700637817e-02,8.719836175441741943e-02,-6.137026548385620117e-01,7.823800444602966309e-01,-3.891016840934753418e-01,-4.545954521745443344e-03,1.503945887088775635e-01,1.999471306800842285e+00,-7.644584774971008301e-01,-3.336523845791816711e-02,-1.659484624862670898e+00,-3.492802679538726807e-01,4.979874566197395325e-02,1.649645328521728516e+00,-4.228760600090026855e-01,9.546006470918655396e-02,-2.773482203483581543e-01,5.318470299243927002e-03,3.483251929283142090e-01,-4.253073036670684814e-01,-5.970771908760070801e-01,-3.069145083427429199e-01,1.419267952442169189e-01,-5.150731205940246582e-01,-2.196277491748332977e-03,-7.088414430618286133e-01,-2.149899601936340332e-01
-1.218242757022380829e-02,3.242297172546386719e-01,3.544048368930816650e-01,6.083422526717185974e-02,8.872898668050765991e-02,-6.137912273406982422e-01,7.821041345596313477e-01,-3.913548588752746582e-01,-3.738450817763805389e-03,1.527424156665802002e-01,1.998764872550964355e+00,-7.626688480377197266e-01,-3.297238796949386597e-02,-1.661721825599670410e+00,-3.496745824813842773e-01,5.049166083335876465e-02,1.649343132972717285e+00,-4.206126928329467773e-01,9.910552203655242920e-02,-2.836898863315582275e-01,-1.437019929289817810e-02,3.682742118835449219e-01,-4.290129244327545166e-01,-5.976677536964416504e-01,-3.156648278236389160e-01,1.291888952255249023e-01,-5.717629790306091309e-01,-2.324544638395309448e-02,-7.232095003128051758e-01,-2.232099175453186035e-01
-1.156945154070854187e-02,3.242927193641662598e-01,3.543274402618408203e-01,6.188585981726646423e-02,9.089574217796325684e-02,-6.139240264892578125e-01,7.816683650016784668e-01,-3.953706026077270508e-01,-2.929435111582279205e-03,1.550927758216857910e-01,1.998388528823852539e+00,-7.607570290565490723e-01,-3.291953727602958679e-02,-1.665422320365905762e+00,-3.498067855834960938e-01,5.084911361336708069e-02,1.648756027221679688e+00,-4.180644750595092773e-01,1.025344133377075195e-01,-2.888606488704681396e-01,-4.018382728099822998e-02,3.890981674194335938e-01,-4.359335899353027344e-01,-6.001958847045898438e-01,-3.252994716167449951e-01,1.136896684765815735e-01,-6.322833299636840820e-01,-4.433548450469970703e-02,-7.386145591735839844e-01,-2.320522367954254150e-01
-1.121095288544893265e-02,3.246755599975585938e-01,3.540019094944000244e-01,6.458497047424316406e-02,9.485816955566406250e-02,-6.145668029785156250e-01,7.804731130599975586e-01,-4.046772718429565430e-01,-2.204589080065488815e-03,1.572994589805603027e-01,1.999389290809631348e+00,-7.583481669425964355e-01,-3.399321436882019043e-02,-1.673254251480102539e+00,-3.493073582649230957e-01,4.994986206293106079e-02,1.647156000137329102e+00,-4.146246314048767090e-01,1.054797172546386719e-01,-2.892886102199554443e-01,-8.636987954378128052e-02,4.102533459663391113e-01,-4.541781544685363770e-01,-6.070630550384521484e-01,-3.362156748771667480e-01,8.807827532291412354e-02,-7.020509839057922363e-01,-6.350082159042358398e-02,-7.556010484695434570e-01,-2.425689548254013062e-01
-1.092727296054363251e-02,3.251891434192657471e-01,3.536133766174316406e-01,6.759025901556015015e-02,9.926073253154754639e-02,-6.153938770294189453e-01,7.790181040763854980e-01,-4.155763089656829834e-01,-1.618246897123754025e-03,1.592224240303039551e-01,2.000825166702270508e+00,-7.558342814445495605e-01,-3.557912632822990417e-02,-1.682257175445556641e+00,-3.486707210540771484e-01,4.856822267174720764e-02,1.645207047462463379e+00,-4.109383225440979004e-01,1.083080321550369263e-01,-2.878475189208984375e-01,-1.393066495656967163e-01,4.304067790508270264e-01,-4.762819409370422363e-01,-6.149169206619262695e-01,-3.470983803272247314e-01,5.901790782809257507e-02,-7.736291885375976562e-01,-8.143967390060424805e-02,-7.729812860488891602e-01,-2.536099851131439209e-01
-1.079321466386318207e-02,3.259642720222473145e-01,3.530988991260528564e-01,7.120852172374725342e-02,1.045444309711456299e-01,-6.165958642959594727e-01,7.770518064498901367e-01,-4.296601414680480957e-01,-1.308882841840386391e-03,1.605779975652694702e-01,2.003131389617919922e+00,-7.531102895736694336e-01,-3.818947821855545044e-02,-1.693602323532104492e+00,-3.477595746517181396e-01,4.622183740139007568e-02,1.642560243606567383e+00,-4.067589640617370605e-01,1.109024435281753540e-01,-2.826684713363647461e-01,-2.057455331087112427e-01,4.485573470592498779e-01,-5.061042308807373047e-01,-6.247442960739135742e-01,-3.579142391681671143e-01,2.305920235812664032e-02,-8.488299846649169922e-01,-9.692614525556564331e-02,-7.911492586135864258e-01,-2.656999230384826660e-01
-1.081239059567451477e-02,3.268823623657226562e-01,3.525041043758392334e-01,7.555314153432846069e-02,1.108665913343429565e-01,-6.179682016372680664e-01,7.746713161468505859e-01,-4.463046789169311523e-01,-1.170438132248818874e-03,1.609115302562713623e-01,2.006050348281860352e+00,-7.503802776336669922e-01,-4.188530519604682922e-02,-1.706697463989257812e+00,-3.467472195625305176e-01,4.282480105757713318e-02,1.639315605163574219e+00,-4.022949635982513428e-01,1.132975891232490540e-01,-2.734894454479217529e-01,-2.836698293685913086e-01,4.618819355964660645e-01,-5.426367521286010742e-01,-6.358457803726196289e-01,-3.677486181259155273e-01,-1.880059950053691864e-02,-9.241560697555541992e-01,-1.090746298432350159e-01,-8.104091882705688477e-01,-2.788991928100585938e-01
-1.090818177908658981e-02,3.278719186782836914e-01,3.518691360950469971e-01,8.025711029767990112e-02,1.177023500204086304e-01,-6.193953156471252441e-01,7.720457315444946289e-01,-4.642295539379119873e-01,-1.117451465688645840e-03,1.607340574264526367e-01,2.009275197982788086e+00,-7.476471066474914551e-01,-4.612385481595993042e-02,-1.720667839050292969e+00,-3.456842601299285889e-01,3.890244662761688232e-02,1.635771870613098145e+00,-3.976886570453643799e-01,1.155930981040000916e-01,-2.623104751110076904e-01,-3.673367500305175781e-01,4.727935791015625000e-01,-5.825241804122924805e-01,-6.475841403007507324e-01,-3.770923018455505371e-01,-6.361088901758193970e-02,-9.995446801185607910e-01,-1.195541545748710632e-01,-8.302150964736938477e-01,-2.926530838012695312e-01
-1.127056870609521866e-02,3.288738131523132324e-01,3.511749207973480225e-01,8.580538630485534668e-02,1.261027753353118896e-01,-6.204113960266113281e-01,7.693017721176147461e-01,-4.849019050598144531e-01,-7.599379168823361397e-04,1.584624946117401123e-01,2.012867689132690430e+00,-7.451021075248718262e-01,-5.171559005975723267e-02,-1.736282348632812500e+00,-3.447290658950805664e-01,3.336779028177261353e-02,1.631586551666259766e+00,-3.930780589580535889e-01,1.175420880317687988e-01,-2.457029074430465698e-01,-4.620837867259979248e-01,4.727610051631927490e-01,-6.294480562210083008e-01,-6.604098081588745117e-01,-3.836384415626525879e-01,-1.150378435850143433e-01,-1.068958044052124023e+00,-1.235505789518356323e-01,-8.520825505256652832e-01,-3.083395659923553467e-01
-1.171735022217035294e-02,3.298425674438476562e-01,3.504909574985504150e-01,9.101063013076782227e-02,1.346265226602554321e-01,-6.212272644042968750e-01,7.665960192680358887e-01,-5.060393214225769043e-01,-9.223006782121956348e-05,1.553637087345123291e-01,2.016412258148193359e+00,-7.427129149436950684e-01,-5.761671438813209534e-02,-1.752124190330505371e+00,-3.438797891139984131e-01,2.731621265411376953e-02,1.627288699150085449e+00,-3.886256515979766846e-01,1.193326413631439209e-01,-2.277598977088928223e-01,-5.577347278594970703e-01,4.683622121810913086e-01,-6.774144172668457031e-01,-6.732945442199707031e-01,-3.889760971069335938e-01,-1.681097149848937988e-01,-1.134308695793151855e+00,-1.245084851980209351e-01,-8.744411468505859375e-01,-3.245252370834350586e-01
-1.233292557299137115e-02,3.307449817657470703e-01,3.498274385929107666e-01,9.553915262222290039e-02,1.434105634689331055e-01,-6.217128038406372070e-01,7.640542387962341309e-01,-5.281073451042175293e-01,1.195851946249604225e-03,1.506105065345764160e-01,2.019861221313476562e+00,-7.406350970268249512e-01,-6.413672864437103271e-02,-1.768421053886413574e+00,-3.432423770427703857e-01,2.023069560527801514e-02,1.622765779495239258e+00,-3.844895064830780029e-01,1.208063513040542603e-01,-2.071456462144851685e-01,-6.551960110664367676e-01,4.552311897277832031e-01,-7.274672389030456543e-01,-6.862977743148803711e-01,-3.918969631195068359e-01,-2.244725823402404785e-01,-1.191536068916320801e+00,-1.193897202610969543e-01,-8.977825641632080078e-01,-3.417096734046936035e-01
-1.311153173446655273e-02,3.315199017524719238e-01,3.492212295532226562e-01,9.974399209022521973e-02,1.526031792163848877e-01,-6.216955184936523438e-01,7.617468237876892090e-01,-5.504530072212219238e-01,3.469279501587152481e-03,1.441531926393508911e-01,2.023047924041748047e+00,-7.389233708381652832e-01,-7.084755599498748779e-02,-1.784713268280029297e+00,-3.428911566734313965e-01,1.232532039284706116e-02,1.618254661560058594e+00,-3.809919953346252441e-01,1.218449324369430542e-01,-1.852253377437591553e-01,-7.489666938781738281e-01,4.335603117942810059e-01,-7.768392562866210938e-01,-6.986044645309448242e-01,-3.923167586326599121e-01,-2.843253016471862793e-01,-1.236783742904663086e+00,-1.050778925418853760e-01,-9.203633069992065430e-01,-3.589210212230682373e-01
-1.397166959941387177e-02,3.322310745716094971e-01,3.486436903476715088e-01,1.037812009453773499e-01,1.619911491870880127e-01,-6.213916540145874023e-01,7.595135569572448730e-01,-5.729379653930664062e-01,6.235423497855663300e-03,1.368436813354492188e-01,2.026103734970092773e+00,-7.373946905136108398e-01,-7.765391469001770020e-02,-1.801003575325012207e+00,-3.426831066608428955e-01,4.009865690022706985e-03,1.613749623298645020e+00,-3.778136968612670898e-01,1.226659715175628662e-01,-1.626515686511993408e-01,-8.408938050270080566e-01,4.076190590858459473e-01,-8.258717060089111328e-01,-7.105630040168762207e-01,-3.914860785007476807e-01,-3.459240496158599854e-01,-1.276042461395263672e+00,-8.616928756237030029e-02,-9.425640702247619629e-01,-3.761461377143859863e-01
-1.500945910811424255e-02,3.326417207717895508e-01,3.480870127677917480e-01,1.075128316879272461e-01,1.719218194484710693e-01,-6.200687885284423828e-01,7.578908801078796387e-01,-5.951651930809020996e-01,1.079403888434171677e-02,1.274286061525344849e-01,2.028709411621093750e+00,-7.363712787628173828e-01,-8.394746482372283936e-02,-1.817018747329711914e+00,-3.428836166858673096e-01,-4.951808135956525803e-03,1.609645843505859375e+00,-3.760686218738555908e-01,1.226444467902183533e-01,-1.401987075805664062e-01,-9.208897352218627930e-01,3.716476559638977051e-01,-8.704949617385864258e-01,-7.198373079299926758e-01,-3.872280418872833252e-01,-4.148591756820678711e-01,-1.292732238769531250e+00,-4.801891744136810303e-02,-9.589321613311767578e-01,-3.917105793952941895e-01
-1.607625186443328857e-02,3.329589664936065674e-01,3.475273251533508301e-01,1.109954044222831726e-01,1.818612217903137207e-01,-6.183842420578002930e-01,7.564439773559570312e-01,-6.170905828475952148e-01,1.573620736598968506e-02,1.176952868700027466e-01,2.031066417694091797e+00,-7.354531884193420410e-01,-8.983570337295532227e-02,-1.832979679107666016e+00,-3.431673347949981689e-01,-1.388985011726617813e-02,1.605787515640258789e+00,-3.749617338180541992e-01,1.222921758890151978e-01,-1.187403872609138489e-01,-9.955884814262390137e-01,3.339999914169311523e-01,-9.129975438117980957e-01,-7.275968790054321289e-01,-3.821211457252502441e-01,-4.872526824474334717e-01,-1.301158189773559570e+00,-1.930434256792068481e-03,-9.716256260871887207e-01,-4.060727655887603760e-01
-1.720106601715087891e-02,3.330895602703094482e-01,3.469615578651428223e-01,1.139922738075256348e-01,1.918374001979827881e-01,-6.160495877265930176e-01,7.554384469985961914e-01,-6.384128928184509277e-01,2.144556492567062378e-02,1.073253229260444641e-01,2.032924890518188477e+00,-7.347458600997924805e-01,-9.491349011659622192e-02,-1.848832130432128906e+00,-3.436175286769866943e-01,-2.278083749115467072e-02,1.602419853210449219e+00,-3.751310706138610840e-01,1.212784200906753540e-01,-9.927054494619369507e-02,-1.059695243835449219e+00,2.929990291595458984e-01,-9.512599110603332520e-01,-7.323275804519653320e-01,-3.753164708614349365e-01,-5.665645599365234375e-01,-1.293057918548583984e+00,6.003506854176521301e-02,-9.769700765609741211e-01,-4.180307686328887939e-01
-1.838234812021255493e-02,3.330688476562500000e-01,3.464301526546478271e-01,1.167234927415847778e-01,2.016973942518234253e-01,-6.134328842163085938e-01,7.545820474624633789e-01,-6.589634418487548828e-01,2.715478837490081787e-02,9.733518958091735840e-02,2.033908367156982422e+00,-7.340929508209228516e-01,-9.881138801574707031e-02,-1.864845752716064453e+00,-3.440529406070709229e-01,-3.110023215413093567e-02,1.599760293960571289e+00,-3.769108653068542480e-01,1.195633858442306519e-01,-8.300851285457611084e-02,-1.112874507904052734e+00,2.521144449710845947e-01,-9.848756790161132812e-01,-7.330579757690429688e-01,-3.676393330097198486e-01,-6.541838645935058594e-01,-1.268596410751342773e+00,1.390469968318939209e-01,-9.720429778099060059e-01,-4.265141487121582031e-01
-1.959184370934963226e-02,3.329724371433258057e-01,3.459159433841705322e-01,1.193153560161590576e-01,2.114875912666320801e-01,-6.106420159339904785e-01,7.537593841552734375e-01,-6.791276335716247559e-01,3.286383673548698425e-02,8.753518015146255493e-02,2.034454345703125000e+00,-7.334672808647155762e-01,-1.021192520856857300e-01,-1.880939722061157227e+00,-3.444809913635253906e-01,-3.913366049528121948e-02,1.597455024719238281e+00,-3.794958591461181641e-01,1.174977347254753113e-01,-6.835071742534637451e-02,-1.160588860511779785e+00,2.112888544797897339e-01,-1.016167402267456055e+00,-7.317882776260375977e-01,-3.595260977745056152e-01,-7.459551692008972168e-01,-1.235954403877258301e+00,2.265807986259460449e-01,-9.619801640510559082e-01,-4.332600533962249756e-01
-2.098205126821994781e-02,3.326979279518127441e-01,3.453846573829650879e-01,1.223996728658676147e-01,2.197276204824447632e-01,-6.081547141075134277e-01,7.529184222221374512e-01,-6.982353925704956055e-01,3.799498826265335083e-02,7.928682863712310791e-02,2.033146858215332031e+00,-7.327750921249389648e-01,-1.035789251327514648e-01,-1.897912502288818359e+00,-3.445530831813812256e-01,-4.551469907164573669e-02,1.596570730209350586e+00,-3.850125074386596680e-01,1.144402027130126953e-01,-5.913539975881576538e-02,-1.194036006927490234e+00,1.752561032772064209e-01,-1.040727496147155762e+00,-7.239034175872802734e-01,-3.512827754020690918e-01,-8.492684364318847656e-01,-1.181416273117065430e+00,3.365379571914672852e-01,-9.344112277030944824e-01,-4.350467920303344727e-01
-2.245587483048439026e-02,3.323165476322174072e-01,3.448255658149719238e-01,1.259529888629913330e-01,2.272865772247314453e-01,-6.057601571083068848e-01,7.520181536674499512e-01,-7.170020937919616699e-01,4.273299500346183777e-02,7.176474481821060181e-02,2.031008720397949219e+00,-7.320418357849121094e-01,-1.045418307185173035e-01,-1.915347337722778320e+00,-3.443970084190368652e-01,-5.121375620365142822e-02,1.596292138099670410e+00,-3.916748166084289551e-01,1.111072525382041931e-01,-5.169485881924629211e-02,-1.223880290985107422e+00,1.420187056064605713e-01,-1.063352584838867188e+00,-7.140070199966430664e-01,-3.433250486850738525e-01,-9.543334841728210449e-01,-1.121629476547241211e+00,4.506510198116302490e-01,-9.018692374229431152e-01,-4.359239637851715088e-01
-2.409695088863372803e-02,3.317215144634246826e-01,3.442109227180480957e-01,1.304561793804168701e-01,2.335044145584106445e-01,-6.036106348037719727e-01,7.510733604431152344e-01,-7.350867986679077148e-01,4.668475687503814697e-02,6.569516658782958984e-02,2.027209997177124023e+00,-7.312264442443847656e-01,-1.045111715793609619e-01,-1.933706283569335938e+00,-3.437845408916473389e-01,-5.554889515042304993e-02,1.597224831581115723e+00,-4.006285071372985840e-01,1.072234511375427246e-01,-4.780390858650207520e-02,-1.246518731117248535e+00,1.143717318773269653e-01,-1.082107543945312500e+00,-7.000869512557983398e-01,-3.359383642673492432e-01,-1.062903404235839844e+00,-1.051344275474548340e+00,5.730776786804199219e-01,-8.593803644180297852e-01,-4.349818825721740723e-01
-2.591370418667793274e-02,3.307436108589172363e-01,3.435817360877990723e-01,1.363506764173507690e-01,2.398711442947387695e-01,-6.012747883796691895e-01,7.498926520347595215e-01,-7.524785995483398438e-01,4.960971325635910034e-02,6.121629476547241211e-02,2.021267890930175781e+00,-7.303493618965148926e-01,-1.038425117731094360e-01,-1.952974557876586914e+00,-3.425463140010833740e-01,-5.869127437472343445e-02,1.599612593650817871e+00,-4.121463000774383545e-01,1.029442846775054932e-01,-4.678806662559509277e-02,-1.264602303504943848e+00,9.321638196706771851e-02,-1.097753643989562988e+00,-6.832571029663085938e-01,-3.297573029994964600e-01,-1.168976306915283203e+00,-9.763067960739135742e-01,6.950728893280029297e-01,-8.115313053131103516e-01,-4.333951175212860107e-01
-2.781830355525016785e-02,3.295742869377136230e-01,3.429453372955322266e-01,1.429330706596374512e-01,2.462988644838333130e-01,-5.988125801086425781e-01,7.485523819923400879e-01,-7.695240974426269531e-01,5.202130600810050964e-02,5.753273144364356995e-02,2.014253854751586914e+00,-7.294413447380065918e-01,-1.028548404574394226e-01,-1.972697377204895020e+00,-3.409951925277709961e-01,-6.123731657862663269e-02,1.602727890014648438e+00,-4.249461591243743896e-01,9.846741706132888794e-02,-4.720973223447799683e-02,-1.280408740043640137e+00,7.530660927295684814e-02,-1.111845493316650391e+00,-6.649723052978515625e-01,-3.241789638996124268e-01,-1.273801326751708984e+00,-8.988928198814392090e-01,8.168531656265258789e-01,-7.610018849372863770e-01,-4.314859807491302490e-01
-3.003749437630176544e-02,3.276008069515228271e-01,3.422648608684539795e-01,1.534595489501953125e-01,2.547523379325866699e-01,-5.954453945159912109e-01,7.463217973709106445e-01,-7.853181362152099609e-01,5.395324528217315674e-02,5.529365688562393188e-02,2.003543853759765625e+00,-7.288817167282104492e-01,-1.015899479389190674e-01,-1.993330240249633789e+00,-3.383786082267761230e-01,-6.259600073099136353e-02,1.608375072479248047e+00,-4.417929053306579590e-01,9.364189207553863525e-02,-4.892074689269065857e-02,-1.292996525764465332e+00,6.579571217298507690e-02,-1.122035980224609375e+00,-6.446123123168945312e-01,-3.209192156791687012e-01,-1.366137862205505371e+00,-8.224169611930847168e-01,9.259480237960815430e-01,-7.101535201072692871e-01,-4.303129613399505615e-01
-3.235385939478874207e-02,3.252565562725067139e-01,3.415729999542236328e-01,1.641442328691482544e-01,2.631014585494995117e-01,-5.920341014862060547e-01,7.438615560531616211e-01,-8.004930615425109863e-01,5.636119097471237183e-02,5.294652655720710754e-02,1.991533756256103516e+00,-7.287161350250244141e-01,-1.004442498087882996e-01,-2.013968229293823242e+00,-3.354152441024780273e-01,-6.385791301727294922e-02,1.614959836006164551e+00,-4.599556028842926025e-01,8.876667916774749756e-02,-5.040658265352249146e-02,-1.305394291877746582e+00,5.848623067140579224e-02,-1.131054759025573730e+00,-6.243193745613098145e-01,-3.184520006179809570e-01,-1.452058076858520508e+00,-7.485711574554443359e-01,1.027853608131408691e+00,-6.617251634597778320e-01,-4.297604858875274658e-01
-3.486457094550132751e-02,3.221707344055175781e-01,3.408582806587219238e-01,1.751725375652313232e-01,2.712891995906829834e-01,-5.886499285697937012e-01,7.410857081413269043e-01,-8.144296407699584961e-01,5.972118303179740906e-02,5.038327723741531372e-02,1.976922392845153809e+00,-7.293381690979003906e-01,-9.953694790601730347e-02,-2.034615755081176758e+00,-3.317584097385406494e-01,-6.492627412080764771e-02,1.623420119285583496e+00,-4.807500839233398438e-01,8.379209786653518677e-02,-5.144204944372177124e-02,-1.317411661148071289e+00,5.557965859770774841e-02,-1.137729883193969727e+00,-6.041604280471801758e-01,-3.175700008869171143e-01,-1.525145649909973145e+00,-6.799855232238769531e-01,1.115380287170410156e+00,-6.181371212005615234e-01,-4.304490685462951660e-01
-3.752411901950836182e-02,3.178972005844116211e-01,3.401713371276855469e-01,1.853376626968383789e-01,2.796113491058349609e-01,-5.853528976440429688e-01,7.381256222724914551e-01,-8.263024687767028809e-01,6.462892889976501465e-02,4.715229570865631104e-02,1.959048986434936523e+00,-7.314279079437255859e-01,-9.888148307800292969e-02,-2.054407358169555664e+00,-3.275221288204193115e-01,-6.654068827629089355e-02,1.633836984634399414e+00,-5.038710832595825195e-01,7.877250760793685913e-02,-5.164118111133575439e-02,-1.329836487770080566e+00,5.588446557521820068e-02,-1.142220497131347656e+00,-5.853755474090576172e-01,-3.182092308998107910e-01,-1.583355784416198730e+00,-6.200387477874755859e-01,1.185965657234191895e+00,-5.836263895034790039e-01,-4.320581853389739990e-01
-4.025803506374359131e-02,3.130299150943756104e-01,3.394983112812042236e-01,1.950542181730270386e-01,2.879759967327117920e-01,-5.820500850677490234e-01,7.350111603736877441e-01,-8.371431827545166016e-01,7.031048834323883057e-02,4.358750954270362854e-02,1.939544558525085449e+00,-7.342514991760253906e-01,-9.835194796323776245e-02,-2.073770523071289062e+00,-3.229962289333343506e-01,-6.842810660600662231e-02,1.645231842994689941e+00,-5.281549692153930664e-01,7.373049855232238770e-02,-5.142212659120559692e-02,-1.342464804649353027e+00,5.779498070478439331e-02,-1.145618557929992676e+00,-5.672782063484191895e-01,-3.196090459823608398e-01,-1.634125828742980957e+00,-5.644127726554870605e-01,1.248078703880310059e+00,-5.536552071571350098e-01,-4.341275095939636230e-01
-4.314926266670227051e-02,3.063588142395019531e-01,3.389022946357727051e-01,2.036054432392120361e-01,2.979220449924468994e-01,-5.779898166656494141e-01,7.319256663322448730e-01,-8.434474468231201172e-01,7.898182421922683716e-02,3.880131617188453674e-02,1.913721561431884766e+00,-7.402744293212890625e-01,-9.771303832530975342e-02,-2.090666532516479492e+00,-3.178853392601013184e-01,-7.203900814056396484e-02,1.659210205078125000e+00,-5.550708770751953125e-01,6.857965886592864990e-02,-4.948233813047409058e-02,-1.355251073837280273e+00,6.242571026086807251e-02,-1.145767688751220703e+00,-5.528184175491333008e-01,-3.235723376274108887e-01,-1.665318489074707031e+00,-5.233091115951538086e-01,1.287839174270629883e+00,-5.405299067497253418e-01,-4.363314807415008545e-01
-4.608289152383804321e-02,2.989915311336517334e-01,3.383176922798156738e-01,2.116554677486419678e-01,3.077560365200042725e-01,-5.738320350646972656e-01,7.288382053375244141e-01,-8.480268716812133789e-01,8.874583989381790161e-02,3.365131840109825134e-02,1.885404586791992188e+00,-7.471678256988525391e-01,-9.675779193639755249e-02,-2.106511116027832031e+00,-3.126943409442901611e-01,-7.636864483356475830e-02,1.673793673515319824e+00,-5.824705362319946289e-01,6.335112452507019043e-02,-4.701764881610870361e-02,-1.367577552795410156e+00,6.743933260440826416e-02,-1.144650816917419434e+00,-5.401151180267333984e-01,-3.285022974014282227e-01,-1.691808223724365234e+00,-4.865680038928985596e-01,1.322349309921264648e+00,-5.331610441207885742e-01,-4.386887252330780029e-01
-4.910133033990859985e-02,2.902320027351379395e-01,3.377560079097747803e-01,2.187457233667373657e-01,3.174286484718322754e-01,-5.696051120758056641e-01,7.259059548377990723e-01,-8.491566181182861328e-01,1.006952598690986633e-01,2.777369506657123566e-02,1.852100133895874023e+00,-7.558018565177917480e-01,-9.516984224319458008e-02,-2.120251893997192383e+00,-3.073431551456451416e-01,-8.213575929403305054e-02,1.689587593078613281e+00,-6.108376979827880859e-01,5.796722695231437683e-02,-4.350315779447555542e-02,-1.378984212875366211e+00,7.321873307228088379e-02,-1.141001939773559570e+00,-5.309249758720397949e-01,-3.353657722473144531e-01,-1.708892583847045898e+00,-4.585522115230560303e-01,1.346358895301818848e+00,-5.373052954673767090e-01,-4.413525164127349854e-01
-5.209190398454666138e-02,2.799022197723388672e-01,3.371466994285583496e-01,2.260687649250030518e-01,3.275276124477386475e-01,-5.648373365402221680e-01,7.228951454162597656e-01,-8.474079966545104980e-01,1.143340915441513062e-01,2.166912518441677094e-02,1.812827825546264648e+00,-7.646843194961547852e-01,-9.250330924987792969e-02,-2.131677389144897461e+00,-3.020668029785156250e-01,-8.950607478618621826e-02,1.705621719360351562e+00,-6.392532587051391602e-01,5.235409736633300781e-02,-3.965474292635917664e-02,-1.388763546943664551e+00,7.992748916149139404e-02,-1.134350299835205078e+00,-5.266000628471374512e-01,-3.447456359863281250e-01,-1.720008730888366699e+00,-4.380504488945007324e-01,1.364165544509887695e+00,-5.532237291336059570e-01,-4.450636506080627441e-01
-5.506858602166175842e-02,2.687871456146240234e-01,3.365136086940765381e-01,2.334834933280944824e-01,3.378040492534637451e-01,-5.597391128540039062e-01,7.197680473327636719e-01,-8.442201018333435059e-01,1.288178414106369019e-01,1.545099914073944092e-02,1.770570874214172363e+00,-7.736909985542297363e-01,-8.929743617773056030e-02,-2.141945600509643555e+00,-2.968278527259826660e-01,-9.767813980579376221e-02,1.721776604652404785e+00,-6.676933765411376953e-01,4.662627726793289185e-02,-3.563930839300155640e-02,-1.397729396820068359e+00,8.710104972124099731e-02,-1.126197099685668945e+00,-5.247077941894531250e-01,-3.553838431835174561e-01,-1.728140830993652344e+00,-4.213056266307830811e-01,1.378870964050292969e+00,-5.750296711921691895e-01,-4.492985308170318604e-01
-5.798097699880599976e-02,2.554273307323455811e-01,3.361510634422302246e-01,2.411063760519027710e-01,3.482555449008941650e-01,-5.540322661399841309e-01,7.166827321052551270e-01,-8.382371664047241211e-01,1.440134793519973755e-01,9.270028211176395416e-03,1.716582536697387695e+00,-7.788757085800170898e-01,-8.520795404911041260e-02,-2.148858070373535156e+00,-2.920219004154205322e-01,-1.083038896322250366e-01,1.735972642898559570e+00,-6.947436332702636719e-01,4.053837433457374573e-02,-3.170824795961380005e-02,-1.402436494827270508e+00,9.661300480365753174e-02,-1.112878799438476562e+00,-5.325100421905517578e-01,-3.713987469673156738e-01,-1.731278419494628906e+00,-4.138940870761871338e-01,1.389689803123474121e+00,-6.146728992462158203e-01,-4.569803178310394287e-01
-6.087673082947731018e-02,2.415634840726852417e-01,3.361271917819976807e-01,2.482925057411193848e-01,3.585632145404815674e-01,-5.483617782592773438e-01,7.135003209114074707e-01,-8.322169780731201172e-01,1.588238924741744995e-01,2.780333627015352249e-03,1.657685279846191406e+00,-7.801653146743774414e-01,-8.147366344928741455e-02,-2.154834985733032227e+00,-2.874487936496734619e-01,-1.196836680173873901e-01,1.748496532440185547e+00,-7.208542823791503906e-01,3.438690677285194397e-02,-2.785087004303932190e-02,-1.405235052108764648e+00,1.071788519620895386e-01,-1.097695231437683105e+00,-5.444687604904174805e-01,-3.899350762367248535e-01,-1.733605384826660156e+00,-4.090635180473327637e-01,1.400450706481933594e+00,-6.600401997566223145e-01,-4.661558866500854492e-01
-6.373906880617141724e-02,2.266922444105148315e-01,3.367807865142822266e-01,2.546581029891967773e-01,3.686597943305969238e-01,-5.428914427757263184e-01,7.102873921394348145e-01,-8.261225223541259766e-01,1.728630214929580688e-01,-4.326515365391969681e-03,1.588972330093383789e+00,-7.736639976501464844e-01,-7.845002412796020508e-02,-2.158940553665161133e+00,-2.833417057991027832e-01,-1.325710266828536987e-01,1.757675528526306152e+00,-7.450842261314392090e-01,2.810861170291900635e-02,-2.414105832576751709e-02,-1.404215455055236816e+00,1.198520883917808533e-01,-1.078781962394714355e+00,-5.647402405738830566e-01,-4.135135710239410400e-01,-1.734310746192932129e+00,-4.093955159187316895e-01,1.411095023155212402e+00,-7.168540954589843750e-01,-4.783188700675964355e-01
-6.650493294000625610e-02,2.103726863861083984e-01,3.386642038822174072e-01,2.626595199108123779e-01,3.809101879596710205e-01,-5.360752940177917480e-01,7.060742378234863281e-01,-8.223661184310913086e-01,1.852232217788696289e-01,-1.319660898298025131e-02,1.509017348289489746e+00,-7.530528306961059570e-01,-7.811758667230606079e-02,-2.161445617675781250e+00,-2.798420786857604980e-01,-1.467446088790893555e-01,1.761450767517089844e+00,-7.665803432464599609e-01,2.197727560997009277e-02,-2.065690793097019196e-02,-1.399508237838745117e+00,1.347772181034088135e-01,-1.055978894233703613e+00,-5.945489406585693359e-01,-4.426040053367614746e-01,-1.733591556549072266e+00,-4.142021536827087402e-01,1.422132253646850586e+00,-7.836306691169738770e-01,-4.925314784049987793e-01
-6.922249495983123779e-02,1.933294385671615601e-01,3.411624431610107422e-01,2.714206874370574951e-01,3.941530287265777588e-01,-5.284708142280578613e-01,7.012081146240234375e-01,-8.197787404060363770e-01,1.967436820268630981e-01,-2.294804342091083527e-02,1.423443675041198730e+00,-7.253876328468322754e-01,-7.913067936897277832e-02,-2.163150548934936523e+00,-2.766462862491607666e-01,-1.615608781576156616e-01,1.762524485588073730e+00,-7.867090702056884766e-01,1.591956801712512970e-02,-1.728566922247409821e-02,-1.392957448959350586e+00,1.508278250694274902e-01,-1.031231641769409180e+00,-6.291251778602600098e-01,-4.744495153427124023e-01,-1.732160210609436035e+00,-4.212458431720733643e-01,1.433365583419799805e+00,-8.553865551948547363e-01,-5.077685117721557617e-01
-7.184757292270660400e-02,1.737953126430511475e-01,3.465166091918945312e-01,2.854790985584259033e-01,4.127911925315856934e-01,-5.167325735092163086e-01,6.936084032058715820e-01,-8.241922855377197266e-01,2.060354650020599365e-01,-3.384503722190856934e-02,1.322516679763793945e+00,-6.751827001571655273e-01,-8.576381206512451172e-02,-2.162637710571289062e+00,-2.745409309864044189e-01,-1.777920275926589966e-01,1.752368211746215820e+00,-8.015652894973754883e-01,1.076339557766914368e-02,-1.409295387566089630e-02,-1.382603645324707031e+00,1.697463095188140869e-01,-1.001646757125854492e+00,-6.778483390808105469e-01,-5.141506791114807129e-01,-1.727555036544799805e+00,-4.344409108161926270e-01,1.443803191184997559e+00,-9.381840229034423828e-01,-5.224477052688598633e-01
-7.446303218603134155e-02,1.533011794090270996e-01,3.530207872390747070e-01,3.012654781341552734e-01,4.332254528999328613e-01,-5.028973221778869629e-01,6.845796108245849609e-01,-8.316680788993835449e-01,2.146359384059906006e-01,-4.475547373294830322e-02,1.218986034393310547e+00,-6.188911199569702148e-01,-9.454593062400817871e-02,-2.161433696746826172e+00,-2.728559374809265137e-01,-1.941836178302764893e-01,1.737616181373596191e+00,-8.142707943916320801e-01,6.190442014485597610e-03,-1.095456443727016449e-02,-1.371290802955627441e+00,1.887586712837219238e-01,-9.711934924125671387e-01,-7.304325699806213379e-01,-5.558739304542541504e-01,-1.721522808074951172e+00,-4.494187235832214355e-01,1.453148484230041504e+00,-1.022633194923400879e+00,-5.353637933731079102e-01
-7.705946266651153564e-02,1.308854669332504272e-01,3.618255853652954102e-01,3.205721080303192139e-01,4.573481380939483643e-01,-4.850372374057769775e-01,6.729080677032470703e-01,-8.452690839767456055e-01,2.218544334173202515e-01,-5.569363385438919067e-02,1.110240459442138672e+00,-5.504220724105834961e-01,-1.076266467571258545e-01,-2.158847808837890625e+00,-2.720115482807159424e-01,-2.108973562717437744e-01,1.713671803474426270e+00,-8.226758837699890137e-01,2.783577190712094307e-03,-7.924587465822696686e-03,-1.358058929443359375e+00,2.079602032899856567e-01,-9.390008449554443359e-01,-7.907428741455078125e-01,-6.016443967819213867e-01,-1.712635755538940430e+00,-4.679630994796752930e-01,1.460310220718383789e+00,-1.110392093658447266e+00,-5.447546243667602539e-01
-7.955525815486907959e-02,1.063879430294036865e-01,3.725954592227935791e-01,3.431046605110168457e-01,4.841748476028442383e-01,-4.623142480850219727e-01,6.588774323463439941e-01,-8.658486604690551758e-01,2.270075380802154541e-01,-6.672633439302444458e-02,1.005405426025390625e+00,-4.747544825077056885e-01,-1.242490559816360474e-01,-2.154991149902343750e+00,-2.721266746520996094e-01,-2.270369231700897217e-01,1.679589033126831055e+00,-8.259586095809936523e-01,1.153214019723236561e-03,-5.024282727390527725e-03,-1.344522476196289062e+00,2.252830415964126587e-01,-9.071142673492431641e-01,-8.557877540588378906e-01,-6.492137908935546875e-01,-1.700890541076660156e+00,-4.894086718559265137e-01,1.463264226913452148e+00,-1.196702957153320312e+00,-5.464751720428466797e-01
-8.200068771839141846e-02,8.085021376609802246e-02,3.843475580215454102e-01,3.667530119419097900e-01,5.116561055183410645e-01,-4.365330338478088379e-01,6.427590250968933105e-01,-8.899167776107788086e-01,2.311278730630874634e-01,-7.780602574348449707e-02,9.025283455848693848e-01,-3.954896628856658936e-01,-1.426417529582977295e-01,-2.150499820709228516e+00,-2.727214992046356201e-01,-2.428890466690063477e-01,1.640438318252563477e+00,-8.266803026199340820e-01,4.110865702386945486e-04,-2.188883721828460693e-03,-1.330834150314331055e+00,2.416661977767944336e-01,-8.753814101219177246e-01,-9.231981635093688965e-01,-6.976814270019531250e-01,-1.687716603279113770e+00,-5.123041272163391113e-01,1.464114665985107422e+00,-1.282287836074829102e+00,-5.443608760833740234e-01
-8.427225053310394287e-02,5.164607614278793335e-02,3.976778984069824219e-01,3.933842778205871582e-01,5.393496155738830566e-01,-4.042898118495941162e-01,6.252204179763793945e-01,-9.247968196868896484e-01,2.316493839025497437e-01,-8.654327690601348877e-02,8.230949640274047852e-01,-3.188524246215820312e-01,-1.630678027868270874e-01,-2.144318103790283203e+00,-2.749502658843994141e-01,-2.562538683414459229e-01,1.586007595062255859e+00,-8.184368014335632324e-01,3.202118445187807083e-03,3.659597714431583881e-04,-1.320179462432861328e+00,2.525753080844879150e-01,-8.472756147384643555e-01,-9.916571378707885742e-01,-7.438591718673706055e-01,-1.670495510101318359e+00,-5.381812453269958496e-01,1.455603837966918945e+00,-1.359552621841430664e+00,-5.276909470558166504e-01
-8.635029196739196777e-02,2.143231034278869629e-02,4.111616313457489014e-01,4.198399186134338379e-01,5.651757717132568359e-01,-3.703295290470123291e-01,6.059430837631225586e-01,-9.630310535430908203e-01,2.312569916248321533e-01,-9.310443699359893799e-02,7.570645809173583984e-01,-2.485899925231933594e-01,-1.826485097408294678e-01,-2.137803077697753906e+00,-2.777892649173736572e-01,-2.681734263896942139e-01,1.526795625686645508e+00,-8.067891001701354980e-01,7.383364252746105194e-03,2.620669547468423843e-03,-1.311433196067810059e+00,2.613793313503265381e-01,-8.214244246482849121e-01,-1.058475971221923828e+00,-7.878882884979248047e-01,-1.652259945869445801e+00,-5.646215081214904785e-01,1.443564176559448242e+00,-1.432824611663818359e+00,-5.065490603446960449e-01
-8.804140239953994751e-02,-1.080302335321903229e-02,4.249530732631683350e-01,4.469212889671325684e-01,5.886375904083251953e-01,-3.341184556484222412e-01,5.849206447601318359e-01,-1.007977008819580078e+00,2.290367484092712402e-01,-9.531390666961669922e-02,7.178348898887634277e-01,-1.910718530416488647e-01,-2.005400061607360840e-01,-2.130620718002319336e+00,-2.818489372730255127e-01,-2.772033810615539551e-01,1.458016633987426758e+00,-7.883323431015014648e-01,1.434535719454288483e-02,4.275283776223659515e-03,-1.306502938270568848e+00,2.659739553928375244e-01,-8.000802993774414062e-01,-1.122020006179809570e+00,-8.276234865188598633e-01,-1.631994247436523438e+00,-5.921899080276489258e-01,1.424465537071228027e+00,-1.498116374015808105e+00,-4.764617979526519775e-01
-8.900940418243408203e-02,-4.454825073480606079e-02,4.382196664810180664e-01,4.735606014728546143e-01,6.085756421089172363e-01,-2.973943054676055908e-01,5.629678368568420410e-01,-1.057443499565124512e+00,2.248236536979675293e-01,-9.537279605865478516e-02,7.106694579124450684e-01,-1.493895798921585083e-01,-2.159680724143981934e-01,-2.123432159423828125e+00,-2.872335910797119141e-01,-2.825267016887664795e-01,1.381431102752685547e+00,-7.625056505203247070e-01,2.420748770236968994e-02,4.810785409063100815e-03,-1.306200265884399414e+00,2.669889628887176514e-01,-7.846009731292724609e-01,-1.179377675056457520e+00,-8.609553575515747070e-01,-1.611127257347106934e+00,-6.202583312988281250e-01,1.398893952369689941e+00,-1.554663181304931641e+00,-4.394444525241851807e-01
-8.961583673954010010e-02,-7.904752343893051147e-02,4.512234628200531006e-01,4.992763996124267578e-01,6.258708238601684570e-01,-2.600542902946472168e-01,5.397968292236328125e-01,-1.109168767929077148e+00,2.196142971515655518e-01,-9.435646235942840576e-02,7.195352911949157715e-01,-1.156257838010787964e-01,-2.301640808582305908e-01,-2.116240262985229492e+00,-2.932805418968200684e-01,-2.859967052936553955e-01,1.300944209098815918e+00,-7.329947948455810547e-01,3.551934659481048584e-02,4.786753095686435699e-03,-1.308211207389831543e+00,2.662143111228942871e-01,-7.720541954040527344e-01,-1.233640909194946289e+00,-8.910848498344421387e-01,-1.589960217475891113e+00,-6.485760807991027832e-01,1.370086789131164551e+00,-1.606836557388305664e+00,-3.989631831645965576e-01
-8.967815339565277100e-02,-1.153794005513191223e-01,4.620482325553894043e-01,5.257075428962707520e-01,6.389454603195190430e-01,-2.216728329658508301e-01,5.159859061241149902e-01,-1.163299560546875000e+00,2.118771970272064209e-01,-9.352082759141921997e-02,7.724629640579223633e-01,-1.027584969997406006e-01,-2.400162518024444580e-01,-2.110095739364624023e+00,-3.013747334480285645e-01,-2.836703360080718994e-01,1.213400363922119141e+00,-6.925264596939086914e-01,5.082271248102188110e-02,2.479251939803361893e-03,-1.318386912345886230e+00,2.629089355468750000e-01,-7.689694166183471680e-01,-1.276548266410827637e+00,-9.096419811248779297e-01,-1.570947408676147461e+00,-6.770684719085693359e-01,1.334488153457641602e+00,-1.647170543670654297e+00,-3.517493307590484619e-01
-8.971809595823287964e-02,-1.522423923015594482e-01,4.717865586280822754e-01,5.512178540229797363e-01,6.496547460556030273e-01,-1.825139969587326050e-01,4.907100796699523926e-01,-1.216765642166137695e+00,2.045592516660690308e-01,-9.227017313241958618e-02,8.356645107269287109e-01,-9.539864957332611084e-02,-2.483378946781158447e-01,-2.104622125625610352e+00,-3.101194798946380615e-01,-2.796877622604370117e-01,1.125614762306213379e+00,-6.488555669784545898e-01,6.713891029357910156e-02,-5.011282046325504780e-04,-1.331311464309692383e+00,2.596186697483062744e-01,-7.688915133476257324e-01,-1.315656423568725586e+00,-9.241541624069213867e-01,-1.553487062454223633e+00,-7.055531144142150879e-01,1.298036813735961914e+00,-1.684520006179809570e+00,-3.039581179618835449e-01
-8.971325308084487915e-02,-1.901694238185882568e-01,4.793523550033569336e-01,5.763100981712341309e-01,6.574233174324035645e-01,-1.425471305847167969e-01,4.640492498874664307e-01,-1.268905162811279297e+00,1.980792284011840820e-01,-9.018942713737487793e-02,9.194166064262390137e-01,-9.905302524566650391e-02,-2.535989880561828613e-01,-2.100489139556884766e+00,-3.201656341552734375e-01,-2.723926603794097900e-01,1.037341356277465820e+00,-5.987775325775146484e-01,8.548154681921005249e-02,-4.827383905649185181e-03,-1.349734306335449219e+00,2.563585638999938965e-01,-7.748273015022277832e-01,-1.347168087959289551e+00,-9.305773973464965820e-01,-1.539130687713623047e+00,-7.340237498283386230e-01,1.259878635406494141e+00,-1.715902805328369141e+00,-2.550097405910491943e-01
-8.942361176013946533e-02,-2.288216650485992432e-01,4.844653606414794922e-01,6.005784273147583008e-01,6.627944707870483398e-01,-1.021673157811164856e-01,4.353974461555480957e-01,-1.317116856575012207e+00,1.948586553335189819e-01,-8.856021612882614136e-02,1.011306524276733398e+00,-1.094910055398941040e-01,-2.568108737468719482e-01,-2.098026514053344727e+00,-3.313125371932983398e-01,-2.631796002388000488e-01,9.533133506774902344e-01,-5.440967082977294922e-01,1.048784852027893066e-01,-9.656742215156555176e-03,-1.373132944107055664e+00,2.545088827610015869e-01,-7.860261201858520508e-01,-1.372260212898254395e+00,-9.296740293502807617e-01,-1.529468059539794922e+00,-7.625683546066284180e-01,1.223063588142395020e+00,-1.743135690689086914e+00,-2.063820362091064453e-01
-8.899158984422683716e-02,-2.678335607051849365e-01,4.883514642715454102e-01,6.234424710273742676e-01,6.659055948257446289e-01,-6.148279458284378052e-02,4.051040112972259521e-01,-1.363360881805419922e+00,1.932681053876876831e-01,-8.715690672397613525e-02,1.107258558273315430e+00,-1.233201324939727783e-01,-2.589978575706481934e-01,-2.096399068832397461e+00,-3.430090248584747314e-01,-2.530081868171691895e-01,8.714147210121154785e-01,-4.871186316013336182e-01,1.248011291027069092e-01,-1.473729405552148819e-02,-1.399017691612243652e+00,2.533645927906036377e-01,-7.998556494712829590e-01,-1.394140481948852539e+00,-9.251070618629455566e-01,-1.522153019905090332e+00,-7.911477088928222656e-01,1.186922788619995117e+00,-1.768291711807250977e+00,-1.579183936119079590e-01
-8.872834593057632446e-02,-3.076715469360351562e-01,4.878171086311340332e-01,6.460229754447937012e-01,6.662532687187194824e-01,-2.003970928490161896e-02,3.719669282436370850e-01,-1.401238203048706055e+00,1.971887350082397461e-01,-9.031011164188385010e-02,1.197026371955871582e+00,-1.392916589975357056e-01,-2.601896524429321289e-01,-2.096964359283447266e+00,-3.558287322521209717e-01,-2.433536648750305176e-01,8.031207919120788574e-01,-4.271746873855590820e-01,1.445960253477096558e-01,-1.851197704672813416e-02,-1.432193040847778320e+00,2.561350166797637939e-01,-8.195497989654541016e-01,-1.408988952636718750e+00,-9.111609458923339844e-01,-1.523312449455261230e+00,-8.199044466018676758e-01,1.155609965324401855e+00,-1.789049625396728516e+00,-1.097628995776176453e-01
-8.857940137386322021e-02,-3.476627767086029053e-01,4.855439662933349609e-01,6.667438745498657227e-01,6.643393635749816895e-01,2.149316109716892242e-02,3.371111154556274414e-01,-1.436400413513183594e+00,2.023892998695373535e-01,-9.440688043832778931e-02,1.280580043792724609e+00,-1.551444232463836670e-01,-2.611426711082458496e-01,-2.097946882247924805e+00,-3.687849044799804688e-01,-2.348245680332183838e-01,7.412461042404174805e-01,-3.677352666854858398e-01,1.638128608465194702e-01,-2.123389206826686859e-02,-1.467471003532409668e+00,2.605952024459838867e-01,-8.402780890464782715e-01,-1.422359108924865723e+00,-8.945233225822448730e-01,-1.527302503585815430e+00,-8.486254215240478516e-01,1.126255273818969727e+00,-1.808678746223449707e+00,-6.157716363668441772e-02
-8.865909278392791748e-02,-3.879574835300445557e-01,4.797932207584381104e-01,6.857591867446899414e-01,6.600612998008728027e-01,6.299474090337753296e-02,3.001420199871063232e-01,-1.466129183769226074e+00,2.101494669914245605e-01,-1.003905609250068665e-01,1.351698517799377441e+00,-1.707584410905838013e-01,-2.616181969642639160e-01,-2.099764823913574219e+00,-3.820129930973052979e-01,-2.285470515489578247e-01,6.922152042388916016e-01,-3.093093633651733398e-01,1.818720847368240356e-01,-2.184997871518135071e-02,-1.506951928138732910e+00,2.684347331523895264e-01,-8.630731701850891113e-01,-1.432771801948547363e+00,-8.725039958953857422e-01,-1.536953926086425781e+00,-8.772727847099304199e-01,1.100819230079650879e+00,-1.826048135757446289e+00,-1.333461981266736984e-02
-8.913436532020568848e-02,-4.281378984451293945e-01,4.704309105873107910e-01,7.015941143035888672e-01,6.544852256774902344e-01,1.014989987015724182e-01,2.628933489322662354e-01,-1.491914510726928711e+00,2.188608795404434204e-01,-1.058229953050613403e-01,1.407304048538208008e+00,-1.863956153392791748e-01,-2.617595791816711426e-01,-2.101470947265625000e+00,-3.949711024761199951e-01,-2.258946001529693604e-01,6.573916673660278320e-01,-2.545595467090606689e-01,1.979527771472930908e-01,-1.949540153145790100e-02,-1.548331260681152344e+00,2.795743346214294434e-01,-8.858217000961303711e-01,-1.441719293594360352e+00,-8.460911512374877930e-01,-1.551193475723266602e+00,-9.054605364799499512e-01,1.079029560089111328e+00,-1.841269731521606445e+00,3.473656624555587769e-02
-8.980744332075119019e-02,-4.682607352733612061e-01,4.592627286911010742e-01,7.148686051368713379e-01,6.473898291587829590e-01,1.383020728826522827e-01,2.252150923013687134e-01,-1.515727758407592773e+00,2.280478626489639282e-01,-1.109797209501266479e-01,1.455151438713073730e+00,-2.020441442728042603e-01,-2.617338597774505615e-01,-2.103121519088745117e+00,-4.077940285205841064e-01,-2.250548899173736572e-01,6.296730637550354004e-01,-2.016486525535583496e-01,2.130439132452011108e-01,-1.565537601709365845e-02,-1.590659618377685547e+00,2.923640012741088867e-01,-9.085465073585510254e-01,-1.449934124946594238e+00,-8.174816370010375977e-01,-1.567727088928222656e+00,-9.334180355072021484e-01,1.059063434600830078e+00,-1.855417132377624512e+00,8.272145688533782959e-02
-9.084714204072952271e-02,-5.080667734146118164e-01,4.427427649497985840e-01,7.260250449180603027e-01,6.394586563110351562e-01,1.739339083433151245e-01,1.836500763893127441e-01,-1.536758422851562500e+00,2.358048260211944580e-01,-1.137242615222930908e-01,1.481190204620361328e+00,-2.170999646186828613e-01,-2.616709172725677490e-01,-2.103042364120483398e+00,-4.194308221340179443e-01,-2.304616272449493408e-01,6.215407848358154297e-01,-1.570917367935180664e-01,2.245613038539886475e-01,-7.605795748531818390e-03,-1.630841255187988281e+00,3.103902339935302734e-01,-9.272561669349670410e-01,-1.457555770874023438e+00,-7.840414643287658691e-01,-1.588513135910034180e+00,-9.597225785255432129e-01,1.043036699295043945e+00,-1.865701675415039062e+00,1.295851618051528931e-01
-9.202463179826736450e-02,-5.476589202880859375e-01,4.244690239429473877e-01,7.351235151290893555e-01,6.293157339096069336e-01,2.098605483770370483e-01,1.396917700767517090e-01,-1.557836174964904785e+00,2.422499060630798340e-01,-1.142416670918464661e-01,1.501808166503906250e+00,-2.316460311412811279e-01,-2.615654766559600830e-01,-2.101975202560424805e+00,-4.304753243923187256e-01,-2.375773042440414429e-01,6.186022758483886719e-01,-1.157088726758956909e-01,2.349011301994323730e-01,1.366172218695282936e-03,-1.668682813644409180e+00,3.302068114280700684e-01,-9.432090520858764648e-01,-1.465009927749633789e+00,-7.492132186889648438e-01,-1.609534740447998047e+00,-9.852234721183776855e-01,1.027620196342468262e+00,-1.874263763427734375e+00,1.752767860889434814e-01
-9.347762912511825562e-02,-5.868202447891235352e-01,4.026889204978942871e-01,7.420464754104614258e-01,6.165279746055603027e-01,2.467120736837387085e-01,9.161581844091415405e-02,-1.579006910324096680e+00,2.460705488920211792e-01,-1.103045791387557983e-01,1.511582493782043457e+00,-2.451713532209396362e-01,-2.613750994205474854e-01,-2.098931789398193359e+00,-4.403343498706817627e-01,-2.481103986501693726e-01,6.260517239570617676e-01,-8.067749440670013428e-02,2.428849786520004272e-01,1.218230277299880981e-02,-1.701841115951538086e+00,3.536026179790496826e-01,-9.536469578742980957e-01,-1.472128748893737793e+00,-7.116112709045410156e-01,-1.631026029586791992e+00,-1.009114980697631836e+00,1.013425230979919434e+00,-1.879380464553833008e+00,2.186206728219985962e-01
-9.485332667827606201e-02,-6.249256134033203125e-01,3.774388432502746582e-01,7.464534044265747070e-01,6.007417440414428711e-01,2.830419540405273438e-01,4.247315227985382080e-02,-1.601151108741760254e+00,2.470297515392303467e-01,-9.797053039073944092e-02,1.516414165496826172e+00,-2.580458819866180420e-01,-2.611744701862335205e-01,-2.093370914459228516e+00,-4.488233327865600586e-01,-2.600176930427551270e-01,6.402597427368164062e-01,-5.151160806417465210e-02,2.488357424736022949e-01,2.330042421817779541e-02,-1.725859761238098145e+00,3.786709010601043701e-01,-9.567676186561584473e-01,-1.478633165359497070e+00,-6.717076897621154785e-01,-1.650391221046447754e+00,-1.031079292297363281e+00,9.992040395736694336e-01,-1.879956722259521484e+00,2.575857043266296387e-01
-9.619028121232986450e-02,-6.625001430511474609e-01,3.504556715488433838e-01,7.480301856994628906e-01,5.822303891181945801e-01,3.184445500373840332e-01,-7.191945333033800125e-03,-1.623780250549316406e+00,2.465580850839614868e-01,-8.143877238035202026e-02,1.518774151802062988e+00,-2.705940306186676025e-01,-2.609687447547912598e-01,-2.086551904678344727e+00,-4.566266536712646484e-01,-2.726112008094787598e-01,6.578460931777954102e-01,-2.528080157935619354e-02,2.537694573402404785e-01,3.456869721412658691e-02,-1.745306611061096191e+00,4.045735001564025879e-01,-9.562292695045471191e-01,-1.484829902648925781e+00,-6.306563615798950195e-01,-1.668691754341125488e+00,-1.052078247070312500e+00,9.849708676338195801e-01,-1.878262162208557129e+00,2.943582832813262939e-01
-9.748668968677520752e-02,-6.982226371765136719e-01,3.195950984954833984e-01,7.470899820327758789e-01,5.596393942832946777e-01,3.539331853389739990e-01,-5.823798850178718567e-02,-1.644983768463134766e+00,2.447446137666702271e-01,-4.853844642639160156e-02,1.523777246475219727e+00,-2.782191038131713867e-01,-2.607909440994262695e-01,-2.075312137603759766e+00,-4.624743461608886719e-01,-2.837752699851989746e-01,6.802240610122680664e-01,-5.748444702476263046e-03,2.563089132308959961e-01,4.528888314962387085e-02,-1.743667006492614746e+00,4.270529150962829590e-01,-9.446222186088562012e-01,-1.489673972129821777e+00,-5.893377661705017090e-01,-1.679469704627990723e+00,-1.069918990135192871e+00,9.688302278518676758e-01,-1.868036389350891113e+00,3.219376802444458008e-01
-9.868361800909042358e-02,-7.332571148872375488e-01,2.885430455207824707e-01,7.430710196495056152e-01,5.345072746276855469e-01,3.877710700035095215e-01,-1.085401028394699097e-01,-1.663997888565063477e+00,2.422491163015365601e-01,-1.028625946491956711e-02,1.531608104705810547e+00,-2.827843129634857178e-01,-2.606209814548492432e-01,-2.062466621398925781e+00,-4.678268730640411377e-01,-2.932050228118896484e-01,7.031375169754028320e-01,1.237954106181859970e-02,2.582591772079467773e-01,5.523553118109703064e-02,-1.734529137611389160e+00,4.472489356994628906e-01,-9.298655986785888672e-01,-1.493716716766357422e+00,-5.489510893821716309e-01,-1.686426281929016113e+00,-1.086579799652099609e+00,9.514108896255493164e-01,-1.854372382164001465e+00,3.459463715553283691e-01
-9.968164563179016113e-02,-7.669180631637573242e-01,2.571057379245758057e-01,7.362594604492187500e-01,5.069056749343872070e-01,4.197523295879364014e-01,-1.574057340621948242e-01,-1.678634881973266602e+00,2.383893728256225586e-01,3.867257386445999146e-02,1.545094609260559082e+00,-2.812300920486450195e-01,-2.604666948318481445e-01,-2.046409130096435547e+00,-4.721894860267639160e-01,-2.991668581962585449e-01,7.271235585212707520e-01,2.770016901195049286e-02,2.590311765670776367e-01,6.363586336374282837e-02,-1.710394382476806641e+00,4.628798067569732666e-01,-9.088084697723388672e-01,-1.496157288551330566e+00,-5.104252099990844727e-01,-1.685740828514099121e+00,-1.100881934165954590e+00,9.314329624176025391e-01,-1.833831191062927246e+00,3.628154695034027100e-01
-1.002907976508140564e-01,-7.981029748916625977e-01,2.276201397180557251e-01,7.263002395629882812e-01,4.742980003356933594e-01,4.515746533870697021e-01,-2.088296711444854736e-01,-1.684890747070312500e+00,2.295709550380706787e-01,9.453772753477096558e-02,1.564651250839233398e+00,-2.743242681026458740e-01,-2.603620290756225586e-01,-2.026701450347900391e+00,-4.760591983795166016e-01,-2.997916340827941895e-01,7.511877417564392090e-01,4.173546284437179565e-02,2.589038312435150146e-01,6.939640641212463379e-02,-1.673238635063171387e+00,4.724925160408020020e-01,-8.839935660362243652e-01,-1.496089458465576172e+00,-4.749624729156494141e-01,-1.675410151481628418e+00,-1.112663745880126953e+00,9.077695608139038086e-01,-1.805443525314331055e+00,3.723994195461273193e-01
-1.007055044174194336e-01,-8.280490636825561523e-01,1.991111338138580322e-01,7.127025127410888672e-01,4.378967285156250000e-01,4.819493889808654785e-01,-2.608187198638916016e-01,-1.686955690383911133e+00,2.182735800743103027e-01,1.538543999195098877e-01,1.587242245674133301e+00,-2.647429704666137695e-01,-2.602821886539459229e-01,-2.005168914794921875e+00,-4.796824753284454346e-01,-2.977480590343475342e-01,7.752904295921325684e-01,5.512776598334312439e-02,2.583268880844116211e-01,7.383698970079421997e-02,-1.629573702812194824e+00,4.790960848331451416e-01,-8.573005199432373047e-01,-1.494767546653747559e+00,-4.410321414470672607e-01,-1.660257458686828613e+00,-1.123185157775878906e+00,8.822643756866455078e-01,-1.773133635520935059e+00,3.783407509326934814e-01
-9.944416582584381104e-02,-8.540954589843750000e-01,1.761856377124786377e-01,6.927983164787292480e-01,3.915874660015106201e-01,5.120658874511718750e-01,-3.232311308383941650e-01,-1.671494126319885254e+00,2.007466256618499756e-01,2.138986885547637939e-01,1.617260575294494629e+00,-2.464748024940490723e-01,-2.604572474956512451e-01,-1.977524042129516602e+00,-4.834194779396057129e-01,-2.869353890419006348e-01,7.981538176536560059e-01,6.810084730386734009e-02,2.565406560897827148e-01,7.451903820037841797e-02,-1.569113373756408691e+00,4.739215373992919922e-01,-8.305018544197082520e-01,-1.490454196929931641e+00,-4.151344299316406250e-01,-1.629248857498168945e+00,-1.129093647003173828e+00,8.501734733581542969e-01,-1.729706048965454102e+00,3.745086193084716797e-01
-9.737224131822586060e-02,-8.788424134254455566e-01,1.556468456983566284e-01,6.708925962448120117e-01,3.453406989574432373e-01,5.347830653190612793e-01,-3.803289830684661865e-01,-1.649563670158386230e+00,1.814041137695312500e-01,2.716825306415557861e-01,1.647449016571044922e+00,-2.239199429750442505e-01,-2.606425285339355469e-01,-1.947822093963623047e+00,-4.874591231346130371e-01,-2.736240625381469727e-01,8.202431201934814453e-01,8.102442324161529541e-02,2.543602883815765381e-01,7.434050738811492920e-02,-1.504598975181579590e+00,4.651832282543182373e-01,-8.051733970642089844e-01,-1.485567092895507812e+00,-3.929725885391235352e-01,-1.593110084533691406e+00,-1.133263826370239258e+00,8.159197568893432617e-01,-1.683550953865051270e+00,3.680549561977386475e-01
-9.367896616458892822e-02,-9.009923934936523438e-01,1.398799419403076172e-01,6.513852477073669434e-01,3.030114769935607910e-01,5.472332239151000977e-01,-4.294382631778717041e-01,-1.614693641662597656e+00,1.584290266036987305e-01,3.249498605728149414e-01,1.677980303764343262e+00,-1.927898824214935303e-01,-2.608482539653778076e-01,-1.914002895355224609e+00,-4.921044409275054932e-01,-2.553143799304962158e-01,8.407858610153198242e-01,9.384997189044952393e-02,2.513915002346038818e-01,7.244081050157546997e-02,-1.431971192359924316e+00,4.493166804313659668e-01,-7.827833294868469238e-01,-1.479531884193420410e+00,-3.782809674739837646e-01,-1.546708703041076660e+00,-1.133957624435424805e+00,7.773377895355224609e-01,-1.631937503814697266e+00,3.563576936721801758e-01
-9.019949287176132202e-02,-9.200277328491210938e-01,1.293812692165374756e-01,6.340110898017883301e-01,2.652578949928283691e-01,5.523356795310974121e-01,-4.717983007431030273e-01,-1.570876836776733398e+00,1.301984190940856934e-01,3.702974915504455566e-01,1.703099012374877930e+00,-1.570420116186141968e-01,-2.610446810722351074e-01,-1.876982212066650391e+00,-4.977546036243438721e-01,-2.339413017034530640e-01,8.587499856948852539e-01,1.061638742685317993e-01,2.477487623691558838e-01,6.779144704341888428e-02,-1.357677578926086426e+00,4.313059449195861816e-01,-7.645728588104248047e-01,-1.472610831260681152e+00,-3.698194324970245361e-01,-1.492516279220581055e+00,-1.131272315979003906e+00,7.356212735176086426e-01,-1.577913284301757812e+00,3.408535420894622803e-01
-8.682700246572494507e-02,-9.375054240226745605e-01,1.215168163180351257e-01,6.171423196792602539e-01,2.296261787414550781e-01,5.532283186912536621e-01,-5.102407336235046387e-01,-1.522587895393371582e+00,9.934093803167343140e-02,4.116843342781066895e-01,1.725510954856872559e+00,-1.189863011240959167e-01,-2.612364292144775391e-01,-1.838361740112304688e+00,-5.039070844650268555e-01,-2.110371887683868408e-01,8.754244446754455566e-01,1.182216480374336243e-01,2.437691390514373779e-01,6.176745891571044922e-02,-1.282552719116210938e+00,4.122235774993896484e-01,-7.484523653984069824e-01,-1.465247035026550293e+00,-3.644730150699615479e-01,-1.434430003166198730e+00,-1.126897692680358887e+00,6.923386454582214355e-01,-1.522685170173645020e+00,3.234464824199676514e-01
-8.431522548198699951e-02,-9.514807462692260742e-01,1.189789623022079468e-01,6.102803349494934082e-01,2.062663137912750244e-01,5.452206134796142578e-01,-5.364201664924621582e-01,-1.470163106918334961e+00,6.676173955202102661e-02,4.413493275642395020e-01,1.737464666366577148e+00,-8.398737013339996338e-02,-2.614164352416992188e-01,-1.797421932220458984e+00,-5.118578672409057617e-01,-1.873895823955535889e-01,8.858504295349121094e-01,1.287297308444976807e-01,2.391357868909835815e-01,5.195423215627670288e-02,-1.210131406784057617e+00,3.947176933288574219e-01,-7.394002676010131836e-01,-1.457145452499389648e+00,-3.657313585281372070e-01,-1.370285272598266602e+00,-1.118567228317260742e+00,6.473236680030822754e-01,-1.469272732734680176e+00,3.025152385234832764e-01
-8.182278275489807129e-02,-9.649962782859802246e-01,1.173150688409805298e-01,5.997340679168701172e-01,1.801965534687042236e-01,5.367711186408996582e-01,-5.654424428939819336e-01,-1.420086622238159180e+00,3.808704391121864319e-02,4.692302346229553223e-01,1.747514843940734863e+00,-5.053127184510231018e-02,-2.615840435028076172e-01,-1.756913065910339355e+00,-5.203885436058044434e-01,-1.646361351013183594e-01,8.936477899551391602e-01,1.385195106267929077e-01,2.344314754009246826e-01,4.188290610909461975e-02,-1.139607429504394531e+00,3.782730400562286377e-01,-7.325902581214904785e-01,-1.449156522750854492e+00,-3.686352968215942383e-01,-1.306249976158142090e+00,-1.109423518180847168e+00,6.029245853424072266e-01,-1.418274641036987305e+00,2.810831367969512939e-01
-7.936885952949523926e-02,-9.775928258895874023e-01,1.173989921808242798e-01,5.821563005447387695e-01,1.488738209009170532e-01,5.277355313301086426e-01,-6.003547906875610352e-01,-1.374704003334045410e+00,1.721969991922378540e-02,4.935446679592132568e-01,1.753759145736694336e+00,-2.015907317399978638e-02,-2.617268562316894531e-01,-1.717264771461486816e+00,-5.300791263580322266e-01,-1.436697542667388916e-01,8.961882591247558594e-01,1.468732655048370361e-01,2.295849621295928955e-01,3.129486739635467529e-02,-1.072874307632446289e+00,3.639500439167022705e-01,-7.302638292312622070e-01,-1.441392540931701660e+00,-3.748305737972259521e-01,-1.242430567741394043e+00,-1.098653316497802734e+00,5.597549676895141602e-01,-1.372102260589599609e+00,2.586482167243957520e-01
-7.762481272220611572e-02,-9.898685216903686523e-01,1.176377981901168823e-01,5.561326146125793457e-01,1.119876950979232788e-01,5.180370807647705078e-01,-6.401662826538085938e-01,-1.340010643005371094e+00,3.106245305389165878e-03,5.205608606338500977e-01,1.759438037872314453e+00,5.508143920451402664e-03,-2.617846727371215820e-01,-1.681062698364257812e+00,-5.406855940818786621e-01,-1.256511062383651733e-01,8.937410116195678711e-01,1.537457853555679321e-01,2.250283956527709961e-01,2.072183601558208466e-02,-1.012497425079345703e+00,3.540025949478149414e-01,-7.313839197158813477e-01,-1.433452248573303223e+00,-3.820611834526062012e-01,-1.182675361633300781e+00,-1.087692618370056152e+00,5.201090574264526367e-01,-1.332937479019165039e+00,2.361295819282531738e-01
-7.623585313558578491e-02,-1.001982927322387695e+00,1.179540231823921204e-01,5.243824124336242676e-01,7.206564396619796753e-02,5.065842270851135254e-01,-6.805894970893859863e-01,-1.310664892196655273e+00,-7.629057858139276505e-03,5.489259958267211914e-01,1.764833927154541016e+00,2.882082201540470123e-02,-2.617999911308288574e-01,-1.646586418151855469e+00,-5.517491698265075684e-01,-1.091077402234077454e-01,8.888000249862670898e-01,1.598771363496780396e-01,2.206171751022338867e-01,1.015711575746536255e-02,-9.553036689758300781e-01,3.462437391281127930e-01,-7.342273592948913574e-01,-1.425424456596374512e+00,-3.898088634014129639e-01,-1.124956846237182617e+00,-1.076637744903564453e+00,4.822281002998352051e-01,-1.297279596328735352e+00,2.135708332061767578e-01
-7.762736082077026367e-02,-1.014116048812866211e+00,1.191894561052322388e-01,4.947184622287750244e-01,3.922308236360549927e-02,4.951508641242980957e-01,-7.131204605102539062e-01,-1.301534891128540039e+00,-1.311924308538436890e-02,5.853234529495239258e-01,1.774911880493164062e+00,3.939025849103927612e-02,-2.617999911308288574e-01,-1.620708584785461426e+00,-5.635575056076049805e-01,-9.711414575576782227e-02,8.781892061233520508e-01,1.645395606756210327e-01,2.173554301261901855e-01,-4.306905902922153473e-04,-9.111104011535644531e-01,3.468232750892639160e-01,-7.409285902976989746e-01,-1.416230559349060059e+00,-3.954773843288421631e-01,-1.078028440475463867e+00,-1.067264556884765625e+00,4.522266089916229248e-01,-1.272963285446166992e+00,1.920839250087738037e-01
-7.903572171926498413e-02,-1.026561379432678223e+00,1.204932481050491333e-01,4.670752286911010742e-01,9.426504373550415039e-03,4.823530018329620361e-01,-7.410043478012084961e-01,-1.298202753067016602e+00,-1.682241819798946381e-02,6.241386532783508301e-01,1.787721395492553711e+00,4.609078541398048401e-02,-2.617999911308288574e-01,-1.598303079605102539e+00,-5.753389596939086914e-01,-8.611989021301269531e-02,8.667763471603393555e-01,1.691272705793380737e-01,2.146193981170654297e-01,-1.042251288890838623e-02,-8.711426854133605957e-01,3.494450151920318604e-01,-7.488654851913452148e-01,-1.406729936599731445e+00,-4.005207419395446777e-01,-1.035294175148010254e+00,-1.058811902999877930e+00,4.251977205276489258e-01,-1.251995563507080078e+00,1.713276058435440063e-01
-8.047771453857421875e-02,-1.039630293846130371e+00,1.219336539506912231e-01,4.455778598785400391e-01,-1.405587512999773026e-02,4.689022898674011230e-01,-7.624916434288024902e-01,-1.306467652320861816e+00,-1.695115864276885986e-02,6.677874922752380371e-01,1.805993199348449707e+00,4.505267739295959473e-02,-2.617999911308288574e-01,-1.582844018936157227e+00,-5.870659351348876953e-01,-7.712499797344207764e-02,8.537595868110656738e-01,1.735652983188629150e-01,2.129349708557128906e-01,-1.922178082168102264e-02,-8.396286964416503906e-01,3.561513423919677734e-01,-7.592735886573791504e-01,-1.396616578102111816e+00,-4.043134450912475586e-01,-1.000950574874877930e+00,-1.052200794219970703e+00,4.041157662868499756e-01,-1.237726449966430664e+00,1.520335972309112549e-01
-8.139649033546447754e-02,-1.052892088890075684e+00,1.233031153678894043e-01,4.218691885471343994e-01,-3.759431093931198120e-02,4.552319049835205078e-01,-7.831839323043823242e-01,-1.322682619094848633e+00,-1.592983491718769073e-02,7.131690979003906250e-01,1.829099893569946289e+00,4.064872115850448608e-02,-2.617999911308288574e-01,-1.574717402458190918e+00,-5.981375575065612793e-01,-6.887698173522949219e-02,8.418897390365600586e-01,1.786093115806579590e-01,2.123568058013916016e-01,-2.577978558838367462e-02,-8.172272443771362305e-01,3.657461106777191162e-01,-7.718743085861206055e-01,-1.386270761489868164e+00,-4.073956608772277832e-01,-9.748901724815368652e-01,-1.047329545021057129e+00,3.888583779335021973e-01,-1.228523135185241699e+00,1.344626098871231079e-01
-8.205369859933853149e-02,-1.066250681877136230e+00,1.246371641755104065e-01,3.966840207576751709e-01,-6.110720708966255188e-02,4.410420954227447510e-01,-8.027387857437133789e-01,-1.342873454093933105e+00,-1.433344092220067978e-02,7.594187855720520020e-01,1.854624986648559570e+00,3.456168249249458313e-02,-2.617999911308288574e-01,-1.570256829261779785e+00,-6.088819503784179688e-01,-6.100208312273025513e-02,8.305927515029907227e-01,1.839565187692642212e-01,2.123317420482635498e-01,-3.121740743517875671e-02,-7.993812561035156250e-01,3.767854869365692139e-01,-7.855718135833740234e-01,-1.375808238983154297e+00,-4.101226925849914551e-01,-9.529702067375183105e-01,-1.043327927589416504e+00,3.765127360820770264e-01,-1.221852540969848633e+00,1.177524626255035400e-01
-8.296264708042144775e-02,-1.079135656356811523e+00,1.267521083354949951e-01,3.705730438232421875e-01,-8.345690369606018066e-02,4.278421700000762939e-01,-8.201596736907958984e-01,-1.367846250534057617e+00,-1.892214268445968628e-02,8.036433458328247070e-01,1.883340001106262207e+00,2.592694386839866638e-02,-2.617999911308288574e-01,-1.575965881347656250e+00,-6.178105473518371582e-01,-5.278922617435455322e-02,8.248492479324340820e-01,1.908901631832122803e-01,2.140117287635803223e-01,-3.504070639610290527e-02,-7.954002618789672852e-01,3.918245434761047363e-01,-8.018504977226257324e-01,-1.365280866622924805e+00,-4.117506742477416992e-01,-9.418210387229919434e-01,-1.041062712669372559e+00,3.718811273574829102e-01,-1.220016717910766602e+00,1.033436432480812073e-01
-8.402636647224426270e-02,-1.091755747795104980e+00,1.293843835592269897e-01,3.406950831413269043e-01,-1.064157113432884216e-01,4.144903421401977539e-01,-8.371381759643554688e-01,-1.392802238464355469e+00,-2.428413182497024536e-02,8.460767865180969238e-01,1.912475347518920898e+00,1.651587896049022675e-02,-2.617999911308288574e-01,-1.584580659866333008e+00,-6.259232759475708008e-01,-4.426943510770797729e-02,8.217496871948242188e-01,1.983340978622436523e-01,2.161712646484375000e-01,-3.829332441091537476e-02,-7.955516576766967773e-01,4.078059792518615723e-01,-8.187138438224792480e-01,-1.354958653450012207e+00,-4.131357371807098389e-01,-9.334625601768493652e-01,-1.038971424102783203e+00,3.692724108695983887e-01,-1.219084262847900391e+00,8.949071168899536133e-02
-8.539956808090209961e-02,-1.103845715522766113e+00,1.330512464046478271e-01,3.037826716899871826e-01,-1.306358873844146729e-01,4.013611078262329102e-01,-8.541426062583923340e-01,-1.417723178863525391e+00,-3.119250759482383728e-02,8.849256038665771484e-01,1.942450284957885742e+00,5.552536807954311371e-03,-2.617999911308288574e-01,-1.599006414413452148e+00,-6.324037313461303711e-01,-3.513617068529129028e-02,8.239384293556213379e-01,2.067983299493789673e-01,2.192898541688919067e-01,-4.040432721376419067e-02,-8.039680719375610352e-01,4.256715178489685059e-01,-8.367455005645751953e-01,-1.345047235488891602e+00,-4.140349030494689941e-01,-9.306862950325012207e-01,-1.037228345870971680e+00,3.707098960876464844e-01,-1.219958901405334473e+00,7.675033807754516602e-02
-8.685636520385742188e-02,-1.115973472595214844e+00,1.372131705284118652e-01,2.749712169170379639e-01,-1.497709304094314575e-01,3.890337347984313965e-01,-8.663787841796875000e-01,-1.440112113952636719e+00,-3.460110723972320557e-02,9.181988239288330078e-01,1.973355293273925781e+00,-5.930505227297544479e-03,-2.617999911308288574e-01,-1.617802619934082031e+00,-6.370636224746704102e-01,-2.531791105866432190e-02,8.319020271301269531e-01,2.156885266304016113e-01,2.230027318000793457e-01,-4.133595898747444153e-02,-8.182290792465209961e-01,4.446098804473876953e-01,-8.552517890930175781e-01,-1.335899591445922852e+00,-4.146981835365295410e-01,-9.314469099044799805e-01,-1.034880399703979492e+00,3.748719096183776855e-01,-1.221574068069458008e+00,6.437912583351135254e-02
-8.835498988628387451e-02,-1.128120303153991699e+00,1.416225880384445190e-01,2.502058744430541992e-01,-1.663219332695007324e-01,3.770689070224761963e-01,-8.761010766029357910e-01,-1.461235046386718750e+00,-3.625969588756561279e-02,9.486842155456542969e-01,2.004725694656372070e+00,-1.767338626086711884e-02,-2.617999911308288574e-01,-1.638783693313598633e+00,-6.408131718635559082e-01,-1.515716873109340668e-02,8.427531719207763672e-01,2.247916609048843384e-01,2.270127683877944946e-01,-4.167790338397026062e-02,-8.354125618934631348e-01,4.640846252441406250e-01,-8.739952445030212402e-01,-1.327133774757385254e+00,-4.152434468269348145e-01,-9.339758753776550293e-01,-1.032229781150817871e+00,3.803961873054504395e-01,-1.223559379577636719e+00,5.219247192144393921e-02
-9.124418348073959351e-02,-1.141021728515625000e+00,1.464916914701461792e-01,2.321422696113586426e-01,-1.787997037172317505e-01,3.713596165180206299e-01,-8.810408115386962891e-01,-1.478281021118164062e+00,-3.092785179615020752e-02,9.717642664909362793e-01,2.037987947463989258e+00,-2.940908260643482208e-02,-2.617999911308288574e-01,-1.664021968841552734e+00,-6.420153379440307617e-01,-5.111163482069969177e-03,8.620138168334960938e-01,2.330093681812286377e-01,2.313855588436126709e-01,-4.120801389217376709e-02,-8.584975004196166992e-01,4.840325117111206055e-01,-8.921375274658203125e-01,-1.319471001625061035e+00,-4.145497083663940430e-01,-9.387528896331787109e-01,-1.027362823486328125e+00,3.881160020828247070e-01,-1.225643157958984375e+00,3.920155391097068787e-02
-9.436553716659545898e-02,-1.154052495956420898e+00,1.518090069293975830e-01,2.147835195064544678e-01,-1.904507279396057129e-01,3.663267195224761963e-01,-8.850996494293212891e-01,-1.493893861770629883e+00,-2.355816587805747986e-02,9.927437305450439453e-01,2.071417093276977539e+00,-4.104687273502349854e-02,-2.617999911308288574e-01,-1.689664363861083984e+00,-6.425826549530029297e-01,4.615068435668945312e-03,8.837532401084899902e-01,2.403482049703598022e-01,2.357569783926010132e-01,-4.100020229816436768e-02,-8.822576403617858887e-01,5.037196278572082520e-01,-9.098013043403625488e-01,-1.312147617340087891e+00,-4.132066071033477783e-01,-9.432027935981750488e-01,-1.021614551544189453e+00,3.960613012313842773e-01,-1.227523565292358398e+00,2.575111947953701019e-02
-9.795092046260833740e-02,-1.167340993881225586e+00,1.580222845077514648e-01,1.989937424659729004e-01,-2.005591988563537598e-01,3.628905117511749268e-01,-8.879685401916503906e-01,-1.506639003753662109e+00,-1.211366616189479828e-02,1.009520649909973145e+00,2.105177640914916992e+00,-5.248797684907913208e-02,-2.617999911308288574e-01,-1.716113328933715820e+00,-6.418802738189697266e-01,1.370106264948844910e-02,9.104481935501098633e-01,2.459288239479064941e-01,2.401253581047058105e-01,-4.131650924682617188e-02,-9.073659777641296387e-01,5.228837132453918457e-01,-9.265069365501403809e-01,-1.305504083633422852e+00,-4.105649292469024658e-01,-9.469983577728271484e-01,-1.014104008674621582e+00,4.044568538665771484e-01,-1.228996753692626953e+00,1.138275489211082458e-02
-1.013672947883605957e-01,-1.180813193321228027e+00,1.646593809127807617e-01,1.792864799499511719e-01,-2.114106714725494385e-01,3.586527705192565918e-01,-8.913642168045043945e-01,-1.516445398330688477e+00,3.031673375517129898e-03,1.022601127624511719e+00,2.138325691223144531e+00,-6.422691792249679565e-02,-2.617999911308288574e-01,-1.741636276245117188e+00,-6.405625343322753906e-01,2.214088849723339081e-02,9.408784508705139160e-01,2.486823350191116333e-01,2.441429793834686279e-01,-4.216685146093368530e-02,-9.312312602996826172e-01,5.407518148422241211e-01,-9.418574571609497070e-01,-1.299595355987548828e+00,-4.065991938114166260e-01,-9.483278393745422363e-01,-1.005039095878601074e+00,4.124935865402221680e-01,-1.229650378227233887e+00,-3.816479351371526718e-03
-1.046990901231765747e-01,-1.194376826286315918e+00,1.715082973241806030e-01,1.575532704591751099e-01,-2.225462496280670166e-01,3.538712859153747559e-01,-8.946648240089416504e-01,-1.524782180786132812e+00,2.002722769975662231e-02,1.033833026885986328e+00,2.171166419982910156e+00,-7.611457258462905884e-02,-2.617999911308288574e-01,-1.766696095466613770e+00,-6.389371752738952637e-01,3.025750815868377686e-02,9.731760025024414062e-01,2.500221431255340576e-01,2.479851096868515015e-01,-4.328428208827972412e-02,-9.544745683670043945e-01,5.579715371131896973e-01,-9.565300345420837402e-01,-1.294054150581359863e+00,-4.019714593887329102e-01,-9.484240412712097168e-01,-9.951969981193542480e-01,4.203507900238037109e-01,-1.229893922805786133e+00,-1.943096518516540527e-02
-1.070719063282012939e-01,-1.206817984580993652e+00,1.794822216033935547e-01,1.474269628524780273e-01,-2.283257544040679932e-01,3.500138521194458008e-01,-8.964502811431884766e-01,-1.525985479354858398e+00,3.734987229108810425e-02,1.035753011703491211e+00,2.198838472366333008e+00,-8.567491173744201660e-02,-2.617999911308288574e-01,-1.787677288055419922e+00,-6.375020146369934082e-01,3.756655380129814148e-02,1.009060144424438477e+00,2.459719777107238770e-01,2.509473264217376709e-01,-4.771696776151657104e-02,-9.725865125656127930e-01,5.718158483505249023e-01,-9.687287807464599609e-01,-1.289611458778381348e+00,-3.956567049026489258e-01,-9.427751898765563965e-01,-9.836180210113525391e-01,4.269886612892150879e-01,-1.228181123733520508e+00,-3.557424247264862061e-02
-1.090143099427223206e-01,-1.218926548957824707e+00,1.874954551458358765e-01,1.371738314628601074e-01,-2.333514988422393799e-01,3.461214005947113037e-01,-8.982931375503540039e-01,-1.524716496467590332e+00,5.297661200165748596e-02,1.034912705421447754e+00,2.223445415496826172e+00,-9.391156584024429321e-02,-2.617999911308288574e-01,-1.806759595870971680e+00,-6.364591717720031738e-01,4.462233185768127441e-02,1.045735359191894531e+00,2.399195134639739990e-01,2.535628676414489746e-01,-5.380588024854660034e-02,-9.888393282890319824e-01,5.843060016632080078e-01,-9.800219535827636719e-01,-1.285538911819458008e+00,-3.889600932598114014e-01,-9.348309636116027832e-01,-9.717343449592590332e-01,4.331358969211578369e-01,-1.225616574287414551e+00,-5.156174674630165100e-02
-1.100957989692687988e-01,-1.230368852615356445e+00,1.955866962671279907e-01,1.266932934522628784e-01,-2.369058877229690552e-01,3.422165513038635254e-01,-9.003956913948059082e-01,-1.518502950668334961e+00,6.521060317754745483e-02,1.028552174568176270e+00,2.241920471191406250e+00,-9.950041025876998901e-02,-2.617999911308288574e-01,-1.822042346000671387e+00,-6.362012624740600586e-01,5.117107555270195007e-02,1.083989858627319336e+00,2.298632115125656128e-01,2.554848790168762207e-01,-6.320652365684509277e-02,-1.001372575759887695e+00,5.940870046615600586e-01,-9.895033836364746094e-01,-1.282207131385803223e+00,-3.815003335475921631e-01,-9.222968220710754395e-01,-9.592422246932983398e-01,4.383016228675842285e-01,-1.221349120140075684e+00,-6.723650544881820679e-02
-1.100534871220588684e-01,-1.240782022476196289e+00,2.048058956861495972e-01,1.243638098239898682e-01,-2.357732355594635010e-01,3.369719684123992920e-01,-9.029920101165771484e-01,-1.506771326065063477e+00,7.328771054744720459e-02,1.017005920410156250e+00,2.253328561782836914e+00,-1.016863584518432617e-01,-2.617999911308288574e-01,-1.832989454269409180e+00,-6.371421813964843750e-01,5.807375535368919373e-02,1.123002409934997559e+00,2.157460451126098633e-01,2.566444277763366699e-01,-7.611218839883804321e-02,-1.009751796722412109e+00,6.009650230407714844e-01,-9.971508383750915527e-01,-1.279613256454467773e+00,-3.738688230514526367e-01,-9.052155017852783203e-01,-9.469659328460693359e-01,4.425598978996276855e-01,-1.215128183364868164e+00,-8.178137987852096558e-02
-1.094493195414543152e-01,-1.250680088996887207e+00,2.145887017250061035e-01,1.261098682880401611e-01,-2.322970181703567505e-01,3.310577273368835449e-01,-9.058339595794677734e-01,-1.492281317710876465e+00,7.928615808486938477e-02,1.002867341041564941e+00,2.261202573776245117e+00,-1.021708473563194275e-01,-2.617999911308288574e-01,-1.841768503189086914e+00,-6.386824846267700195e-01,6.515312939882278442e-02,1.162392497062683105e+00,1.995990574359893799e-01,2.574227452278137207e-01,-9.076980501413345337e-02,-1.016053795814514160e+00,6.063911914825439453e-01,-1.003881096839904785e+00,-1.277388334274291992e+00,-3.661516904830932617e-01,-8.858612179756164551e-01,-9.347979426383972168e-01,4.463642537593841553e-01,-1.207930684089660645e+00,-9.576077014207839966e-02
-1.070325374603271484e-01,-1.259839534759521484e+00,2.245739698410034180e-01,1.195947527885437012e-01,-2.299655228853225708e-01,3.209136128425598145e-01,-9.109487533569335938e-01,-1.470360994338989258e+00,8.141902089118957520e-02,9.837257862091064453e-01,2.262310028076171875e+00,-9.909217059612274170e-02,-2.617999911308288574e-01,-1.844953060150146484e+00,-6.421446204185485840e-01,7.388135790824890137e-02,1.201830148696899414e+00,1.777140200138092041e-01,2.568840682506561279e-01,-1.104838401079177856e-01,-1.017022609710693359e+00,6.082940697669982910e-01,-1.007854223251342773e+00,-1.275941729545593262e+00,-3.588858842849731445e-01,-8.609977960586547852e-01,-9.240487217903137207e-01,4.490794539451599121e-01,-1.197767496109008789e+00,-1.071117073297500610e-01
-1.042999699711799622e-01,-1.268964767456054688e+00,2.345062345266342163e-01,1.151607558131217957e-01,-2.263041138648986816e-01,3.109968602657318115e-01,-9.158632755279541016e-01,-1.446387290954589844e+00,8.316492289304733276e-02,9.631126523017883301e-01,2.262045145034790039e+00,-9.476052224636077881e-02,-2.617999911308288574e-01,-1.846774697303771973e+00,-6.461228728294372559e-01,8.328126370906829834e-02,1.241111993789672852e+00,1.541214585304260254e-01,2.558925151824951172e-01,-1.316967755556106567e-01,-1.016732335090637207e+00,6.094176769256591797e-01,-1.010980486869812012e+00,-1.274580717086791992e+00,-3.519137501716613770e-01,-8.349735736846923828e-01,-9.140773415565490723e-01,4.515369534492492676e-01,-1.186730742454528809e+00,-1.173633933067321777e-01
-1.009360626339912415e-01,-1.278020501136779785e+00,2.443320155143737793e-01,1.149127557873725891e-01,-2.200288921594619751e-01,3.015996515750885010e-01,-9.205541610717773438e-01,-1.418308496475219727e+00,8.413688838481903076e-02,9.395577311515808105e-01,2.259036540985107422e+00,-8.792348206043243408e-02,-2.617999911308288574e-01,-1.845870614051818848e+00,-6.511329412460327148e-01,9.402389079332351685e-02,1.280080318450927734e+00,1.271155178546905518e-01,2.539953589439392090e-01,-1.559060513973236084e-01,-1.013924002647399902e+00,6.089828610420227051e-01,-1.012412905693054199e+00,-1.273391485214233398e+00,-3.455292582511901855e-01,-8.066296577453613281e-01,-9.056619405746459961e-01,4.534789621829986572e-01,-1.173948049545288086e+00,-1.254163533449172974e-01
-9.752615541219711304e-02,-1.288004159927368164e+00,2.533348500728607178e-01,1.113080233335494995e-01,-2.137770801782608032e-01,2.925601899623870850e-01,-9.253748655319213867e-01,-1.388399362564086914e+00,8.579125255346298218e-02,9.174243211746215820e-01,2.255916118621826172e+00,-8.056548237800598145e-02,-2.617999911308288574e-01,-1.843664169311523438e+00,-6.566742658615112305e-01,1.062976866960525513e-01,1.318663477897644043e+00,9.716348350048065186e-02,2.511585354804992676e-01,-1.814777255058288574e-01,-1.009790658950805664e+00,6.079409122467041016e-01,-1.012506246566772461e+00,-1.272064924240112305e+00,-3.399256169795989990e-01,-7.775442600250244141e-01,-8.993504047393798828e-01,4.550188183784484863e-01,-1.159972906112670898e+00,-1.310443878173828125e-01
-9.409365057945251465e-02,-1.298450350761413574e+00,2.619251608848571777e-01,1.060153618454933167e-01,-2.075185924768447876e-01,2.836745381355285645e-01,-9.301750659942626953e-01,-1.357578516006469727e+00,8.778662979602813721e-02,8.960043787956237793e-01,2.252740144729614258e+00,-7.294782251119613647e-02,-2.617999911308288574e-01,-1.840806722640991211e+00,-6.624807119369506836e-01,1.193356886506080627e-01,1.357049465179443359e+00,6.574175506830215454e-02,2.478521615266799927e-01,-2.077276706695556641e-01,-1.004995346069335938e+00,6.065954566001892090e-01,-1.011929750442504883e+00,-1.270669817924499512e+00,-3.347131013870239258e-01,-7.480914592742919922e-01,-8.940914273262023926e-01,4.563574194908142090e-01,-1.145403027534484863e+00,-1.354592591524124146e-01
-9.110473841428756714e-02,-1.309645175933837891e+00,2.695560753345489502e-01,9.743363410234451294e-02,-2.015452831983566284e-01,2.753338813781738281e-01,-9.349212050437927246e-01,-1.326242208480834961e+00,9.175822138786315918e-02,8.780623674392700195e-01,2.251585960388183594e+00,-6.639087200164794922e-02,-2.617999911308288574e-01,-1.837412834167480469e+00,-6.681245565414428711e-01,1.346902698278427124e-01,1.394353389739990234e+00,3.068688325583934784e-02,2.431001514196395874e-01,-2.341186106204986572e-01,-9.991798400878906250e-01,6.050577163696289062e-01,-1.009991884231567383e+00,-1.268667459487915039e+00,-3.309547901153564453e-01,-7.199491858482360840e-01,-8.927344083786010742e-01,4.572567343711853027e-01,-1.130236148834228516e+00,-1.359754800796508789e-01
-8.804817497730255127e-02,-1.321099281311035156e+00,2.763072848320007324e-01,8.861654251813888550e-02,-1.953407824039459229e-01,2.677565515041351318e-01,-9.393059611320495605e-01,-1.295387744903564453e+00,9.596246480941772461e-02,8.613743185997009277e-01,2.251072406768798828e+00,-6.072315573692321777e-02,-2.617999911308288574e-01,-1.834169626235961914e+00,-6.733883023262023926e-01,1.504522562026977539e-01,1.431126117706298828e+00,-5.296297837048768997e-03,2.378762215375900269e-01,-2.601246833801269531e-01,-9.934041500091552734e-01,6.037109494209289551e-01,-1.007825970649719238e+00,-1.266356348991394043e+00,-3.277361989021301270e-01,-6.928958892822265625e-01,-8.927396535873413086e-01,4.580398797988891602e-01,-1.115297079086303711e+00,-1.352234035730361938e-01
-8.485671132802963257e-02,-1.333070039749145508e+00,2.812984883785247803e-01,7.935266941785812378e-02,-1.887193620204925537e-01,2.617673873901367188e-01,-9.431680440902709961e-01,-1.265500545501708984e+00,1.006313711404800415e-01,8.471957445144653320e-01,2.251841068267822266e+00,-5.683441460132598877e-02,-2.617999911308288574e-01,-1.831228256225585938e+00,-6.778914928436279297e-01,1.670268326997756958e-01,1.466832160949707031e+00,-4.313117265701293945e-02,2.317092567682266235e-01,-2.853577733039855957e-01,-9.877089858055114746e-01,6.027461886405944824e-01,-1.005203962326049805e+00,-1.263427972793579102e+00,-3.255972862243652344e-01,-6.680237650871276855e-01,-8.954691886901855469e-01,4.585907161235809326e-01,-1.100815296173095703e+00,-1.319352686405181885e-01
-8.192923665046691895e-02,-1.344938397407531738e+00,2.855487465858459473e-01,7.012632489204406738e-02,-1.820351183414459229e-01,2.569900155067443848e-01,-9.465208053588867188e-01,-1.237237572669982910e+00,1.035109683871269226e-01,8.347287178039550781e-01,2.251737117767333984e+00,-5.524875223636627197e-02,-2.617999911308288574e-01,-1.828547716140747070e+00,-6.810704469680786133e-01,1.834897994995117188e-01,1.500960946083068848e+00,-8.224076032638549805e-02,2.247026413679122925e-01,-3.091273903846740723e-01,-9.824032187461853027e-01,6.023361086845397949e-01,-1.002543330192565918e+00,-1.259812951087951660e+00,-3.246538043022155762e-01,-6.461725831031799316e-01,-9.006268978118896484e-01,4.588723778724670410e-01,-1.087525844573974609e+00,-1.264584064483642578e-01
-7.913394272327423096e-02,-1.356754899024963379e+00,2.894283235073089600e-01,6.091507151722908020e-02,-1.753074526786804199e-01,2.528010606765747070e-01,-9.495516419410705566e-01,-1.209788322448730469e+00,1.054956763982772827e-01,8.231181502342224121e-01,2.251196622848510742e+00,-5.481483414769172668e-02,-2.617999911308288574e-01,-1.825997471809387207e+00,-6.835871338844299316e-01,1.998961120843887329e-01,1.534299135208129883e+00,-1.219857707619667053e-01,2.172765284776687622e-01,-3.321639597415924072e-01,-9.772924780845642090e-01,6.022034287452697754e-01,-9.998633861541748047e-01,-1.255854725837707520e+00,-3.243081569671630859e-01,-6.258331537246704102e-01,-9.069986939430236816e-01,4.590194225311279297e-01,-1.074833393096923828e+00,-1.198873594403266907e-01
-7.664431631565093994e-02,-1.367907762527465820e+00,2.931358814239501953e-01,5.194654315710067749e-02,-1.691449731588363647e-01,2.508043646812438965e-01,-9.517293572425842285e-01,-1.185205221176147461e+00,1.008932888507843018e-01,8.137084841728210449e-01,2.246567249298095703e+00,-5.934681370854377747e-02,-2.617999911308288574e-01,-1.822991371154785156e+00,-6.834806203842163086e-01,2.147313654422760010e-01,1.564104199409484863e+00,-1.627550125122070312e-01,2.087249755859375000e-01,-3.524778485298156738e-01,-9.729496240615844727e-01,6.029450893402099609e-01,-9.976091980934143066e-01,-1.250882744789123535e+00,-3.258834779262542725e-01,-6.103479862213134766e-01,-9.158867597579956055e-01,4.587123394012451172e-01,-1.064624309539794922e+00,-1.109608337283134460e-01
-7.419816404581069946e-02,-1.378797769546508789e+00,2.970829904079437256e-01,4.264706000685691833e-02,-1.634685397148132324e-01,2.494629919528961182e-01,-9.535343050956726074e-01,-1.161394000053405762e+00,9.332357347011566162e-02,8.037534952163696289e-01,2.239624500274658203e+00,-6.559156626462936401e-02,-2.617999911308288574e-01,-1.819364309310913086e+00,-6.823623180389404297e-01,2.285162061452865601e-01,1.592275977134704590e+00,-2.035605311393737793e-01,1.998322606086730957e-01,-3.718200325965881348e-01,-9.688430428504943848e-01,6.039341688156127930e-01,-9.955651164054870605e-01,-1.245587110519409180e+00,-3.280765116214752197e-01,-5.962593555450439453e-01,-9.250261783599853516e-01,4.582626521587371826e-01,-1.055283188819885254e+00,-1.016662716865539551e-01
-7.183898240327835083e-02,-1.389161944389343262e+00,3.015091121196746826e-01,3.269379585981369019e-02,-1.587870717048645020e-01,2.494649887084960938e-01,-9.547172784805297852e-01,-1.139126777648925781e+00,7.981968671083450317e-02,7.927080988883972168e-01,2.228056430816650391e+00,-7.526151090860366821e-02,-2.617999911308288574e-01,-1.814495801925659180e+00,-6.792207956314086914e-01,2.401999980211257935e-01,1.617180585861206055e+00,-2.444375306367874146e-01,1.902574598789215088e-01,-3.892183899879455566e-01,-9.652091264724731445e-01,6.054179668426513672e-01,-9.939413070678710938e-01,-1.239643931388854980e+00,-3.315048813819885254e-01,-5.849637389183044434e-01,-9.346678256988525391e-01,4.575278460979461670e-01,-1.047678351402282715e+00,-9.163599461317062378e-02
-6.925940513610839844e-02,-1.399071931838989258e+00,3.068394660949707031e-01,2.147141285240650177e-02,-1.555332988500595093e-01,2.508793175220489502e-01,-9.552005529403686523e-01,-1.117982745170593262e+00,5.947673693299293518e-02,7.792702913284301758e-01,2.210812091827392578e+00,-8.854013681411743164e-02,-2.617999911308288574e-01,-1.807216882705688477e+00,-6.739253997802734375e-01,2.484511882066726685e-01,1.637884855270385742e+00,-2.847863137722015381e-01,1.800186634063720703e-01,-4.043311476707458496e-01,-9.615576267242431641e-01,6.073228120803833008e-01,-9.924036264419555664e-01,-1.233061671257019043e+00,-3.359946012496948242e-01,-5.749329328536987305e-01,-9.431459903717041016e-01,4.561624526977539062e-01,-1.041495561599731445e+00,-8.190735429525375366e-02
-6.656965613365173340e-02,-1.408754587173461914e+00,3.126219809055328369e-01,9.613420814275741577e-03,-1.529803723096847534e-01,2.529783248901367188e-01,-9.552521109580993652e-01,-1.097400665283203125e+00,3.571416437625885010e-02,7.646364569664001465e-01,2.190729618072509766e+00,-1.036231294274330139e-01,-2.617999911308288574e-01,-1.798732638359069824e+00,-6.675530672073364258e-01,2.549857795238494873e-01,1.656488418579101562e+00,-3.248704373836517334e-01,1.694479733705520630e-01,-4.183007180690765381e-01,-9.578972458839416504e-01,6.094381809234619141e-01,-9.909090995788574219e-01,-1.226159930229187012e+00,-3.410150706768035889e-01,-5.655346512794494629e-01,-9.510424137115478516e-01,4.544817805290222168e-01,-1.036024212837219238e+00,-7.232967764139175415e-02
-6.351489573717117310e-02,-1.418422222137451172e+00,3.203130364418029785e-01,-2.918267156928777695e-03,-1.524050235748291016e-01,2.572573423385620117e-01,-9.542446732521057129e-01,-1.077656269073486328e+00,2.795008942484855652e-03,7.454005479812622070e-01,2.162429571151733398e+00,-1.228941679000854492e-01,-2.617999911308288574e-01,-1.785081744194030762e+00,-6.579375267028808594e-01,2.549098432064056396e-01,1.667439103126525879e+00,-3.632918894290924072e-01,1.578171849250793457e-01,-4.279908537864685059e-01,-9.526518583297729492e-01,6.118647456169128418e-01,-9.886797070503234863e-01,-1.218233704566955566e+00,-3.470848798751831055e-01,-5.553299188613891602e-01,-9.548109769821166992e-01,4.513218104839324951e-01,-1.031840801239013672e+00,-6.464547663927078247e-02
-6.041088700294494629e-02,-1.428416013717651367e+00,3.287096321582794189e-01,-1.515115424990653992e-02,-1.523544937372207642e-01,2.622793316841125488e-01,-9.527687430381774902e-01,-1.057707190513610840e+00,-3.163342177867889404e-02,7.244047522544860840e-01,2.131875038146972656e+00,-1.424331665039062500e-01,-2.617999911308288574e-01,-1.769267797470092773e+00,-6.472870707511901855e-01,2.522090673446655273e-01,1.675446271896362305e+00,-4.008721411228179932e-01,1.457886695861816406e-01,-4.354003071784973145e-01,-9.450709819793701172e-01,6.140326261520385742e-01,-9.857110381126403809e-01,-1.209839820861816406e+00,-3.532536923885345459e-01,-5.438667535781860352e-01,-9.565160274505615234e-01,4.474812150001525879e-01,-1.027733206748962402e+00,-5.789503082633018494e-02
-5.720812082290649414e-02,-1.439063549041748047e+00,3.385179638862609863e-01,-2.678564004600048065e-02,-1.533797532320022583e-01,2.688307166099548340e-01,-9.505195021629333496e-01,-1.037346839904785156e+00,-6.908302754163742065e-02,6.998877525329589844e-01,2.096809387207031250e+00,-1.625096201896667480e-01,-2.617999911308288574e-01,-1.749126672744750977e+00,-6.345661282539367676e-01,2.442583590745925903e-01,1.677567005157470703e+00,-4.367727637290954590e-01,1.329637616872787476e-01,-4.382490813732147217e-01,-9.328185915946960449e-01,6.156831979751586914e-01,-9.812633991241455078e-01,-1.200509548187255859e+00,-3.596209883689880371e-01,-5.298858880996704102e-01,-9.540942311286926270e-01,4.422790408134460449e-01,-1.023776769638061523e+00,-5.301157385110855103e-02
-5.401818826794624329e-02,-1.450812101364135742e+00,3.495472371578216553e-01,-3.967081755399703979e-02,-1.557680666446685791e-01,2.761851549148559570e-01,-9.475675821304321289e-01,-1.017378687858581543e+00,-1.066038608551025391e-01,6.719359159469604492e-01,2.059428215026855469e+00,-1.815590709447860718e-01,-2.617999911308288574e-01,-1.724117279052734375e+00,-6.199595928192138672e-01,2.305064350366592407e-01,1.673263072967529297e+00,-4.704129099845886230e-01,1.193891614675521851e-01,-4.360325932502746582e-01,-9.149610400199890137e-01,6.165128946304321289e-01,-9.740720987319946289e-01,-1.189835190773010254e+00,-3.656901121139526367e-01,-5.116919279098510742e-01,-9.466500282287597656e-01,4.353747963905334473e-01,-1.019283771514892578e+00,-5.018090456724166870e-02
-5.083455145359039307e-02,-1.463111639022827148e+00,3.611873984336853027e-01,-5.317430570721626282e-02,-1.588132381439208984e-01,2.838971912860870361e-01,-9.441150426864624023e-01,-9.976060390472412109e-01,-1.441617310047149658e-01,6.422657370567321777e-01,2.020887851715087891e+00,-2.000957578420639038e-01,-2.617999911308288574e-01,-1.696672916412353516e+00,-6.044096946716308594e-01,2.138533592224121094e-01,1.665746808052062988e+00,-5.029240846633911133e-01,1.054391860961914062e-01,-4.312833547592163086e-01,-8.943001627922058105e-01,6.169322133064270020e-01,-9.655087590217590332e-01,-1.178488254547119141e+00,-3.716103136539459229e-01,-4.913907349109649658e-01,-9.366943836212158203e-01,4.276193380355834961e-01,-1.014522433280944824e+00,-4.837651923298835754e-02
-4.852856695652008057e-02,-1.477062940597534180e+00,3.750587403774261475e-01,-6.851696223020553589e-02,-1.634796708822250366e-01,2.938943505287170410e-01,-9.392582178115844727e-01,-9.796130657196044922e-01,-1.756912767887115479e-01,6.080194711685180664e-01,1.982657432556152344e+00,-2.165851593017578125e-01,-2.617999911308288574e-01,-1.661589741706848145e+00,-5.864346027374267578e-01,1.881730705499649048e-01,1.648069381713867188e+00,-5.311855673789978027e-01,9.062361717224121094e-02,-4.173563718795776367e-01,-8.626370429992675781e-01,6.154108643531799316e-01,-9.507446289062500000e-01,-1.164338350296020508e+00,-3.766135573387145996e-01,-4.631035923957824707e-01,-9.187339544296264648e-01,4.168450236320495605e-01,-1.008112907409667969e+00,-4.937562346458435059e-02
-4.668129980564117432e-02,-1.491465568542480469e+00,3.892319798469543457e-01,-8.381422609090805054e-02,-1.684184670448303223e-01,3.034312427043914795e-01,-9.340984821319580078e-01,-9.627470970153808594e-01,-2.030051052570343018e-01,5.725383758544921875e-01,1.945569992065429688e+00,-2.320326566696166992e-01,-2.617999911308288574e-01,-1.624394536018371582e+00,-5.678269863128662109e-01,1.599907726049423218e-01,1.627073287963867188e+00,-5.577585101127624512e-01,7.568383216857910156e-02,-4.002110064029693604e-01,-8.270620703697204590e-01,6.130462288856506348e-01,-9.336378574371337891e-01,-1.148962140083312988e+00,-3.811505436897277832e-01,-4.326901733875274658e-01,-8.984956145286560059e-01,4.054372012615203857e-01,-1.000977516174316406e+00,-5.106364935636520386e-02
-4.575131461024284363e-02,-1.506771326065063477e+00,4.040100276470184326e-01,-9.904289245605468750e-02,-1.739642322063446045e-01,3.121592402458190918e-01,-9.286999702453613281e-01,-9.481337666511535645e-01,-2.218895852565765381e-01,5.345848798751831055e-01,1.910765767097473145e+00,-2.453974187374114990e-01,-2.617999613285064697e-01,-1.582972049713134766e+00,-5.479530692100524902e-01,1.268023848533630371e-01,1.599438428878784180e+00,-5.809564590454101562e-01,6.049451977014541626e-02,-3.766276240348815918e-01,-7.836603522300720215e-01,6.089947819709777832e-01,-9.118443727493286133e-01,-1.131131529808044434e+00,-3.847553730010986328e-01,-3.980219364166259766e-01,-8.737001419067382812e-01,3.927614986896514893e-01,-9.923893213272094727e-01,-5.412967130541801453e-02
-4.581578820943832397e-02,-1.522553443908691406e+00,4.192905426025390625e-01,-1.028544530272483826e-01,-1.764998286962509155e-01,3.230651915073394775e-01,-9.240659475326538086e-01,-9.366809129714965820e-01,-2.281654924154281616e-01,4.953883290290832520e-01,1.878681421279907227e+00,-2.576128244400024414e-01,-2.597935199737548828e-01,-1.537979125976562500e+00,-5.272465944290161133e-01,8.951718360185623169e-02,1.565526962280273438e+00,-6.003107428550720215e-01,4.555170983076095581e-02,-3.472512662410736084e-01,-7.330262660980224609e-01,6.030638217926025391e-01,-8.849540352821350098e-01,-1.110228657722473145e+00,-3.872826099395751953e-01,-3.605756759643554688e-01,-8.453565835952758789e-01,3.795903921127319336e-01,-9.821048378944396973e-01,-5.813627690076828003e-02
-4.637749120593070984e-02,-1.538574457168579102e+00,4.348228871822357178e-01,-1.009550839662551880e-01,-1.775270998477935791e-01,3.350535333156585693e-01,-9.197996258735656738e-01,-9.268078207969665527e-01,-2.281373441219329834e-01,4.555687010288238525e-01,1.847955942153930664e+00,-2.692540287971496582e-01,-2.567837536334991455e-01,-1.491199016571044922e+00,-5.061231255531311035e-01,5.018218234181404114e-02,1.528475999832153320e+00,-6.177437901496887207e-01,3.073157556354999542e-02,-3.149772584438323975e-01,-6.787740588188171387e-01,5.961929559707641602e-01,-8.555143475532531738e-01,-1.087788939476013184e+00,-3.892712295055389404e-01,-3.217390179634094238e-01,-8.152380585670471191e-01,3.661710619926452637e-01,-9.709717631340026855e-01,-6.261332333087921143e-02
-4.853533208370208740e-02,-1.554729461669921875e+00,4.505120813846588135e-01,-1.144947856664657593e-01,-1.852343976497650146e-01,3.420554101467132568e-01,-9.140992164611816406e-01,-9.239209294319152832e-01,-2.103668898344039917e-01,4.167711138725280762e-01,1.819250345230102539e+00,-2.839658558368682861e-01,-2.482961714267730713e-01,-1.440248727798461914e+00,-4.845125973224639893e-01,6.568383425474166870e-03,1.483145475387573242e+00,-6.288893222808837891e-01,1.720263063907623291e-02,-2.788949012756347656e-01,-6.225326657295227051e-01,5.875082612037658691e-01,-8.190034031867980957e-01,-1.060355305671691895e+00,-3.895143866539001465e-01,-2.818770408630371094e-01,-7.820187807083129883e-01,3.534083366394042969e-01,-9.572422504425048828e-01,-6.834411621093750000e-02
-5.107711255550384521e-02,-1.570551156997680664e+00,4.661443829536437988e-01,-1.237708479166030884e-01,-1.917138695716857910e-01,3.485520482063293457e-01,-9.090864062309265137e-01,-9.223285317420959473e-01,-1.872490197420120239e-01,3.786039948463439941e-01,1.789077758789062500e+00,-3.000760972499847412e-01,-2.381649315357208252e-01,-1.388242006301879883e+00,-4.630196690559387207e-01,-3.783429414033889771e-02,1.435632705688476562e+00,-6.378453373908996582e-01,4.345469176769256592e-03,-2.420569956302642822e-01,-5.661010146141052246e-01,5.782056450843811035e-01,-7.806538939476013184e-01,-1.031299471855163574e+00,-3.890324234962463379e-01,-2.426988482475280762e-01,-7.485205531120300293e-01,3.412508666515350342e-01,-9.427312016487121582e-01,-7.461236417293548584e-02
-5.438695847988128662e-02,-1.585707068443298340e+00,4.816640615463256836e-01,-1.245764791965484619e-01,-1.958300769329071045e-01,3.542092144489288330e-01,-9.059067964553833008e-01,-9.233247041702270508e-01,-1.534346193075180054e-01,3.416949212551116943e-01,1.755969166755676270e+00,-3.189844787120819092e-01,-2.247456014156341553e-01,-1.334118247032165527e+00,-4.417601823806762695e-01,-8.381810784339904785e-02,1.383751749992370605e+00,-6.424230933189392090e-01,-7.169109303504228592e-03,-2.037052214145660400e-01,-5.092844963073730469e-01,5.676665306091308594e-01,-7.386243939399719238e-01,-9.989967942237854004e-01,-3.871001303195953369e-01,-2.048851996660232544e-01,-7.144617438316345215e-01,3.303029835224151611e-01,-9.266561865806579590e-01,-8.195600658655166626e-02
-5.753222107887268066e-02,-1.599776744842529297e+00,4.963893294334411621e-01,-1.259010583162307739e-01,-2.002208530902862549e-01,3.556190729141235352e-01,-9.042099714279174805e-01,-9.246729016304016113e-01,-1.129650175571441650e-01,3.064365386962890625e-01,1.714636087417602539e+00,-3.388431072235107422e-01,-2.091684043407440186e-01,-1.278572320938110352e+00,-4.213195145130157471e-01,-1.299536526203155518e-01,1.329349517822265625e+00,-6.426202058792114258e-01,-1.694546081125736237e-02,-1.664497256278991699e-01,-4.551192522048950195e-01,5.565721988677978516e-01,-6.945741176605224609e-01,-9.639117717742919922e-01,-3.830893933773040771e-01,-1.700679659843444824e-01,-6.812574863433837891e-01,3.211807608604431152e-01,-9.095160961151123047e-01,-9.072217345237731934e-02
-6.059530377388000488e-02,-1.613304018974304199e+00,5.107179880142211914e-01,-1.274850666522979736e-01,-2.047488838434219360e-01,3.549050390720367432e-01,-9.032540321350097656e-01,-9.261969923973083496e-01,-6.916626542806625366e-02,2.720021307468414307e-01,1.669189572334289551e+00,-3.591776192188262939e-01,-1.925116926431655884e-01,-1.222313046455383301e+00,-4.012874662876129150e-01,-1.761668324470520020e-01,1.273684620857238770e+00,-6.406269073486328125e-01,-2.585307136178016663e-02,-1.297409683465957642e-01,-4.022777080535888672e-01,5.451998114585876465e-01,-6.495116353034973145e-01,-9.274342060089111328e-01,-3.780392706394195557e-01,-1.367476135492324829e-01,-6.484791040420532227e-01,3.129710853099822998e-01,-8.918429017066955566e-01,-1.001999527215957642e-01
-6.267063319683074951e-02,-1.625507116317749023e+00,5.247219800949096680e-01,-1.224952936172485352e-01,-2.065901458263397217e-01,3.529244959354400635e-01,-9.043006896972656250e-01,-9.235490560531616211e-01,-2.166475914418697357e-02,2.432147860527038574e-01,1.605183124542236328e+00,-3.788197934627532959e-01,-1.730232238769531250e-01,-1.164165973663330078e+00,-3.833250403404235840e-01,-2.213203907012939453e-01,1.217775344848632812e+00,-6.323682665824890137e-01,-3.179939836263656616e-02,-9.768395125865936279e-02,-3.557851910591125488e-01,5.341356396675109863e-01,-6.034839153289794922e-01,-8.880830407142639160e-01,-3.691446185111999512e-01,-1.074854582548141479e-01,-6.180360913276672363e-01,3.067473769187927246e-01,-8.737301826477050781e-01,-1.124099940061569214e-01
-6.424639374017715454e-02,-1.637377977371215820e+00,5.384479761123657227e-01,-1.166665405035018921e-01,-2.074407935142517090e-01,3.495935797691345215e-01,-9.061686396598815918e-01,-9.181644320487976074e-01,2.362092211842536926e-02,2.165841758251190186e-01,1.534921169281005859e+00,-3.973214626312255859e-01,-1.542807370424270630e-01,-1.105914235115051270e+00,-3.662862777709960938e-01,-2.652467489242553711e-01,1.163310766220092773e+00,-6.222440004348754883e-01,-3.674602136015892029e-02,-6.780234724283218384e-02,-3.117428421974182129e-01,5.234948396682739258e-01,-5.580760836601257324e-01,-8.484103679656982422e-01,-3.588389754295349121e-01,-7.933937013149261475e-02,-5.886881351470947266e-01,3.008215129375457764e-01,-8.559592366218566895e-01,-1.256185322999954224e-01
-6.482286006212234497e-02,-1.648583769798278809e+00,5.516172647476196289e-01,-1.091587841510772705e-01,-2.063069343566894531e-01,3.435568511486053467e-01,-9.096651077270507812e-01,-9.073061943054199219e-01,6.447236984968185425e-02,1.942686140537261963e-01,1.452151536941528320e+00,-4.135409593582153320e-01,-1.370312422513961792e-01,-1.047456145286560059e+00,-3.510957658290863037e-01,-3.067162036895751953e-01,1.111738443374633789e+00,-6.083888411521911621e-01,-3.969284892082214355e-02,-4.227337241172790527e-02,-2.726033926010131836e-01,5.137013792991638184e-01,-5.139102339744567871e-01,-8.080967068672180176e-01,-3.457115888595581055e-01,-5.342700332403182983e-02,-5.615320205688476562e-01,2.954916059970855713e-01,-8.388728499412536621e-01,-1.408235281705856323e-01
-6.398089975118637085e-02,-1.659042716026306152e+00,5.640513896942138672e-01,-1.007552593946456909e-01,-2.030560970306396484e-01,3.349213600158691406e-01,-9.145733714103698730e-01,-8.888366222381591797e-01,9.741903841495513916e-02,1.741952747106552124e-01,1.359734773635864258e+00,-4.251915216445922852e-01,-1.242388039827346802e-01,-9.902950525283813477e-01,-3.380497097969055176e-01,-3.438745737075805664e-01,1.066242218017578125e+00,-5.915457010269165039e-01,-4.079526290297508240e-02,-2.104296721518039703e-02,-2.363813519477844238e-01,5.048942565917968750e-01,-4.727292656898498535e-01,-7.684408426284790039e-01,-3.299735784530639648e-01,-2.885157614946365356e-02,-5.367337465286254883e-01,2.896565496921539307e-01,-8.233170509338378906e-01,-1.578643918037414551e-01
-6.242968887090682983e-02,-1.669128656387329102e+00,5.761185288429260254e-01,-9.188855439424514771e-02,-1.987155973911285400e-01,3.249351978302001953e-01,-9.200465679168701172e-01,-8.665606975555419922e-01,1.264145672321319580e-01,1.552422642707824707e-01,1.262490868568420410e+00,-4.345580339431762695e-01,-1.136744022369384766e-01,-9.337801933288574219e-01,-3.260753750801086426e-01,-3.788788616657257080e-01,1.023782253265380859e+00,-5.732080340385437012e-01,-4.097550734877586365e-02,-1.961038913577795029e-03,-2.016167044639587402e-01,4.965799450874328613e-01,-4.330392479896545410e-01,-7.291123867034912109e-01,-3.129296302795410156e-01,-4.943677689880132675e-03,-5.131135582923889160e-01,2.835686802864074707e-01,-8.085260987281799316e-01,-1.758238226175308228e-01
-5.882767215371131897e-02,-1.678392648696899414e+00,5.867183208465576172e-01,-7.989098131656646729e-02,-1.900036334991455078e-01,3.130229711532592773e-01,-9.271098971366882324e-01,-8.338598608970642090e-01,1.415931284427642822e-01,1.375662833452224731e-01,1.160097360610961914e+00,-4.373273253440856934e-01,-1.084134280681610107e-01,-8.821777105331420898e-01,-3.173977136611938477e-01,-4.041497111320495605e-01,9.943354129791259766e-01,-5.519562959671020508e-01,-3.865285962820053101e-02,8.853281848132610321e-03,-1.720804870128631592e-01,4.904422163963317871e-01,-4.000746011734008789e-01,-6.926307678222656250e-01,-2.935686111450195312e-01,1.802126318216323853e-02,-4.930644631385803223e-01,2.750994563102722168e-01,-7.967396378517150879e-01,-1.957414746284484863e-01
-5.481315404176712036e-02,-1.687417864799499512e+00,5.966454148292541504e-01,-6.767114996910095215e-02,-1.805300861597061157e-01,3.001931607723236084e-01,-9.341914653778076172e-01,-7.987311482429504395e-01,1.530681848526000977e-01,1.201888993382453918e-01,1.060152173042297363e+00,-4.386362731456756592e-01,-1.039180681109428406e-01,-8.331561684608459473e-01,-3.096973896026611328e-01,-4.250932931900024414e-01,9.696118831634521484e-01,-5.303860902786254883e-01,-3.561890497803688049e-02,1.713303476572036743e-02,-1.441050916910171509e-01,4.849699437618255615e-01,-3.698324561119079590e-01,-6.576343178749084473e-01,-2.743527293205261230e-01,4.080819338560104370e-02,-4.741559028625488281e-01,2.653608620166778564e-01,-7.858177423477172852e-01,-2.158987820148468018e-01
-4.997377842664718628e-02,-1.695964813232421875e+00,6.052265763282775879e-01,-5.503949895501136780e-02,-1.695999354124069214e-01,2.856362760066986084e-01,-9.416042566299438477e-01,-7.587481737136840820e-01,1.571351587772369385e-01,1.034096255898475647e-01,9.651090502738952637e-01,-4.370240569114685059e-01,-1.009542495012283325e-01,-7.892991900444030762e-01,-3.039523661136627197e-01,-4.373807907104492188e-01,9.543364048004150391e-01,-5.081799030303955078e-01,-3.116239421069622040e-02,2.034291252493858337e-02,-1.192529425024986267e-01,4.808289408683776855e-01,-3.450373113155364990e-01,-6.256102919578552246e-01,-2.554282248020172119e-01,6.323792040348052979e-02,-4.575296044349670410e-01,2.530837655067443848e-01,-7.766255140304565430e-01,-2.365344315767288208e-01
-4.469354823231697083e-02,-1.704043388366699219e+00,6.121791601181030273e-01,-4.320017248392105103e-02,-1.582108289003372192e-01,2.682663798332214355e-01,-9.492820501327514648e-01,-7.173467874526977539e-01,1.546171903610229492e-01,8.423651754856109619e-02,8.818501830101013184e-01,-4.344455301761627197e-01,-9.941446781158447266e-02,-7.518305778503417969e-01,-2.996203005313873291e-01,-4.390952587127685547e-01,9.468309879302978516e-01,-4.867899417877197266e-01,-2.545867115259170532e-02,1.915860921144485474e-02,-9.780782461166381836e-02,4.775880575180053711e-01,-3.262114524841308594e-01,-5.973708629608154297e-01,-2.385613173246383667e-01,8.482326567173004150e-02,-4.431082904338836670e-01,2.379762530326843262e-01,-7.681672573089599609e-01,-2.563464045524597168e-01
-3.919269144535064697e-02,-1.711888313293457031e+00,6.183176040649414062e-01,-3.174333274364471436e-02,-1.465342640876770020e-01,2.493911683559417725e-01,-9.567258358001708984e-01,-6.752344965934753418e-01,1.488066613674163818e-01,6.386575847864151001e-02,8.044803738594055176e-01,-4.313837289810180664e-01,-9.858663380146026611e-02,-7.175547480583190918e-01,-2.959945201873779297e-01,-4.355232119560241699e-01,9.432104229927062988e-01,-4.658073186874389648e-01,-1.913112588226795197e-02,1.577716879546642303e-02,-7.806538790464401245e-02,4.747971594333648682e-01,-3.103695213794708252e-01,-5.710226893424987793e-01,-2.227225899696350098e-01,1.059872582554817200e-01,-4.297888875007629395e-01,2.214529663324356079e-01,-7.600757479667663574e-01,-2.757472991943359375e-01
-3.374661132693290710e-02,-1.718981266021728516e+00,6.220219135284423828e-01,-2.633947879076004028e-02,-1.365477442741394043e-01,2.275158762931823730e-01,-9.637933373451232910e-01,-6.360253691673278809e-01,1.371916830539703369e-01,3.597421944141387939e-02,7.467525005340576172e-01,-4.289967715740203857e-01,-9.933076053857803345e-02,-6.924397945404052734e-01,-2.933224439620971680e-01,-4.149108231067657471e-01,9.452964067459106445e-01,-4.481099843978881836e-01,-1.096777897328138351e-02,7.613488938659429550e-03,-6.455943733453750610e-02,4.724683761596679688e-01,-3.029685318470001221e-01,-5.511713027954101562e-01,-2.117092311382293701e-01,1.250381767749786377e-01,-4.194332957267761230e-01,2.013764679431915283e-01,-7.510150074958801270e-01,-2.914212644100189209e-01
-2.848026901483535767e-02,-1.725883960723876953e+00,6.250894069671630859e-01,-2.168841473758220673e-02,-1.269141435623168945e-01,2.048959136009216309e-01,-9.702783823013305664e-01,-5.989049673080444336e-01,1.250894516706466675e-01,5.758067592978477478e-03,6.951572895050048828e-01,-4.269491136074066162e-01,-1.002281978726387024e-01,-6.696608066558837891e-01,-2.905300855636596680e-01,-3.884214162826538086e-01,9.467192292213439941e-01,-4.320222735404968262e-01,-2.166766906157135963e-03,-1.307993894442915916e-03,-5.325713008642196655e-02,4.700769782066345215e-01,-2.978117465972900391e-01,-5.336760878562927246e-01,-2.024512887001037598e-01,1.430746912956237793e-01,-4.099305868148803711e-01,1.807643473148345947e-01,-7.409685850143432617e-01,-3.049914836883544922e-01
-2.357349917292594910e-02,-1.732406258583068848e+00,6.268835067749023438e-01,-1.856267452239990234e-02,-1.180794164538383484e-01,1.809465736150741577e-01,-9.762024283409118652e-01,-5.659625530242919922e-01,1.120131537318229675e-01,-2.910607494413852692e-02,6.558273434638977051e-01,-4.255800247192382812e-01,-1.014322191476821899e-01,-6.515538096427917480e-01,-2.874972224235534668e-01,-3.501799404621124268e-01,9.468157291412353516e-01,-4.191538691520690918e-01,7.909224368631839752e-03,-1.174470130354166031e-02,-4.636197164654731750e-02,4.675603210926055908e-01,-2.971431314945220947e-01,-5.208933353424072266e-01,-1.967041045427322388e-01,1.590820997953414917e-01,-4.021338224411010742e-01,1.590815484523773193e-01,-7.289513349533081055e-01,-3.143542408943176270e-01
-1.919128000736236572e-02,-1.738834381103515625e+00,6.278209686279296875e-01,-1.562051475048065186e-02,-1.103265881538391113e-01,1.560626029968261719e-01,-9.814421534538269043e-01,-5.384618043899536133e-01,9.969617426395416260e-02,-6.752635538578033447e-02,6.260823607444763184e-01,-4.240748882293701172e-01,-1.038980931043624878e-01,-6.358181834220886230e-01,-2.834226191043853760e-01,-3.008732795715332031e-01,9.407065510749816895e-01,-4.100188612937927246e-01,1.925874687731266022e-02,-2.155556716024875641e-02,-4.361904412508010864e-02,4.644667804241180420e-01,-2.993531823158264160e-01,-5.131345391273498535e-01,-1.936174929141998291e-01,1.726957559585571289e-01,-3.956084251403808594e-01,1.380684524774551392e-01,-7.141380310058593750e-01,-3.181890845298767090e-01
-1.507149357348680496e-02,-1.745215058326721191e+00,6.283301711082458496e-01,-1.276546530425548553e-02,-1.030765697360038757e-01,1.306627839803695679e-01,-9.859714508056640625e-01,-5.136829614639282227e-01,8.775929361581802368e-02,-1.077231764793395996e-01,6.011309027671813965e-01,-4.225018024444580078e-01,-1.069947779178619385e-01,-6.212688088417053223e-01,-2.788273096084594727e-01,-2.460361272096633911e-01,9.314948320388793945e-01,-4.027508199214935303e-01,3.124457783997058868e-02,-3.105315007269382477e-02,-4.295226186513900757e-02,4.610849618911743164e-01,-3.030023574829101562e-01,-5.078879594802856445e-01,-1.918612420558929443e-01,1.851120591163635254e-01,-3.897189497947692871e-01,1.173909902572631836e-01,-6.979274749755859375e-01,-3.192599117755889893e-01
-1.168961450457572937e-02,-1.752052068710327148e+00,6.283084154129028320e-01,-9.024119935929775238e-03,-9.776379168033599854e-02,1.045341417193412781e-01,-9.896633625030517578e-01,-4.965557754039764404e-01,7.705050706863403320e-02,-1.538324803113937378e-01,5.830164551734924316e-01,-4.194719791412353516e-01,-1.135606169700622559e-01,-6.066657900810241699e-01,-2.718447744846343994e-01,-1.779295206069946289e-01,9.087662696838378906e-01,-4.010109901428222656e-01,4.499227553606033325e-02,-3.859473764896392822e-02,-4.673898965120315552e-02,4.564730525016784668e-01,-3.085392713546752930e-01,-5.105222463607788086e-01,-1.916099190711975098e-01,1.939244568347930908e-01,-3.848513960838317871e-01,1.003639847040176392e-01,-6.776726245880126953e-01,-3.115738034248352051e-01
-8.541922084987163544e-03,-1.759120106697082520e+00,6.282676458358764648e-01,-5.619394592940807343e-03,-9.325393289327621460e-02,7.832851260900497437e-02,-9.925406575202941895e-01,-4.814729094505310059e-01,6.705454736948013306e-02,-2.014523446559906006e-01,5.648641586303710938e-01,-4.153918325901031494e-01,-1.211171969771385193e-01,-5.913088321685791016e-01,-2.639849781990051270e-01,-1.072187423706054688e-01,8.816760778427124023e-01,-4.008375108242034912e-01,5.912281200289726257e-02,-4.517921805381774902e-02,-5.131730064749717712e-02,4.514555633068084717e-01,-3.140545785427093506e-01,-5.158154368400573730e-01,-1.910754442214965820e-01,2.016623020172119141e-01,-3.800777792930603027e-01,8.517261594533920288e-02,-6.565903425216674805e-01,-3.015658855438232422e-01
-5.862635560333728790e-03,-1.766649723052978516e+00,6.281888484954833984e-01,-2.897180384024977684e-03,-9.042718261480331421e-02,5.206760019063949585e-02,-9.945368766784667969e-01,-4.704785645008087158e-01,5.848433822393417358e-02,-2.520917654037475586e-01,5.466367006301879883e-01,-4.092112779617309570e-01,-1.306548267602920532e-01,-5.744445919990539551e-01,-2.543710470199584961e-01,-3.130198270082473755e-02,8.458639383316040039e-01,-4.037963449954986572e-01,7.401859015226364136e-02,-4.984949529170989990e-02,-5.747850239276885986e-02,4.456270635128021240e-01,-3.195266127586364746e-01,-5.264258980751037598e-01,-1.899747848510742188e-01,2.072510719299316406e-01,-3.754921853542327881e-01,7.365253567695617676e-02,-6.338540315628051758e-01,-2.869151830673217773e-01
-3.446264658123254776e-03,-1.774811267852783203e+00,6.282333135604858398e-01,-1.298813149333000183e-03,-8.848217874765396118e-02,2.460586838424205780e-02,-9.957730174064636230e-01,-4.625765085220336914e-01,5.209272727370262146e-02,-3.041757345199584961e-01,5.265212059020996094e-01,-4.001319408416748047e-01,-1.409988999366760254e-01,-5.561050176620483398e-01,-2.432736605405807495e-01,4.500407353043556213e-02,8.044457435607910156e-01,-4.090199172496795654e-01,8.883213251829147339e-02,-5.237127467989921570e-02,-6.368120759725570679e-02,4.393088817596435547e-01,-3.240699172019958496e-01,-5.419978499412536621e-01,-1.873936355113983154e-01,2.110280394554138184e-01,-3.708866238594055176e-01,6.606447696685791016e-02,-6.109577417373657227e-01,-2.700660228729248047e-01
-1.161438762210309505e-03,-1.783288359642028809e+00,6.283395290374755859e-01,-2.624568587634712458e-04,-8.694142103195190430e-02,-3.455671714618802071e-03,-9.962074160575866699e-01,-4.562207758426666260e-01,4.679062590003013611e-02,-3.569799065589904785e-01,5.054625868797302246e-01,-3.896036744117736816e-01,-1.517457813024520874e-01,-5.370286107063293457e-01,-2.314350008964538574e-01,1.215018630027770996e-01,7.602262496948242188e-01,-4.153755903244018555e-01,1.036039963364601135e-01,-5.381874740123748779e-02,-6.990443170070648193e-02,4.327460825443267822e-01,-3.281487226486206055e-01,-5.600498318672180176e-01,-1.840723454952239990e-01,2.138990014791488647e-01,-3.662712275981903076e-01,6.044263392686843872e-02,-5.879822373390197754e-01,-2.521182596683502197e-01
6.555102299898862839e-04,-1.792785882949829102e+00,6.284238100051879883e-01,6.387219764292240143e-04,-8.666947484016418457e-02,-3.269444778561592102e-02,-9.957002997398376465e-01,-4.540817141532897949e-01,4.509857296943664551e-02,-4.104560017585754395e-01,4.802872538566589355e-01,-3.741655945777893066e-01,-1.626299619674682617e-01,-5.177241563796997070e-01,-2.183444648981094360e-01,1.894679814577102661e-01,7.145949602127075195e-01,-4.237315058708190918e-01,1.165972054004669189e-01,-5.173229426145553589e-02,-7.484073191881179810e-02,4.260587990283966064e-01,-3.305690884590148926e-01,-5.842176675796508789e-01,-1.782649457454681396e-01,2.146153151988983154e-01,-3.619334399700164795e-01,5.961274355649948120e-02,-5.672000050544738770e-01,-2.351248264312744141e-01
2.226421609520912170e-03,-1.802682399749755859e+00,6.284096837043762207e-01,2.342825056985020638e-03,-8.679560571908950806e-02,-6.202198565006256104e-02,-9.942909479141235352e-01,-4.535235166549682617e-01,4.445694386959075928e-02,-4.629791378974914551e-01,4.539884626865386963e-01,-3.569086790084838867e-01,-1.733215600252151489e-01,-4.993475079536437988e-01,-2.052800953388214111e-01,2.516829371452331543e-01,6.708565354347229004e-01,-4.323412179946899414e-01,1.284564882516860962e-01,-4.863916337490081787e-02,-7.914631068706512451e-02,4.194259643554687500e-01,-3.325447738170623779e-01,-6.096693277359008789e-01,-1.718995124101638794e-01,2.147894054651260376e-01,-3.580142557621002197e-01,5.975604057312011719e-02,-5.478281974792480469e-01,-2.196437418460845947e-01
3.305267542600631714e-03,-1.813376307487487793e+00,6.281988620758056641e-01,5.651514977216720581e-03,-8.778994530439376831e-02,-9.152764081954956055e-02,-9.919092059135437012e-01,-4.561267793178558350e-01,4.591596499085426331e-02,-5.135951638221740723e-01,4.254437685012817383e-01,-3.360148668289184570e-01,-1.836277991533279419e-01,-4.828266799449920654e-01,-1.922683715820312500e-01,3.023952245712280273e-01,6.309043169021606445e-01,-4.414582550525665283e-01,1.380478739738464355e-01,-4.353296756744384766e-02,-8.219049125909805298e-02,4.129022657871246338e-01,-3.336311578750610352e-01,-6.376877427101135254e-01,-1.644182801246643066e-01,2.138791680335998535e-01,-3.549323081970214844e-01,6.184551864862442017e-02,-5.312775373458862305e-01,-2.071873843669891357e-01
3.802330931648612022e-03,-1.824949502944946289e+00,6.277438998222351074e-01,8.276646956801414490e-03,-8.959718048572540283e-02,-1.205433309078216553e-01,-9.886218309402465820e-01,-4.633032679557800293e-01,4.935644567012786865e-02,-5.555053949356079102e-01,3.973510265350341797e-01,-3.116178512573242188e-01,-1.925940066576004028e-01,-4.700834155082702637e-01,-1.802539080381393433e-01,3.377068638801574707e-01,5.980818271636962891e-01,-4.504058361053466797e-01,1.445169895887374878e-01,-3.613916039466857910e-02,-8.460754156112670898e-02,4.063669741153717041e-01,-3.341688513755798340e-01,-6.663249731063842773e-01,-1.568126976490020752e-01,2.121796607971191406e-01,-3.536684513092041016e-01,6.450038403272628784e-02,-5.182985067367553711e-01,-1.988840848207473755e-01
4.008490126579999924e-03,-1.836961746215820312e+00,6.271669268608093262e-01,1.055526174604892731e-02,-9.177295118570327759e-02,-1.492496281862258911e-01,-9.844749569892883301e-01,-4.727658033370971680e-01,5.378737300634384155e-02,-5.930603742599487305e-01,3.694860339164733887e-01,-2.854708135128021240e-01,-2.008896917104721069e-01,-4.592296183109283447e-01,-1.687388122081756592e-01,3.653163909912109375e-01,5.688259601593017578e-01,-4.592681825160980225e-01,1.494246572256088257e-01,-2.760209143161773682e-02,-8.671089261770248413e-02,3.998262584209442139e-01,-3.344321548938751221e-01,-6.952698826789855957e-01,-1.491454541683197021e-01,2.100856304168701172e-01,-3.533136546611785889e-01,6.743775308132171631e-02,-5.071061253547668457e-01,-1.926577091217041016e-01
3.158496459946036339e-03,-1.850185871124267578e+00,6.262996792793273926e-01,1.277906075119972229e-02,-9.499721229076385498e-02,-1.772871613502502441e-01,-9.794803261756896973e-01,-4.898162484169006348e-01,6.102966889739036560e-02,-6.079199314117431641e-01,3.483385443687438965e-01,-2.576844692230224609e-01,-2.055430710315704346e-01,-4.556469619274139404e-01,-1.599566638469696045e-01,3.677877485752105713e-01,5.521307587623596191e-01,-4.670986533164978027e-01,1.490706503391265869e-01,-1.667049340903759003e-02,-8.827552199363708496e-02,3.931403160095214844e-01,-3.344058394432067871e-01,-7.220644950866699219e-01,-1.428196728229522705e-01,2.072153985500335693e-01,-3.569795489311218262e-01,6.948500871658325195e-02,-5.013722777366638184e-01,-1.922778189182281494e-01
1.985346199944615364e-03,-1.863583207130432129e+00,6.253895759582519531e-01,1.539045199751853943e-02,-9.866779297590255737e-02,-2.051900923252105713e-01,-9.736143946647644043e-01,-5.091242790222167969e-01,6.901208311319351196e-02,-6.126759052276611328e-01,3.314859867095947266e-01,-2.307458370923995972e-01,-2.084508538246154785e-01,-4.543238580226898193e-01,-1.523737609386444092e-01,3.624561429023742676e-01,5.391255021095275879e-01,-4.743892550468444824e-01,1.471119672060012817e-01,-5.760964006185531616e-03,-8.972092717885971069e-02,3.863829076290130615e-01,-3.345208764076232910e-01,-7.473372220993041992e-01,-1.373373121023178101e-01,2.043327689170837402e-01,-3.621314465999603271e-01,7.082620263099670410e-02,-4.973424971103668213e-01,-1.932986229658126831e-01
1.660359266679733992e-04,-1.877326607704162598e+00,6.243938207626342773e-01,1.878503523766994476e-02,-1.033047288656234741e-01,-2.329440563917160034e-01,-9.668052792549133301e-01,-5.329465866088867188e-01,7.847435772418975830e-02,-5.972291231155395508e-01,3.232216238975524902e-01,-2.055025100708007812e-01,-2.078681439161300659e-01,-4.575188457965850830e-01,-1.471888720989227295e-01,3.415223062038421631e-01,5.334981679916381836e-01,-4.806003570556640625e-01,1.419446766376495361e-01,5.104315001517534256e-03,-9.092795848846435547e-02,3.794827461242675781e-01,-3.349186182022094727e-01,-7.695669531822204590e-01,-1.335414499044418335e-01,2.014254480600357056e-01,-3.702548146247863770e-01,7.075554877519607544e-02,-4.967199563980102539e-01,-1.971200555562973022e-01
-2.003506990149617195e-03,-1.891040086746215820e+00,6.235703825950622559e-01,2.313097193837165833e-02,-1.080414503812789917e-01,-2.608354985713958740e-01,-9.590395092964172363e-01,-5.592379570007324219e-01,8.915087580680847168e-02,-5.581308007240295410e-01,3.268722295761108398e-01,-1.848033666610717773e-01,-2.032764554023742676e-01,-4.635081291198730469e-01,-1.446739137172698975e-01,3.083294034004211426e-01,5.326498746871948242e-01,-4.854246973991394043e-01,1.343898326158523560e-01,1.376980543136596680e-02,-9.151504188776016235e-02,3.724794387817382812e-01,-3.360556960105895996e-01,-7.879348993301391602e-01,-1.319771856069564819e-01,1.991509348154067993e-01,-3.808687031269073486e-01,6.884986162185668945e-02,-4.991263151168823242e-01,-2.026226967573165894e-01
-4.348073620349168777e-03,-1.904737949371337891e+00,6.228331327438354492e-01,2.793986164033412933e-02,-1.127758026123046875e-01,-2.886616289615631104e-01,-9.503554105758666992e-01,-5.867627859115600586e-01,1.004340052604675293e-01,-5.072075128555297852e-01,3.364807963371276855e-01,-1.663776189088821411e-01,-1.966803073883056641e-01,-4.708944261074066162e-01,-1.434941589832305908e-01,2.690080106258392334e-01,5.341913700103759766e-01,-4.895552992820739746e-01,1.256414800882339478e-01,2.133484743535518646e-02,-9.179209172725677490e-02,3.654249608516693115e-01,-3.375624418258666992e-01,-8.043706417083740234e-01,-1.315288990736007690e-01,1.971929967403411865e-01,-3.927274644374847412e-01,6.602667272090911865e-02,-5.030471682548522949e-01,-2.089657336473464966e-01
-6.833579391241073608e-03,-1.917860984802246094e+00,6.227899789810180664e-01,3.398829698562622070e-02,-1.172978430986404419e-01,-3.179375231266021729e-01,-9.402137398719787598e-01,-6.125564575195312500e-01,1.137530058622360229e-01,-4.230887889862060547e-01,3.658064007759094238e-01,-1.595176756381988525e-01,-1.833472251892089844e-01,-4.790257811546325684e-01,-1.463074684143066406e-01,2.177421748638153076e-01,5.383083820343017578e-01,-4.912607073783874512e-01,1.148752421140670776e-01,2.336789295077323914e-02,-8.997200429439544678e-02,3.589598536491394043e-01,-3.410482108592987061e-01,-8.151699304580688477e-01,-1.351706236600875854e-01,1.972249746322631836e-01,-4.064588248729705811e-01,6.011951714754104614e-02,-5.109251737594604492e-01,-2.168207615613937378e-01
-9.248662739992141724e-03,-1.930623292922973633e+00,6.230684518814086914e-01,3.897456452250480652e-02,-1.208957731723785400e-01,-3.477222919464111328e-01,-9.289534687995910645e-01,-6.353421807289123535e-01,1.277812421321868896e-01,-3.327343463897705078e-01,4.007873237133026123e-01,-1.576414555311203003e-01,-1.681272983551025391e-01,-4.863408803939819336e-01,-1.503460109233856201e-01,1.644247770309448242e-01,5.419600605964660645e-01,-4.921225607395172119e-01,1.039591282606124878e-01,2.318328805267810822e-02,-8.705846965312957764e-02,3.530721366405487061e-01,-3.454607427120208740e-01,-8.244998455047607422e-01,-1.403479725122451782e-01,1.982229351997375488e-01,-4.199430346488952637e-01,5.323282256722450256e-02,-5.199642181396484375e-01,-2.251541763544082642e-01
-1.152283418923616409e-02,-1.942663788795471191e+00,6.239900588989257812e-01,4.186275601387023926e-02,-1.227515041828155518e-01,-3.787888288497924805e-01,-9.163507819175720215e-01,-6.521112918853759766e-01,1.432275325059890747e-01,-2.299121618270874023e-01,4.470770955085754395e-01,-1.657323092222213745e-01,-1.491343080997467041e-01,-4.920231103897094727e-01,-1.568347662687301636e-01,1.070061251521110535e-01,5.446807146072387695e-01,-4.912974238395690918e-01,9.274363517761230469e-02,1.856361702084541321e-02,-8.195817470550537109e-02,3.483394086360931396e-01,-3.517265021800994873e-01,-8.308910131454467773e-01,-1.485963165760040283e-01,2.011527866125106812e-01,-4.329324066638946533e-01,4.438734799623489380e-02,-5.313250422477722168e-01,-2.344440966844558716e-01
-1.337973400950431824e-02,-1.953718185424804688e+00,6.255339384078979492e-01,4.393684864044189453e-02,-1.228901445865631104e-01,-4.098750948905944824e-01,-9.027569293975830078e-01,-6.595642566680908203e-01,1.600724160671234131e-01,-1.243923977017402649e-01,4.998244345188140869e-01,-1.809923648834228516e-01,-1.282567977905273438e-01,-4.946737587451934814e-01,-1.654672920703887939e-01,4.841750860214233398e-02,5.447978973388671875e-01,-4.889209270477294922e-01,8.211347460746765137e-02,9.988637641072273254e-03,-7.473628222942352295e-02,3.453305959701538086e-01,-3.601262569427490234e-01,-8.355096578598022461e-01,-1.599575281143188477e-01,2.063046395778656006e-01,-4.437335729598999023e-01,3.415079042315483093e-02,-5.447666049003601074e-01,-2.447004318237304688e-01
-1.502791233360767365e-02,-1.964279174804687500e+00,6.273888349533081055e-01,4.557645693421363831e-02,-1.220969855785369873e-01,-4.407086372375488281e-01,-8.881391882896423340e-01,-6.623584032058715820e-01,1.776160150766372681e-01,-1.752776652574539185e-02,5.557987689971923828e-01,-1.998367011547088623e-01,-1.064377501606941223e-01,-4.958084225654602051e-01,-1.751714795827865601e-01,-1.075390074402093887e-02,5.436133146286010742e-01,-4.857687652111053467e-01,7.177641987800598145e-02,-5.638219881802797318e-04,-6.645379215478897095e-02,3.431839644908905029e-01,-3.695927262306213379e-01,-8.392417430877685547e-01,-1.728748530149459839e-01,2.125673890113830566e-01,-4.534401893615722656e-01,2.321902289986610413e-02,-5.592482089996337891e-01,-2.554396390914916992e-01
-1.615232042968273163e-02,-1.973425388336181641e+00,6.298218965530395508e-01,4.736527800559997559e-02,-1.197803691029548645e-01,-4.702029228210449219e-01,-8.731085658073425293e-01,-6.489876508712768555e-01,1.964465379714965820e-01,8.040634542703628540e-02,6.122185587882995605e-01,-2.227489650249481201e-01,-8.521418273448944092e-02,-4.919761419296264648e-01,-1.876510977745056152e-01,-6.851694732904434204e-02,5.381742119789123535e-01,-4.807887077331542969e-01,6.309910863637924194e-02,-1.479615736752748489e-02,-5.529595911502838135e-02,3.436263799667358398e-01,-3.821565210819244385e-01,-8.418859243392944336e-01,-1.900295913219451904e-01,2.217171490192413330e-01,-4.582051038742065430e-01,1.181846670806407928e-02,-5.763489007949829102e-01,-2.668339014053344727e-01
-1.721262186765670776e-02,-1.982154011726379395e+00,6.322908401489257812e-01,4.918242990970611572e-02,-1.172717809677124023e-01,-4.985021650791168213e-01,-8.575103282928466797e-01,-6.305572390556335449e-01,2.147595882415771484e-01,1.714915037155151367e-01,6.656824350357055664e-01,-2.450688630342483521e-01,-6.522300839424133301e-02,-4.869675636291503906e-01,-2.009522616863250732e-01,-1.251465380191802979e-01,5.319393873214721680e-01,-4.754325151443481445e-01,5.507565289735794067e-02,-2.944650873541831970e-02,-4.344362020492553711e-02,3.446697890758514404e-01,-3.955483436584472656e-01,-8.444785475730895996e-01,-2.083342820405960083e-01,2.314222157001495361e-01,-4.611535668373107910e-01,9.179804474115371704e-04,-5.940726995468139648e-01,-2.779477834701538086e-01
-1.814486645162105560e-02,-1.990047812461853027e+00,6.348317861557006836e-01,5.111167579889297485e-02,-1.145256161689758301e-01,-5.249533653259277344e-01,-8.418406248092651367e-01,-6.020064353942871094e-01,2.320399284362792969e-01,2.488911151885986328e-01,7.132414579391479492e-01,-2.662066519260406494e-01,-4.769400507211685181e-02,-4.796061515808105469e-01,-2.158979922533035278e-01,-1.795165687799453735e-01,5.241125822067260742e-01,-4.693237245082855225e-01,4.835877940058708191e-02,-4.493455216288566589e-02,-3.020095825195312500e-02,3.469150066375732422e-01,-4.105976521968841553e-01,-8.469684123992919922e-01,-2.289409786462783813e-01,2.422389984130859375e-01,-4.604698419570922852e-01,-8.983755484223365784e-03,-6.130445599555969238e-01,-2.885023951530456543e-01
-1.917928270995616913e-02,-1.997247099876403809e+00,6.371023654937744141e-01,5.239779129624366760e-02,-1.116852611303329468e-01,-5.489817261695861816e-01,-8.266801834106445312e-01,-5.656092166900634766e-01,2.461082935333251953e-01,3.087961673736572266e-01,7.493784427642822266e-01,-2.837729156017303467e-01,-3.495201095938682556e-02,-4.715122580528259277e-01,-2.316641658544540405e-01,-2.301417887210845947e-01,5.160561800003051758e-01,-4.630606174468994141e-01,4.291914775967597961e-02,-6.011896952986717224e-02,-1.651046611368656158e-02,3.495576381683349609e-01,-4.261685609817504883e-01,-8.495370149612426758e-01,-2.504569292068481445e-01,2.531445622444152832e-01,-4.568425416946411133e-01,-1.697850599884986877e-02,-6.322188377380371094e-01,-2.976124882698059082e-01
-2.026482298970222473e-02,-2.004099369049072266e+00,6.392378807067871094e-01,5.334566533565521240e-02,-1.087646633386611938e-01,-5.716198086738586426e-01,-8.115265369415283203e-01,-5.252874493598937988e-01,2.585712075233459473e-01,3.599561750888824463e-01,7.798057794570922852e-01,-2.995540797710418701e-01,-2.460303902626037598e-02,-4.630518257617950439e-01,-2.478411644697189331e-01,-2.788965404033660889e-01,5.078845620155334473e-01,-4.567201435565948486e-01,3.811793401837348938e-02,-7.515215128660202026e-02,-2.595535712316632271e-03,3.523990213871002197e-01,-4.420008957386016846e-01,-8.521451950073242188e-01,-2.724283635616302490e-01,2.640950083732604980e-01,-4.517433345317840576e-01,-2.402007021009922028e-02,-6.514950394630432129e-01,-3.060006797313690186e-01
-2.187537774443626404e-02,-2.010208129882812500e+00,6.405113935470581055e-01,5.294808745384216309e-02,-1.056707799434661865e-01,-5.913606882095336914e-01,-7.976984977722167969e-01,-4.786898195743560791e-01,2.632898688316345215e-01,3.864706754684448242e-01,7.876458764076232910e-01,-3.093720674514770508e-01,-2.220779284834861755e-02,-4.561401605606079102e-01,-2.646624445915222168e-01,-3.211117386817932129e-01,5.016820430755615234e-01,-4.506518244743347168e-01,3.503900021314620972e-02,-8.859089761972427368e-02,1.080217771232128143e-02,3.544156551361083984e-01,-4.573096632957458496e-01,-8.547674417495727539e-01,-2.941287159919738770e-01,2.735299170017242432e-01,-4.436212778091430664e-01,-2.690562233328819275e-02,-6.702629923820495605e-01,-3.103368282318115234e-01
-2.343891374766826630e-02,-2.015799283981323242e+00,6.415642499923706055e-01,5.268887802958488464e-02,-1.028658598661422729e-01,-6.092195510864257812e-01,-7.845343947410583496e-01,-4.344342648983001709e-01,2.665620446205139160e-01,4.077988862991333008e-01,7.917932271957397461e-01,-3.171896040439605713e-01,-2.121034264564514160e-02,-4.499288201332092285e-01,-2.813040018081665039e-01,-3.607013225555419922e-01,4.965463876724243164e-01,-4.447073340415954590e-01,3.244310617446899414e-02,-1.008728519082069397e-01,2.326692640781402588e-02,3.561251759529113770e-01,-4.720066189765930176e-01,-8.573720455169677734e-01,-3.151731491088867188e-01,2.819639146327972412e-01,-4.350739717483520508e-01,-2.826655283570289612e-02,-6.886629462242126465e-01,-3.129110336303710938e-01
-2.490853145718574524e-02,-2.020356178283691406e+00,6.421757936477661133e-01,5.274653062224388123e-02,-1.007196605205535889e-01,-6.237562298774719238e-01,-7.733056545257568359e-01,-3.948594331741333008e-01,2.669414579868316650e-01,4.187561869621276855e-01,7.885552644729614258e-01,-3.210067749023437500e-01,-2.300841175019741058e-02,-4.451175630092620850e-01,-2.975874543190002441e-01,-3.950426578521728516e-01,4.935440123081207275e-01,-4.390098452568054199e-01,3.081309609115123749e-02,-1.108421534299850464e-01,3.386669978499412537e-02,3.572208285331726074e-01,-4.854809939861297607e-01,-8.599416613578796387e-01,-3.349072039127349854e-01,2.883967161178588867e-01,-4.256756305694580078e-01,-2.657834440469741821e-02,-7.063283324241638184e-01,-3.119615614414215088e-01
-2.664825320243835449e-02,-2.024626493453979492e+00,6.423746347427368164e-01,5.304080247879028320e-02,-9.928166866302490234e-02,-6.368811726570129395e-01,-7.627006769180297852e-01,-3.561467826366424561e-01,2.625000178813934326e-01,4.205724895000457764e-01,7.751721143722534180e-01,-3.236431777477264404e-01,-2.813740633428096771e-02,-4.415664076805114746e-01,-3.124145567417144775e-01,-4.232196807861328125e-01,4.925155639648437500e-01,-4.333835840225219727e-01,2.998563647270202637e-02,-1.196324378252029419e-01,4.337891191244125366e-02,3.574196696281433105e-01,-4.969282150268554688e-01,-8.625869750976562500e-01,-3.523690104484558105e-01,2.922243773937225342e-01,-4.164398014545440674e-01,-2.217222005128860474e-02,-7.230542898178100586e-01,-3.075450956821441650e-01
-2.852309308946132660e-02,-2.028753757476806641e+00,6.423671245574951172e-01,5.344783887267112732e-02,-9.818763285875320435e-02,-6.492323279380798340e-01,-7.523296475410461426e-01,-3.178637027740478516e-01,2.556479871273040771e-01,4.178183078765869141e-01,7.567158341407775879e-01,-3.256892561912536621e-01,-3.493206202983856201e-02,-4.386451840400695801e-01,-3.265140652656555176e-01,-4.483155906200408936e-01,4.924740493297576904e-01,-4.277927577495574951e-01,2.955941669642925262e-02,-1.278335452079772949e-01,5.234769731760025024e-02,3.571701645851135254e-01,-5.073623657226562500e-01,-8.652703166007995605e-01,-3.686953485012054443e-01,2.947496771812438965e-01,-4.072849154472351074e-01,-1.640696451067924500e-02,-7.393112778663635254e-01,-3.013949990272521973e-01
-3.051120974123477936e-02,-2.032283544540405273e+00,6.421124935150146484e-01,5.345027893781661987e-02,-9.747232496738433838e-02,-6.591752767562866211e-01,-7.437272071838378906e-01,-2.842679321765899658e-01,2.440481483936309814e-01,4.069599509239196777e-01,7.289178371429443359e-01,-3.276368975639343262e-01,-4.388337954878807068e-02,-4.358671903610229492e-01,-3.364116549491882324e-01,-4.628871083259582520e-01,4.934870898723602295e-01,-4.218050837516784668e-01,3.011992946267127991e-02,-1.335242241621017456e-01,5.838656425476074219e-02,3.562586903572082520e-01,-5.136494040489196777e-01,-8.685771822929382324e-01,-3.804474771022796631e-01,2.930575311183929443e-01,-3.994935154914855957e-01,-7.495662663131952286e-03,-7.541741728782653809e-01,-2.906927168369293213e-01
-3.241289779543876648e-02,-2.035547733306884766e+00,6.418969035148620605e-01,5.302474647760391235e-02,-9.643657505512237549e-02,-6.682229042053222656e-01,-7.357761859893798828e-01,-2.528925538063049316e-01,2.318074256181716919e-01,3.948960602283477783e-01,7.001762390136718750e-01,-3.294549584388732910e-01,-5.249460041522979736e-02,-4.325546026229858398e-01,-3.448750376701354980e-01,-4.742749035358428955e-01,4.944747686386108398e-01,-4.153945147991180420e-01,3.097774088382720947e-02,-1.382182389497756958e-01,6.326936930418014526e-02,3.553465008735656738e-01,-5.186347365379333496e-01,-8.722956776618957520e-01,-3.908898532390594482e-01,2.899190187454223633e-01,-3.921020030975341797e-01,2.480339258909225464e-03,-7.690674662590026855e-01,-2.783796191215515137e-01
-3.414186462759971619e-02,-2.038280963897705078e+00,6.417592167854309082e-01,5.175510793924331665e-02,-9.478156268596649170e-02,-6.756257414817810059e-01,-7.292926907539367676e-01,-2.259556949138641357e-01,2.182840406894683838e-01,3.804202675819396973e-01,6.695452928543090820e-01,-3.310140967369079590e-01,-6.042627617716789246e-02,-4.281725287437438965e-01,-3.504705727100372314e-01,-4.792961180210113525e-01,4.954116940498352051e-01,-4.081376194953918457e-01,3.243020921945571899e-02,-1.409192681312561035e-01,6.584041565656661987e-02,3.544328212738037109e-01,-5.210171937942504883e-01,-8.768375515937805176e-01,-3.987135887145996094e-01,2.838875949382781982e-01,-3.855097293853759766e-01,1.458650268614292145e-02,-7.840226292610168457e-01,-2.628439962863922119e-01
-3.546432778239250183e-02,-2.040371417999267578e+00,6.419034004211425781e-01,4.964641854166984558e-02,-9.229312837123870850e-02,-6.813888549804687500e-01,-7.243800163269042969e-01,-2.037726640701293945e-01,2.053512632846832275e-01,3.659712076187133789e-01,6.412060260772705078e-01,-3.307929337024688721e-01,-6.696662306785583496e-02,-4.216160774230957031e-01,-3.523416519165039062e-01,-4.774775207042694092e-01,4.951235949993133545e-01,-3.998222649097442627e-01,3.439135104417800903e-02,-1.416626423597335815e-01,6.609121710062026978e-02,3.540090322494506836e-01,-5.204836726188659668e-01,-8.825000524520874023e-01,-4.036450386047363281e-01,2.751206755638122559e-01,-3.799754977226257324e-01,2.825794741511344910e-02,-7.990747094154357910e-01,-2.447049915790557861e-01
-3.658358752727508545e-02,-2.042140722274780273e+00,6.421885490417480469e-01,4.711756855249404907e-02,-8.938681334257125854e-02,-6.863231062889099121e-01,-7.202433943748474121e-01,-1.839657425880432129e-01,1.927132904529571533e-01,3.515349626541137695e-01,6.140115857124328613e-01,-3.296815752983093262e-01,-7.281155139207839966e-02,-4.139722287654876709e-01,-3.523505926132202148e-01,-4.722390174865722656e-01,4.942230284214019775e-01,-3.909772932529449463e-01,3.660690039396286011e-02,-1.414271891117095947e-01,6.518190354108810425e-02,3.538301587104797363e-01,-5.184921622276306152e-01,-8.887228965759277344e-01,-4.071305096149444580e-01,2.649857103824615479e-01,-3.749700784683227539e-01,4.271255806088447571e-02,-8.141757249832153320e-01,-2.252635955810546875e-01
-3.770384937524795532e-02,-2.043911695480346680e+00,6.427081823348999023e-01,4.405419528484344482e-02,-8.550691604614257812e-02,-6.913167238235473633e-01,-7.161208987236022949e-01,-1.626584976911544800e-01,1.776337921619415283e-01,3.339160680770874023e-01,5.821838378906250000e-01,-3.272421360015869141e-01,-7.910620421171188354e-02,-4.033133387565612793e-01,-3.467376828193664551e-01,-4.576168656349182129e-01,4.906558096408843994e-01,-3.806219696998596191e-01,3.941749036312103271e-02,-1.399500072002410889e-01,6.266122311353683472e-02,3.539093136787414551e-01,-5.123728513717651367e-01,-8.966484069824218750e-01,-4.066021442413330078e-01,2.514933347702026367e-01,-3.715202212333679199e-01,5.873004719614982605e-02,-8.293510079383850098e-01,-2.030332088470458984e-01
-3.862787038087844849e-02,-2.045372486114501953e+00,6.433469057083129883e-01,4.098419100046157837e-02,-8.144432306289672852e-02,-6.954821348190307617e-01,-7.127353549003601074e-01,-1.437543332576751709e-01,1.630166769027709961e-01,3.165413737297058105e-01,5.517986416816711426e-01,-3.240400850772857666e-01,-8.469676971435546875e-02,-3.918242156505584717e-01,-3.395333886146545410e-01,-4.404924511909484863e-01,4.862063527107238770e-01,-3.698813021183013916e-01,4.236633703112602234e-02,-1.376183182001113892e-01,5.913792178034782410e-02,3.542061448097229004e-01,-5.051193237304687500e-01,-9.050411581993103027e-01,-4.049799442291259766e-01,2.371877431869506836e-01,-3.685143589973449707e-01,7.506181299686431885e-02,-8.444938063621520996e-01,-1.801809966564178467e-01
-3.915933892130851746e-02,-2.046212673187255859e+00,6.442234516143798828e-01,3.790494054555892944e-02,-7.702399045228958130e-02,-6.980493664741516113e-01,-7.108851075172424316e-01,-1.296575963497161865e-01,1.493251621723175049e-01,2.996557950973510742e-01,5.243003368377685547e-01,-3.193127512931823730e-01,-8.887876570224761963e-02,-3.786751627922058105e-01,-3.291465640068054199e-01,-4.183641374111175537e-01,4.799925088882446289e-01,-3.583705127239227295e-01,4.559155553579330444e-02,-1.335776299238204956e-01,5.360944569110870361e-02,3.549382388591766357e-01,-4.955977201461791992e-01,-9.143679141998291016e-01,-4.011699557304382324e-01,2.212563455104827881e-01,-3.663967251777648926e-01,9.202132374048233032e-02,-8.595708608627319336e-01,-1.560862362384796143e-01
-3.942503035068511963e-02,-2.046632528305053711e+00,6.452294588088989258e-01,3.489385545253753662e-02,-7.249754667282104492e-02,-6.995218992233276367e-01,-7.100673913955688477e-01,-1.190166622400283813e-01,1.365898549556732178e-01,2.835312783718109131e-01,4.993815422058105469e-01,-3.137328028678894043e-01,-9.204684197902679443e-02,-3.648101091384887695e-01,-3.134166002273559570e-01,-3.873363733291625977e-01,4.707773923873901367e-01,-3.447930812835693359e-01,4.948054254055023193e-02,-1.285482645034790039e-01,4.694180935621261597e-02,3.559300303459167480e-01,-4.820859432220458984e-01,-9.258027076721191406e-01,-3.939734399318695068e-01,2.016817480325698853e-01,-3.653389215469360352e-01,1.113168895244598389e-01,-8.758525252342224121e-01,-1.281822472810745239e-01
-3.955785185098648071e-02,-2.046842575073242188e+00,6.463001966476440430e-01,3.191635012626647949e-02,-6.791705638170242310e-02,-7.004382610321044922e-01,-7.097569704055786133e-01,-1.101032420992851257e-01,1.243321672081947327e-01,2.677866518497467041e-01,4.757515490055084229e-01,-3.077262938022613525e-01,-9.470809251070022583e-02,-3.505865931510925293e-01,-2.950145304203033447e-01,-3.518576920032501221e-01,4.600612521171569824e-01,-3.301818072795867920e-01,5.370156466960906982e-02,-1.230243742465972900e-01,3.970434144139289856e-02,3.570517301559448242e-01,-4.665785431861877441e-01,-9.382919073104858398e-01,-3.850833475589752197e-01,1.802848130464553833e-01,-3.648109734058380127e-01,1.317812204360961914e-01,-8.927370905876159668e-01,-9.837257117033004761e-02
-3.942979872226715088e-02,-2.046640157699584961e+00,6.474527716636657715e-01,2.911827713251113892e-02,-6.342096626758575439e-02,-7.002707719802856445e-01,-7.104581594467163086e-01,-1.048673018813133240e-01,1.134807914495468140e-01,2.533990740776062012e-01,4.555405974388122559e-01,-3.011382222175598145e-01,-9.628856182098388672e-02,-3.362393379211425781e-01,-2.700055837631225586e-01,-3.057107329368591309e-01,4.456603527069091797e-01,-3.135367333889007568e-01,5.860866606235504150e-02,-1.167689710855484009e-01,3.165867924690246582e-02,3.583786785602569580e-01,-4.462600946426391602e-01,-9.530237913131713867e-01,-3.718125820159912109e-01,1.549989879131317139e-01,-3.658844232559204102e-01,1.542696952819824219e-01,-9.102246761322021484e-01,-6.501446664333343506e-02
-3.897134959697723389e-02,-2.045915365219116211e+00,6.490855813026428223e-01,2.683881856501102448e-02,-5.859280377626419067e-02,-6.987799406051635742e-01,-7.124276757240295410e-01,-1.019058302044868469e-01,1.005042344331741333e-01,2.356352955102920532e-01,4.322514832019805908e-01,-2.916805446147918701e-01,-9.721469879150390625e-02,-3.169000148773193359e-01,-2.434972375631332397e-01,-2.571660280227661133e-01,4.304250776767730713e-01,-2.964664399623870850e-01,6.366208195686340332e-02,-1.075915023684501648e-01,2.000065892934799194e-02,3.603805303573608398e-01,-4.248583614826202393e-01,-9.682391881942749023e-01,-3.575342297554016113e-01,1.288735270500183105e-01,-3.673415184020996094e-01,1.771573275327682495e-01,-9.277873039245605469e-01,-3.093199618160724640e-02
-3.785208985209465027e-02,-2.044146060943603516e+00,6.516788005828857422e-01,2.559695206582546234e-02,-5.310109630227088928e-02,-6.946436762809753418e-01,-7.169346809387207031e-01,-1.034937277436256409e-01,8.327772468328475952e-02,2.111196070909500122e-01,4.028067886829376221e-01,-2.764837145805358887e-01,-9.683201462030410767e-02,-2.875770330429077148e-01,-2.139912396669387817e-01,-2.038281410932540894e-01,4.135216176509857178e-01,-2.785464823246002197e-01,6.900789588689804077e-02,-9.256999939680099487e-02,1.118063926696777344e-03,3.637322187423706055e-01,-4.012910425662994385e-01,-9.844211339950561523e-01,-3.412411808967590332e-01,1.010699868202209473e-01,-3.695659935474395752e-01,2.008421421051025391e-01,-9.454991817474365234e-01,4.597565159201622009e-03
-3.673217073082923889e-02,-2.042375564575195312e+00,6.541156768798828125e-01,1.233383268117904663e-02,-3.656114265322685242e-02,-6.910910606384277344e-01,-7.217369675636291504e-01,-1.060821413993835449e-01,6.767954677343368530e-02,1.887265443801879883e-01,3.764522075653076172e-01,-2.621726691722869873e-01,-9.614942967891693115e-02,-2.602649033069610596e-01,-1.825098693370819092e-01,-1.473761796951293945e-01,3.955224454402923584e-01,-2.601358890533447266e-01,7.452851533889770508e-02,-7.837671041488647461e-02,-1.668978855013847351e-02,3.669118285179138184e-01,-3.763128817081451416e-01,-1.001191616058349609e+00,-3.235949277877807617e-01,7.224238663911819458e-02,-3.723346889019012451e-01,2.249375283718109131e-01,-9.631918072700500488e-01,4.092650115489959717e-02
-3.561187908053398132e-02,-2.040604591369628906e+00,6.564744114875793457e-01,-6.947413086891174316e-03,-1.447230111807584763e-02,-6.873320341110229492e-01,-7.261660099029541016e-01,-1.091708987951278687e-01,5.289494618773460388e-02,1.673939228057861328e-01,3.516416847705841064e-01,-2.483039647340774536e-01,-9.531686455011367798e-02,-2.339571863412857056e-01,-1.500396132469177246e-01,-8.936505764722824097e-02,3.769747018814086914e-01,-2.414792776107788086e-01,8.013675361871719360e-02,-6.459698081016540527e-02,-3.396094962954521179e-02,3.700054883956909180e-01,-3.506283760070800781e-01,-1.018257021903991699e+00,-3.052713871002197266e-01,4.290166869759559631e-02,-3.753756284713745117e-01,2.492391169071197510e-01,-9.808754324913024902e-01,7.765650749206542969e-02
-3.453543782234191895e-02,-2.038902997970581055e+00,6.585890650749206543e-01,-8.624836802482604980e-03,-9.852658025920391083e-03,-6.829677224159240723e-01,-7.303312420845031738e-01,-1.130992397665977478e-01,4.026340693235397339e-02,1.489497125148773193e-01,3.307881355285644531e-01,-2.358378171920776367e-01,-9.422893077135086060e-02,-2.106279730796813965e-01,-1.157060414552688599e-01,-2.848142758011817932e-02,3.573984503746032715e-01,-2.224605083465576172e-01,8.588387817144393921e-02,-5.216090381145477295e-02,-4.951273649930953979e-02,3.728108108043670654e-01,-3.236368298530578613e-01,-1.035807371139526367e+00,-2.856341004371643066e-01,1.271389424800872803e-02,-3.789860904216766357e-01,2.737611532211303711e-01,-9.983696937561035156e-01,1.149162948131561279e-01
-3.348255157470703125e-02,-2.037238597869873047e+00,6.606236696243286133e-01,-9.284212253987789154e-03,-6.300987675786018372e-03,-6.786495447158813477e-01,-7.343765497207641602e-01,-1.171552538871765137e-01,2.825854532420635223e-02,1.313659846782684326e-01,3.110551834106445312e-01,-2.238357514142990112e-01,-9.310074150562286377e-02,-1.882428377866744995e-01,-8.414772152900695801e-02,2.743758633732795715e-02,3.394080102443695068e-01,-2.050462216138839722e-01,9.114911407232284546e-02,-4.017591476440429688e-02,-6.449205428361892700e-02,3.755174875259399414e-01,-2.988429069519042969e-01,-1.051892161369323730e+00,-2.675593197345733643e-01,-1.495444215834140778e-02,-3.823421597480773926e-01,2.961897253990173340e-01,-1.014335751533508301e+00,1.490147560834884644e-01
-3.247694671154022217e-02,-2.035649061203002930e+00,6.624979376792907715e-01,-7.908107712864875793e-03,-4.886624403297901154e-03,-6.744768619537353516e-01,-7.382375001907348633e-01,-1.214659884572029114e-01,1.750880852341651917e-02,1.155057698488235474e-01,2.935663461685180664e-01,-2.127636373043060303e-01,-9.189224988222122192e-02,-1.677492558956146240e-01,-5.814452469348907471e-02,7.341919094324111938e-02,3.245917558670043945e-01,-1.908434182405471802e-01,9.544980525970458984e-02,-2.909491583704948425e-02,-7.832419872283935547e-02,3.780266046524047852e-01,-2.784478068351745605e-01,-1.065043687820434570e+00,-2.526120841503143311e-01,-3.757987171411514282e-02,-3.851889073848724365e-01,3.144281506538391113e-01,-1.027243018150329590e+00,1.767855733633041382e-01
-3.152821585536003113e-02,-2.034149169921875000e+00,6.642198562622070312e-01,-6.648451089859008789e-03,-3.562537487596273422e-03,-6.705230474472045898e-01,-7.418503165245056152e-01,-1.258261799812316895e-01,7.847772911190986633e-03,1.011695861816406250e-01,2.779783606529235840e-01,-2.025802582502365112e-01,-9.066417813301086426e-02,-1.490097641944885254e-01,-3.722521662712097168e-02,1.103520393371582031e-01,3.126919567584991455e-01,-1.794989407062530518e-01,9.888935089111328125e-02,-1.888621971011161804e-02,-9.105543792247772217e-02,3.803427219390869141e-01,-2.620430886745452881e-01,-1.075571060180664062e+00,-2.405628859996795654e-01,-5.566046014428138733e-02,-3.875209093093872070e-01,3.289574682712554932e-01,-1.037511348724365234e+00,1.989541947841644287e-01
-3.060795366764068604e-02,-2.032694339752197266e+00,6.658655405044555664e-01,-5.447001196444034576e-03,-2.283614128828048706e-03,-6.666703820228576660e-01,-7.453293800354003906e-01,-1.302109509706497192e-01,-1.268564374186098576e-03,8.759591728448867798e-02,2.633413672447204590e-01,-1.928416043519973755e-01,-8.942636847496032715e-02,-1.311480253934860229e-01,-1.884826645255088806e-02,1.427597850561141968e-01,3.022505640983581543e-01,-1.695838570594787598e-01,1.018982380628585815e-01,-9.114047512412071228e-03,-1.032357662916183472e-01,3.825622498989105225e-01,-2.476339340209960938e-01,-1.084786057472229004e+00,-2.299629151821136475e-01,-7.146827876567840576e-02,-3.895955383777618408e-01,3.416319787502288818e-01,-1.046459794044494629e+00,2.183212637901306152e-01
-3.060795366764068604e-02,-2.032694339752197266e+00,6.658655405044555664e-01,-5.447001196444034576e-03,-2.283614128828048706e-03,-6.666703820228576660e-01,-7.453293800354003906e-01,-1.302109509706497192e-01,-1.268564374186098576e-03,8.759591728448867798e-02,2.633413672447204590e-01,-1.928416043519973755e-01,-8.942636847496032715e-02,-1.311480253934860229e-01,-7.344031706452369690e-03,1.629747748374938965e-01,2.957760691642761230e-01,-1.634509563446044922e-01,1.037652492523193359e-01,-9.114047512412071228e-03,-1.032357662916183472e-01,3.825622498989105225e-01,-2.385728806257247925e-01,-1.090513706207275391e+00,-2.233231514692306519e-01,-8.118130266666412354e-02,-3.909206688404083252e-01,3.494138717651367188e-01,-1.052019834518432617e+00,2.303147017955780029e-01
-3.062136098742485046e-02,-2.032687902450561523e+00,6.658592224121093750e-01,-5.447001196444034576e-03,-2.283614128828048706e-03,-6.666703820228576660e-01,-7.453293800354003906e-01,-1.302510648965835571e-01,-1.268564374186098576e-03,8.758950978517532349e-02,2.634193301200866699e-01,-1.928835362195968628e-01,-8.942782878875732422e-02,-1.311562806367874146e-01,2.121663885191082954e-03,1.795754730701446533e-01,2.904950976371765137e-01,-1.584230959415435791e-01,1.052984744310379028e-01,-9.116107597947120667e-03,-1.031549274921417236e-01,3.825542330741882324e-01,-2.310778051614761353e-01,-1.095219492912292480e+00,-2.178723067045211792e-01,-8.907565474510192871e-02,-3.920088112354278564e-01,3.557635843753814697e-01,-1.056627750396728516e+00,2.401696443557739258e-01
-3.066158480942249298e-02,-2.032668113708496094e+00,6.658401489257812500e-01,-5.447001196444034576e-03,-2.283614128828048706e-03,-6.666703820228576660e-01,-7.453293800354003906e-01,-1.303713917732238770e-01,-1.268564374186098576e-03,8.757029473781585693e-02,2.636532783508300781e-01,-1.930093169212341309e-01,-8.943221718072891235e-02,-1.311810761690139771e-01,7.509868126362562180e-03,1.889468729496002197e-01,2.876013517379760742e-01,-1.556056141853332520e-01,1.061640977859497070e-01,-9.122286923229694366e-03,-1.029124408960342407e-01,3.825300931930541992e-01,-2.267149984836578369e-01,-1.097881078720092773e+00,-2.147994935512542725e-01,-9.333232045173645020e-02,-3.926227390766143799e-01,3.592486083507537842e-01,-1.059331417083740234e+00,2.457471191883087158e-01
-3.072713315486907959e-02,-2.032632827758789062e+00,6.658113002777099609e-01,-5.521185230463743210e-03,-2.366073895245790482e-03,-6.667141318321228027e-01,-7.452893257141113281e-01,-1.305868923664093018e-01,-1.268564374186098576e-03,8.753656595945358276e-02,2.640736401081085205e-01,-1.932339072227478027e-01,-8.944292366504669189e-02,-1.312215030193328857e-01,9.305936284363269806e-03,1.919393241405487061e-01,2.868497371673583984e-01,-1.547155827283859253e-01,1.064473614096641541e-01,-9.132011793553829193e-03,-1.024836450815200806e-01,3.824938237667083740e-01,-2.250744998455047607e-01,-1.098748564720153809e+00,-2.138502895832061768e-01,-9.433291107416152954e-02,-3.927924931049346924e-01,3.602237105369567871e-01,-1.060443401336669922e+00,2.476284354925155640e-01
-3.080534003674983978e-02,-2.032590150833129883e+00,6.657775640487670898e-01,-5.573719739913940430e-03,-2.423607045784592628e-03,-6.668215990066528320e-01,-7.451925873756408691e-01,-1.308499723672866821e-01,-1.268564374186098576e-03,8.749557286500930786e-02,2.645872533321380615e-01,-1.935078799724578857e-01,-8.945679664611816406e-02,-1.312697678804397583e-01,9.305936284363269806e-03,1.917423307895660400e-01,2.871691882610321045e-01,-1.547892689704895020e-01,1.064394637942314148e-01,-9.143508039414882660e-03,-1.019617319107055664e-01,3.824515044689178467e-01,-2.247951626777648926e-01,-1.098719120025634766e+00,-2.139628976583480835e-01,-9.370547533035278320e-02,-3.927401304244995117e-01,3.599438369274139404e-01,-1.060759425163269043e+00,2.476616799831390381e-01
-3.094881400465965271e-02,-2.032502889633178711e+00,6.657154560089111328e-01,-5.209656897932291031e-03,-2.814564155414700508e-03,-6.669571399688720703e-01,-7.450726032257080078e-01,-1.313844919204711914e-01,-1.268564374186098576e-03,8.741359412670135498e-02,2.656327784061431885e-01,-1.940620243549346924e-01,-8.949277549982070923e-02,-1.313571035861968994e-01,9.305936284363269806e-03,1.914052218198776245e-01,2.876811623573303223e-01,-1.549120694398880005e-01,1.064220890402793884e-01,-9.162480942904949188e-03,-1.009125411510467529e-01,3.823850154876708984e-01,-2.243695706129074097e-01,-1.098625421524047852e+00,-2.141567468643188477e-01,-9.266503900289535522e-02,-3.926424384117126465e-01,3.594903349876403809e-01,-1.061241865158081055e+00,2.477176189422607422e-01
-3.111010044813156128e-02,-2.032398939132690430e+00,6.656453013420104980e-01,-4.741114564239978790e-03,-3.292468609288334846e-03,-6.671215891838073730e-01,-7.449265718460083008e-01,-1.320223212242126465e-01,-1.268564374186098576e-03,8.731624484062194824e-02,2.668811082839965820e-01,-1.947207748889923096e-01,-8.954173326492309570e-02,-1.314531713724136353e-01,9.305936284363269806e-03,1.910143941640853882e-01,2.882519364356994629e-01,-1.550521999597549438e-01,1.063993722200393677e-01,-9.181522764265537262e-03,-9.967035800218582153e-02,3.823212087154388428e-01,-2.239088267087936401e-01,-1.098490238189697266e+00,-2.143815755844116211e-01,-9.148069471120834351e-02,-3.925239741802215576e-01,3.589804470539093018e-01,-1.061764359474182129e+00,2.477815002202987671e-01
-3.130700811743736267e-02,-2.032261133193969727e+00,6.655589342117309570e-01,-4.063647706061601639e-03,-3.944238182157278061e-03,-6.673437356948852539e-01,-7.447283864021301270e-01,-1.328666806221008301e-01,-1.268564374186098576e-03,8.718815445899963379e-02,2.685349285602569580e-01,-1.955887526273727417e-01,-8.961664140224456787e-02,-1.315667480230331421e-01,9.305936284363269806e-03,1.905162185430526733e-01,2.889402806758880615e-01,-1.552269756793975830e-01,1.063659787178039551e-01,-9.200701490044593811e-03,-9.804229438304901123e-02,3.822628259658813477e-01,-2.233777940273284912e-01,-1.098271965980529785e+00,-2.146683484315872192e-01,-9.000857919454574585e-02,-3.923640251159667969e-01,3.583578467369079590e-01,-1.062367200851440430e+00,2.478612065315246582e-01
-3.152868151664733887e-02,-2.032086610794067383e+00,6.654614210128784180e-01,-3.837824100628495216e-03,-4.161493852734565735e-03,-6.674176454544067383e-01,-7.446621060371398926e-01,-1.339345276355743408e-01,-1.268564374186098576e-03,8.702589571475982666e-02,2.706239223480224609e-01,-1.966760456562042236e-01,-8.973074704408645630e-02,-1.316850483417510986e-01,9.305936284363269806e-03,1.898994147777557373e-01,2.897205054759979248e-01,-1.554359495639801025e-01,1.063162237405776978e-01,-9.211592376232147217e-03,-9.601119160652160645e-02,3.822411298751831055e-01,-2.228152304887771606e-01,-1.097925543785095215e+00,-2.150205373764038086e-01,-8.825555443763732910e-02,-3.921503126621246338e-01,3.576336801052093506e-01,-1.063005208969116211e+00,2.479548156261444092e-01
-3.176271915435791016e-02,-2.031893491744995117e+00,6.653583645820617676e-01,-3.837824100628495216e-03,-4.161493852734565735e-03,-6.674176454544067383e-01,-7.446621060371398926e-01,-1.351140439510345459e-01,-1.268564374186098576e-03,8.684656769037246704e-02,2.729304432868957520e-01,-1.978729069232940674e-01,-8.986444771289825439e-02,-1.318057328462600708e-01,9.305936284363269806e-03,1.892233788967132568e-01,2.905465960502624512e-01,-1.556620299816131592e-01,1.062582880258560181e-01,-9.218340739607810974e-03,-9.377870708703994751e-02,3.822377622127532959e-01,-2.222369611263275146e-01,-1.097515106201171875e+00,-2.154054045677185059e-01,-8.636219799518585205e-02,-3.919097185134887695e-01,3.568587899208068848e-01,-1.063660740852355957e+00,2.480553835630416870e-01
-3.196222335100173950e-02,-2.031666755676269531e+00,6.652705073356628418e-01,-3.488051705062389374e-03,-4.136967472732067108e-03,-6.683789491653442383e-01,-7.438012957572937012e-01,-1.364962756633758545e-01,-1.268564374186098576e-03,8.663520961999893188e-02,2.756157517433166504e-01,-1.992409378290176392e-01,-9.007334709167480469e-02,-1.318812966346740723e-01,9.305936284363269806e-03,1.883819699287414551e-01,2.914107739925384521e-01,-1.559259295463562012e-01,1.061662733554840088e-01,-9.187009185552597046e-03,-9.123802930116653442e-02,3.823786973953247070e-01,-2.217184007167816162e-01,-1.096845865249633789e+00,-2.158727645874023438e-01,-8.416765183210372925e-02,-3.915756046772003174e-01,3.559948801994323730e-01,-1.064243435859680176e+00,2.481630742549896240e-01
-3.214168548583984375e-02,-2.031431913375854492e+00,6.651874780654907227e-01,-3.302263095974922180e-03,-3.990193828940391541e-03,-6.688138246536254883e-01,-7.434118986129760742e-01,-1.379309594631195068e-01,-1.268564374186098576e-03,8.641402423381805420e-02,2.783857285976409912e-01,-2.006408274173736572e-01,-9.031159430742263794e-02,-1.319349557161331177e-01,9.305936284363269806e-03,1.874939948320388794e-01,2.922491431236267090e-01,-1.561963260173797607e-01,1.060597747564315796e-01,-9.135579690337181091e-03,-8.863294124603271484e-02,3.825883567333221436e-01,-2.212532162666320801e-01,-1.096076726913452148e+00,-2.163580656051635742e-01,-8.192666620016098022e-02,-3.912082314491271973e-01,3.551253974437713623e-01,-1.064761281013488770e+00,2.482654601335525513e-01
-3.228106722235679626e-02,-2.031180381774902344e+00,6.651142239570617676e-01,-3.060998627915978432e-03,-3.810819238424301147e-03,-6.692922115325927734e-01,-7.429832220077514648e-01,-1.394704729318618774e-01,-1.268564374186098576e-03,8.617322146892547607e-02,2.813250720500946045e-01,-2.021044343709945679e-01,-9.060850739479064941e-02,-1.319448351860046387e-01,9.305936284363269806e-03,1.865129321813583374e-01,2.930358946323394775e-01,-1.564796566963195801e-01,1.059243008494377136e-01,-9.043960832059383392e-03,-8.589905500411987305e-02,3.829353749752044678e-01,-2.208947539329528809e-01,-1.095107913017272949e+00,-2.168792933225631714e-01,-7.959285378456115723e-02,-3.907743692398071289e-01,3.542447388172149658e-01,-1.065149784088134766e+00,2.483571916818618774e-01
-3.234668076038360596e-02,-2.030933380126953125e+00,6.650624275207519531e-01,-2.867265138775110245e-03,-3.481925465166568756e-03,-6.697843074798583984e-01,-7.425420284271240234e-01,-1.410120725631713867e-01,-1.268564374186098576e-03,8.592556416988372803e-02,2.841964364051818848e-01,-2.034992426633834839e-01,-9.096399694681167603e-02,-1.318944394588470459e-01,9.305936284363269806e-03,1.854640841484069824e-01,2.936939001083374023e-01,-1.567617356777191162e-01,1.057545393705368042e-01,-8.894596248865127563e-03,-8.326284587383270264e-02,3.834649324417114258e-01,-2.206956446170806885e-01,-1.093935966491699219e+00,-2.174111008644104004e-01,-7.729394733905792236e-02,-3.902761042118072510e-01,3.534027934074401855e-01,-1.065343022346496582e+00,2.484160065650939941e-01
-3.237539902329444885e-02,-2.030688762664794922e+00,6.650214791297912598e-01,-2.697319956496357918e-03,-3.078306792303919792e-03,-6.702830791473388672e-01,-7.420942187309265137e-01,-1.425545364618301392e-01,-1.268564374186098576e-03,8.567450940608978271e-02,2.870334982872009277e-01,-2.048594951629638672e-01,-9.134873747825622559e-02,-1.318138837814331055e-01,9.305936284363269806e-03,1.843814551830291748e-01,2.942874431610107422e-01,-1.570431441068649292e-01,1.055676564574241638e-01,-8.716373704373836517e-03,-8.067576587200164795e-02,3.840857148170471191e-01,-2.205762565135955811e-01,-1.092662692070007324e+00,-2.179481536149978638e-01,-7.501274347305297852e-02,-3.897456824779510498e-01,3.525803089141845703e-01,-1.065438628196716309e+00,2.484582960605621338e-01
-3.228645771741867065e-02,-2.030469417572021484e+00,6.650089025497436523e-01,-2.752030035480856895e-03,-2.346581080928444862e-03,-6.707707047462463379e-01,-7.416560053825378418e-01,-1.440463364124298096e-01,-1.268564374186098576e-03,8.541831374168395996e-02,2.895886898040771484e-01,-2.060165405273437500e-01,-9.180939197540283203e-02,-1.316661238670349121e-01,9.305936284363269806e-03,1.832284629344940186e-01,2.946202158927917480e-01,-1.573077738285064697e-01,1.053240895271301270e-01,-8.437279611825942993e-03,-7.837080210447311401e-02,3.849925696849822998e-01,-2.207106947898864746e-01,-1.091125488281250000e+00,-2.184682190418243408e-01,-7.293134927749633789e-02,-3.891302943229675293e-01,3.518598675727844238e-01,-1.065216660499572754e+00,2.484117746353149414e-01
-3.215956687927246094e-02,-2.030264616012573242e+00,6.650018095970153809e-01,-2.731102751567959785e-03,-1.646106480620801449e-03,-6.712421178817749023e-01,-7.412313222885131836e-01,-1.455125361680984497e-01,-1.268564374186098576e-03,8.516213297843933105e-02,2.920052707195281982e-01,-2.070811390876770020e-01,-9.228768944740295410e-02,-1.315125823020935059e-01,9.305936284363269806e-03,1.820626109838485718e-01,2.948562800884246826e-01,-1.575633287429809570e-01,1.050611063838005066e-01,-8.123673498630523682e-03,-7.619343698024749756e-02,3.859862685203552246e-01,-2.209213525056838989e-01,-1.089524507522583008e+00,-2.189740836620330811e-01,-7.095824182033538818e-02,-3.884940445423126221e-01,3.511835932731628418e-01,-1.064897537231445312e+00,2.483216375112533569e-01
-3.195678070187568665e-02,-2.030089378356933594e+00,6.650056838989257812e-01,-2.558892359957098961e-03,-1.008172985166311264e-03,-6.716817617416381836e-01,-7.408347725868225098e-01,-1.469275653362274170e-01,-1.268564374186098576e-03,8.490595221519470215e-02,2.941444814205169678e-01,-2.079608291387557983e-01,-9.280127286911010742e-02,-1.313474774360656738e-01,9.305936284363269806e-03,1.808710694313049316e-01,2.948989868164062500e-01,-1.578007787466049194e-01,1.047592684626579285e-01,-7.741051726043224335e-03,-7.427129894495010376e-02,3.871536850929260254e-01,-2.212844491004943848e-01,-1.087796568870544434e+00,-2.194514572620391846e-01,-6.920178234577178955e-02,-3.878159523010253906e-01,3.505955636501312256e-01,-1.064384698867797852e+00,2.481442540884017944e-01
-3.169524669647216797e-02,-2.029951810836791992e+00,6.650083661079406738e-01,-2.146007260307669640e-03,-5.847971769981086254e-04,-6.720710992813110352e-01,-7.404832839965820312e-01,-1.483082026243209839e-01,-1.268564374186098576e-03,8.464975655078887939e-02,2.959868609905242920e-01,-2.086455523967742920e-01,-9.332901984453201294e-02,-1.312209963798522949e-01,9.305936284363269806e-03,1.796657294034957886e-01,2.947701215744018555e-01,-1.580201387405395508e-01,1.044201403856277466e-01,-7.298060692846775055e-03,-7.261214405298233032e-02,3.884482383728027344e-01,-2.217508107423782349e-01,-1.086003184318542480e+00,-2.198952883481979370e-01,-6.769774109125137329e-02,-3.871155977249145508e-01,3.500965237617492676e-01,-1.063738226890563965e+00,2.478560507297515869e-01
-3.140434622764587402e-02,-2.029833078384399414e+00,6.650105118751525879e-01,-1.612791093066334724e-03,-2.687246305868029594e-04,-6.724352240562438965e-01,-7.401542663574218750e-01,-1.496716141700744629e-01,-1.268564374186098576e-03,8.439356833696365356e-02,2.976807653903961182e-01,-2.092327624559402466e-01,-9.386382997035980225e-02,-1.311138421297073364e-01,9.305936284363269806e-03,1.784535497426986694e-01,2.945554852485656738e-01,-1.582304239273071289e-01,1.040623784065246582e-01,-6.824898067861795425e-03,-7.108455896377563477e-02,3.898062407970428467e-01,-2.222687602043151855e-01,-1.084177136421203613e+00,-2.203222960233688354e-01,-6.631997972726821899e-02,-3.864040970802307129e-01,3.496419191360473633e-01,-1.063025116920471191e+00,2.475124448537826538e-01
-3.105263784527778625e-02,-2.029776811599731445e+00,6.650053858757019043e-01,-1.006056787446141243e-03,-8.324094233103096485e-05,-6.727126836776733398e-01,-7.399031519889831543e-01,-1.510262340307235718e-01,-1.268564374186098576e-03,8.413738012313842773e-02,2.989565730094909668e-01,-2.095453590154647827e-01,-9.438443928956985474e-02,-1.311442553997039795e-01,9.305936284363269806e-03,1.772324293851852417e-01,2.941514849662780762e-01,-1.584198623895645142e-01,1.036549508571624756e-01,-6.287624128162860870e-03,-6.993387639522552490e-02,3.912567198276519775e-01,-2.228602468967437744e-01,-1.082340955734252930e+00,-2.207066416740417480e-01,-6.533581763505935669e-02,-3.856936097145080566e-01,3.493148684501647949e-01,-1.062223434448242188e+00,2.469799518585205078e-01
-3.068974427878856659e-02,-2.029741048812866211e+00,6.649953126907348633e-01,-3.503372718114405870e-04,5.248230081633664668e-05,-6.729605793952941895e-01,-7.396783232688903809e-01,-1.523928493261337280e-01,-1.268564374186098576e-03,8.388119190931320190e-02,3.001148402690887451e-01,-2.097807526588439941e-01,-9.488873183727264404e-02,-1.312431395053863525e-01,9.305936284363269806e-03,1.760101318359375000e-01,2.937138378620147705e-01,-1.586059331893920898e-01,1.032342314720153809e-01,-5.741367116570472717e-03,-6.889679282903671265e-02,3.926997780799865723e-01,-2.234531641006469727e-01,-1.080524206161499023e+00,-2.210832685232162476e-01,-6.447643786668777466e-02,-3.849953114986419678e-01,3.490277230739593506e-01,-1.061428666114807129e+00,2.463834285736083984e-01
-3.030448034405708313e-02,-2.029746532440185547e+00,6.649752855300903320e-01,4.033521690871566534e-04,8.868730947142466903e-05,-6.731494069099426270e-01,-7.395064234733581543e-01,-1.537834107875823975e-01,-1.268564374186098576e-03,8.362500369548797607e-02,3.010380864143371582e-01,-2.098617255687713623e-01,-9.536037594079971313e-02,-1.314789205789566040e-01,9.305936284363269806e-03,1.747855246067047119e-01,2.932088971138000488e-01,-1.587852686643600464e-01,1.027869358658790588e-01,-5.177145823836326599e-03,-6.808687746524810791e-02,3.941280841827392578e-01,-2.240489274263381958e-01,-1.078746557235717773e+00,-2.214444726705551147e-01,-6.386661529541015625e-02,-3.843214213848114014e-01,3.488202691078186035e-01,-1.060647726058959961e+00,2.456588447093963623e-01
-2.991561964154243469e-02,-2.029788017272949219e+00,6.649451255798339844e-01,1.207205816172063351e-03,5.117186083225533366e-05,-6.732841134071350098e-01,-7.393829226493835449e-01,-1.552146971225738525e-01,-1.268564374186098576e-03,8.336881548166275024e-02,3.017737567424774170e-01,-2.098225653171539307e-01,-9.577937424182891846e-02,-1.318785846233367920e-01,9.305936284363269806e-03,1.735602915287017822e-01,2.926945388317108154e-01,-1.589656174182891846e-01,1.023215204477310181e-01,-4.623283632099628448e-03,-6.748335063457489014e-02,3.954663276672363281e-01,-2.246216386556625366e-01,-1.077035069465637207e+00,-2.218059003353118896e-01,-6.348150223493576050e-02,-3.836938142776489258e-01,3.486899733543395996e-01,-1.059935569763183594e+00,2.448193132877349854e-01
-2.952494658529758453e-02,-2.029847621917724609e+00,6.649098396301269531e-01,2.036171732470393181e-03,-2.320526073162909597e-05,-6.733915805816650391e-01,-7.392832636833190918e-01,-1.566663980484008789e-01,-1.268564374186098576e-03,8.311262726783752441e-02,3.024156987667083740e-01,-2.097233235836029053e-01,-9.617207199335098267e-02,-1.323602050542831421e-01,9.305936284363269806e-03,1.723346859216690063e-01,2.921754419803619385e-01,-1.591464728116989136e-01,1.018470302224159241e-01,-4.074579104781150818e-03,-6.698299199342727661e-02,3.967596292495727539e-01,-2.251828610897064209e-01,-1.075356721878051758e+00,-2.221674323081970215e-01,-6.320874392986297607e-02,-3.830893039703369141e-01,3.485982418060302734e-01,-1.059257626533508301e+00,2.439222484827041626e-01
-2.915369160473346710e-02,-2.029948234558105469e+00,6.648614406585693359e-01,2.880132524296641350e-03,-2.462591510266065598e-04,-6.734341382980346680e-01,-7.392415404319763184e-01,-1.581747084856033325e-01,-1.268564374186098576e-03,8.285644650459289551e-02,3.028368949890136719e-01,-2.094960808753967285e-01,-9.646358340978622437e-02,-1.330929249525070190e-01,9.305936284363269806e-03,1.711089313030242920e-01,2.917128801345825195e-01,-1.593388020992279053e-01,1.013601273298263550e-01,-3.582402365282177925e-03,-6.676349043846130371e-02,3.978211581707000732e-01,-2.257034480571746826e-01,-1.073793053627014160e+00,-2.225483506917953491e-01,-6.322540342807769775e-02,-3.825797140598297119e-01,3.486198186874389648e-01,-1.058729648590087891e+00,2.428935021162033081e-01
-2.879528142511844635e-02,-2.030056953430175781e+00,6.648102998733520508e-01,3.688864642754197121e-03,-5.032499902881681919e-04,-6.734625101089477539e-01,-7.392120361328125000e-01,-1.596901863813400269e-01,-1.268564374186098576e-03,8.260025084018707275e-02,3.031990230083465576e-01,-2.092421352863311768e-01,-9.671732783317565918e-02,-1.338992118835449219e-01,9.305936284363269806e-03,1.698831319808959961e-01,2.912844121456146240e-01,-1.595370620489120483e-01,1.008744016289710999e-01,-3.120261942967772484e-03,-6.662785261869430542e-02,3.987827301025390625e-01,-2.262172400951385498e-01,-1.072267055511474609e+00,-2.229383140802383423e-01,-6.332131475210189819e-02,-3.821066319942474365e-01,3.486776947975158691e-01,-1.058255195617675781e+00,2.418394684791564941e-01
-2.846259251236915588e-02,-2.030181884765625000e+00,6.647537350654602051e-01,4.427074920386075974e-03,-8.280975162051618099e-04,-6.734629273414611816e-01,-7.392072677612304688e-01,-1.612198948860168457e-01,-1.268564374186098576e-03,8.234406262636184692e-02,3.034429550170898438e-01,-2.089347988367080688e-01,-9.689551591873168945e-02,-1.348525136709213257e-01,9.305936284363269806e-03,1.686573773622512817e-01,2.909241616725921631e-01,-1.597471833229064941e-01,1.003910452127456665e-01,-2.718232106417417526e-03,-6.665996462106704712e-02,3.995442986488342285e-01,-2.267173975706100464e-01,-1.070816755294799805e+00,-2.233462929725646973e-01,-6.357574462890625000e-02,-3.817065954208374023e-01,3.488081097602844238e-01,-1.057888150215148926e+00,2.407349050045013428e-01
-2.816463634371757507e-02,-2.030310869216918945e+00,6.646936535835266113e-01,5.139598157256841660e-03,-1.234690658748149872e-03,-6.734482645988464355e-01,-7.392154932022094727e-01,-1.627251207828521729e-01,-1.268564374186098576e-03,8.208787441253662109e-02,3.035888671875000000e-01,-2.086024433374404907e-01,-9.699724614620208740e-02,-1.359130144119262695e-01,9.305936284363269806e-03,1.674315780401229858e-01,2.906454205513000488e-01,-1.599705517292022705e-01,9.992077201604843140e-02,-2.391161862760782242e-03,-6.683598458766937256e-02,4.000849127769470215e-01,-2.272256314754486084e-01,-1.069437026977539062e+00,-2.237672507762908936e-01,-6.395325064659118652e-02,-3.813810944557189941e-01,3.490037620067596436e-01,-1.057617902755737305e+00,2.396213114261627197e-01
-2.788405679166316986e-02,-2.030441999435424805e+00,6.646319031715393066e-01,5.839246790856122971e-03,-1.682143774814903736e-03,-6.734257936477661133e-01,-7.392299175262451172e-01,-1.642180532217025757e-01,-1.268564374186098576e-03,8.183168619871139526e-02,3.036857545375823975e-01,-2.082576155662536621e-01,-9.706075489521026611e-02,-1.370270699262619019e-01,9.305936284363269806e-03,1.662058234214782715e-01,2.904074490070343018e-01,-1.602005362510681152e-01,9.945704787969589233e-02,-2.101586665958166122e-03,-6.708395481109619141e-02,4.005150496959686279e-01,-2.277378588914871216e-01,-1.068092584609985352e+00,-2.241947054862976074e-01,-6.439227610826492310e-02,-3.810927867889404297e-01,3.492320179939270020e-01,-1.057396054267883301e+00,2.385032922029495239e-01
-2.766322344541549683e-02,-2.030561923980712891e+00,6.645703315734863281e-01,6.795032881200313568e-03,-2.531216945499181747e-03,-6.733908653259277344e-01,-7.392510771751403809e-01,-1.656048744916915894e-01,-1.268564374186098576e-03,8.157549053430557251e-02,3.036602735519409180e-01,-2.079126834869384766e-01,-9.701833128929138184e-02,-1.382241696119308472e-01,9.305936284363269806e-03,1.649799942970275879e-01,2.902902662754058838e-01,-1.604486107826232910e-01,9.902797639369964600e-02,-1.933078397996723652e-03,-6.750325858592987061e-02,4.006213545799255371e-01,-2.282924950122833252e-01,-1.066849470138549805e+00,-2.246188223361968994e-01,-6.496362388134002686e-02,-3.809062242507934570e-01,3.495395481586456299e-01,-1.057288885116577148e+00,2.374305129051208496e-01
-2.746227942407131195e-02,-2.030673265457153320e+00,6.645091772079467773e-01,7.720957510173320770e-03,-3.405984025448560715e-03,-6.733521223068237305e-01,-7.392738461494445801e-01,-1.669337451457977295e-01,-1.268564490601420403e-03,8.131930977106094360e-02,3.036031126976013184e-01,-2.075786739587783813e-01,-9.694623202085494995e-02,-1.394214481115341187e-01,9.305936284363269806e-03,1.637542843818664551e-01,2.902083396911621094e-01,-1.607012301683425903e-01,9.861476719379425049e-02,-1.803281949833035469e-03,-6.796231120824813843e-02,4.006343483924865723e-01,-2.288668006658554077e-01,-1.065640568733215332e+00,-2.250303626060485840e-01,-6.556255370378494263e-02,-3.807468414306640625e-01,3.498656749725341797e-01,-1.057208299636840820e+00,2.363883256912231445e-01
-2.730106376111507416e-02,-2.030766725540161133e+00,6.644487380981445312e-01,8.587364107370376587e-03,-4.332324489951133728e-03,-6.733068227767944336e-01,-7.393006086349487305e-01,-1.681470274925231934e-01,-1.268564374186098576e-03,8.106312155723571777e-02,3.034824430942535400e-01,-2.072664052248001099e-01,-9.681475907564163208e-02,-1.406193077564239502e-01,9.305936284363269806e-03,1.625284552574157715e-01,2.901968657970428467e-01,-1.609629541635513306e-01,9.823314845561981201e-02,-1.750879455357789993e-03,-6.850095838308334351e-02,4.004606306552886963e-01,-2.294805943965911865e-01,-1.064499855041503906e+00,-2.254168987274169922e-01,-6.621681153774261475e-02,-3.806418776512145996e-01,3.502290844917297363e-01,-1.057180643081665039e+00,2.354070693254470825e-01
-2.717581763863563538e-02,-2.030834674835205078e+00,6.643925905227661133e-01,8.876148611307144165e-03,-4.641087725758552551e-03,-6.732915043830871582e-01,-7.393093109130859375e-01,-1.692087054252624512e-01,-1.268564374186098576e-03,8.080693334341049194e-02,3.033202886581420898e-01,-2.069938480854034424e-01,-9.663809835910797119e-02,-1.417682766914367676e-01,9.305936284363269806e-03,1.613027006387710571e-01,2.902427315711975098e-01,-1.612300574779510498e-01,9.788949787616729736e-02,-1.765311462804675102e-03,-6.908337771892547607e-02,4.001478552818298340e-01,-2.301325052976608276e-01,-1.063432097434997559e+00,-2.257522940635681152e-01,-6.689680367708206177e-02,-3.805739879608154297e-01,3.506143987178802490e-01,-1.057184576988220215e+00,2.345057427883148193e-01
-2.706854790449142456e-02,-2.030889749526977539e+00,6.643385291099548340e-01,9.284046478569507599e-03,-5.454134661704301834e-03,-6.731980443000793457e-01,-7.393838167190551758e-01,-1.701946109533309937e-01,-1.268564374186098576e-03,8.055074512958526611e-02,3.031373918056488037e-01,-2.067411392927169800e-01,-9.643884003162384033e-02,-1.428928226232528687e-01,9.305936284363269806e-03,1.600769162178039551e-01,2.903172671794891357e-01,-1.614998877048492432e-01,9.756479412317276001e-02,-1.813160721212625504e-03,-6.968770176172256470e-02,3.997655510902404785e-01,-2.308035045862197876e-01,-1.062400698661804199e+00,-2.260621339082717896e-01,-6.758969277143478394e-02,-3.805246651172637939e-01,3.510106801986694336e-01,-1.057204484939575195e+00,2.336443662643432617e-01
-2.700541168451309204e-02,-2.030899047851562500e+00,6.642931103706359863e-01,9.284046478569507599e-03,-5.454134661704301834e-03,-6.731980443000793457e-01,-7.393838167190551758e-01,-1.709199845790863037e-01,-1.268564374186098576e-03,8.029454946517944336e-02,3.029300570487976074e-01,-2.065677046775817871e-01,-9.619286656379699707e-02,-1.438880413770675659e-01,9.305936284363269806e-03,1.588511168956756592e-01,2.904616296291351318e-01,-1.617729365825653076e-01,9.730233252048492432e-02,-1.937740715220570564e-03,-7.030957937240600586e-02,3.992613255977630615e-01,-2.315113246440887451e-01,-1.061486244201660156e+00,-2.262587249279022217e-01,-6.828400492668151855e-02,-3.805046677589416504e-01,3.514224886894226074e-01,-1.057247400283813477e+00,2.329122424125671387e-01
-2.695342898368835449e-02,-2.030891895294189453e+00,6.642502546310424805e-01,9.699755348265171051e-03,-6.207054480910301208e-03,-6.730660796165466309e-01,-7.394927740097045898e-01,-1.715550720691680908e-01,-1.268564374186098576e-03,8.003836870193481445e-02,3.027275800704956055e-01,-2.064246088266372681e-01,-9.593698382377624512e-02,-1.448293030261993408e-01,9.305936284363269806e-03,1.576253771781921387e-01,2.906268239021301270e-01,-1.620460748672485352e-01,9.706094861030578613e-02,-2.078692894428968430e-03,-7.092513889074325562e-02,3.987459540367126465e-01,-2.322202026844024658e-01,-1.060612201690673828e+00,-2.264085710048675537e-01,-6.896913051605224609e-02,-3.804871439933776855e-01,3.518366515636444092e-01,-1.057292699813842773e+00,2.322209477424621582e-01
-2.692374400794506073e-02,-2.030852556228637695e+00,6.642124652862548828e-01,9.699755348265171051e-03,-6.207054480910301208e-03,-6.730660796165466309e-01,-7.394927740097045898e-01,-1.720096617937088013e-01,-1.268564374186098576e-03,7.978217303752899170e-02,3.025347590446472168e-01,-2.063421308994293213e-01,-9.566129744052886963e-02,-1.456627547740936279e-01,9.305936284363269806e-03,1.563995778560638428e-01,2.908336818218231201e-01,-1.623194366693496704e-01,9.686168283224105835e-02,-2.252400387078523636e-03,-7.152812182903289795e-02,3.982083201408386230e-01,-2.329312413930892944e-01,-1.059819221496582031e+00,-2.264648824930191040e-01,-6.963591277599334717e-02,-3.804745674133300781e-01,3.522554039955139160e-01,-1.057342529296875000e+00,2.316113114356994629e-01
-2.690974436700344086e-02,-2.030782222747802734e+00,6.641796827316284180e-01,9.960898198187351227e-03,-6.705206818878650665e-03,-6.728799939155578613e-01,-7.396542429924011230e-01,-1.722915619611740112e-01,-1.268564374186098576e-03,7.952599227428436279e-02,3.023758530616760254e-01,-2.063228040933609009e-01,-9.537270665168762207e-02,-1.463830173015594482e-01,9.305936284363269806e-03,1.551738083362579346e-01,2.910849153995513916e-01,-1.625928878784179688e-01,9.670241922140121460e-02,-2.440375275909900665e-03,-7.210372388362884521e-02,3.977008461952209473e-01,-2.336184084415435791e-01,-1.059105753898620605e+00,-2.264190763235092163e-01,-7.027060538530349731e-02,-3.804578185081481934e-01,3.526787757873535156e-01,-1.057391166687011719e+00,2.310720384120941162e-01
-2.690359205007553101e-02,-2.030696153640747070e+00,6.641493439674377441e-01,9.934772737324237823e-03,-6.960589438676834106e-03,-6.726266741752624512e-01,-7.398825883865356445e-01,-1.724871248006820679e-01,-1.268564374186098576e-03,7.926979660987854004e-02,3.022339344024658203e-01,-2.063350528478622437e-01,-9.507764130830764771e-02,-1.470467299222946167e-01,9.305936284363269806e-03,1.539479941129684448e-01,2.913582921028137207e-01,-1.628663986921310425e-01,9.656314551830291748e-02,-2.635495737195014954e-03,-7.266568392515182495e-02,3.972084522247314453e-01,-2.342936992645263672e-01,-1.058432221412658691e+00,-2.263222038745880127e-01,-7.088930159807205200e-02,-3.804390430450439453e-01,3.531044721603393555e-01,-1.057439088821411133e+00,2.305678874254226685e-01
-2.691273763775825500e-02,-2.030569314956665039e+00,6.641274094581604004e-01,9.934772737324237823e-03,-6.960589438676834106e-03,-6.726266741752624512e-01,-7.398825883865356445e-01,-1.724539101123809814e-01,-1.268564374186098576e-03,7.901361584663391113e-02,3.021743595600128174e-01,-2.064394950866699219e-01,-9.476620703935623169e-02,-1.475538909435272217e-01,9.305936284363269806e-03,1.527222692966461182e-01,2.917122244834899902e-01,-1.631428003311157227e-01,9.647729992866516113e-02,-2.827556803822517395e-03,-7.317766547203063965e-02,3.968208432197570801e-01,-2.348969876766204834e-01,-1.057869434356689453e+00,-2.260751724243164062e-01,-7.144700735807418823e-02,-3.804107010364532471e-01,3.535418212413787842e-01,-1.057481765747070312e+00,2.301496863365173340e-01
-2.692489698529243469e-02,-2.030431747436523438e+00,6.641075611114501953e-01,9.949066676199436188e-03,-7.219588384032249451e-03,-6.722981333732604980e-01,-7.401785254478454590e-01,-1.723589897155761719e-01,-1.268564374186098576e-03,7.875742018222808838e-02,3.021509349346160889e-01,-2.065726369619369507e-01,-9.444849193096160889e-02,-1.480182409286499023e-01,9.305936284363269806e-03,1.514964401721954346e-01,2.920996546745300293e-01,-1.634217798709869385e-01,9.640630334615707397e-02,-3.012334927916526794e-03,-7.367326319217681885e-02,3.964800238609313965e-01,-2.354672849178314209e-01,-1.057338953018188477e+00,-2.257838994264602661e-01,-7.198224216699600220e-02,-3.803813457489013672e-01,3.539843857288360596e-01,-1.057522892951965332e+00,2.297549396753311157e-01
-2.694307826459407806e-02,-2.030273199081420898e+00,6.640921831130981445e-01,9.949066676199436188e-03,-7.219588384032249451e-03,-6.722981333732604980e-01,-7.401785254478454590e-01,-1.721406430006027222e-01,-1.268564374186098576e-03,7.850123941898345947e-02,3.021998703479766846e-01,-2.067631930112838745e-01,-9.411828219890594482e-02,-1.483969092369079590e-01,9.305936284363269806e-03,1.502706855535507202e-01,2.925539612770080566e-01,-1.637059301137924194e-01,9.636500477790832520e-02,-3.182510146871209145e-03,-7.413600385189056396e-02,3.962326943874359131e-01,-2.359713912010192871e-01,-1.056873202323913574e+00,-2.254042625427246094e-01,-7.247243076562881470e-02,-3.803499937057495117e-01,3.544373512268066406e-01,-1.057561039924621582e+00,2.294072210788726807e-01
-2.696553245186805725e-02,-2.030099868774414062e+00,6.640790700912475586e-01,9.901596233248710632e-03,-7.267925888299942017e-03,-6.718981266021728516e-01,-7.405418157577514648e-01,-1.718330681324005127e-01,-1.268564374186098576e-03,7.824504375457763672e-02,3.023352324962615967e-01,-2.070063799619674683e-01,-9.377272427082061768e-02,-1.487134099006652832e-01,9.305879473686218262e-03,1.490449011325836182e-01,2.930880188941955566e-01,-1.639990359544754028e-01,9.634684771299362183e-02,-3.330837003886699677e-03,-7.456907629966735840e-02,3.960867524147033691e-01,-2.363996803760528564e-01,-1.056461572647094727e+00,-2.249550819396972656e-01,-7.291617989540100098e-02,-3.803257942199707031e-01,3.548992276191711426e-01,-1.057598590850830078e+00,2.291018217802047729e-01
-2.699012123048305511e-02,-2.029919624328613281e+00,6.640669107437133789e-01,9.846024215221405029e-03,-7.309121545404195786e-03,-6.714313030242919922e-01,-7.409653663635253906e-01,-1.714808940887451172e-01,-1.268564374186098576e-03,7.798886299133300781e-02,3.025138080120086670e-01,-2.072758674621582031e-01,-9.341949969530105591e-02,-1.489988267421722412e-01,9.305794723331928253e-03,1.478191316127777100e-01,2.936618626117706299e-01,-1.642965972423553467e-01,9.634025394916534424e-02,-3.468234324827790260e-03,-7.498729228973388672e-02,3.959914445877075195e-01,-2.367900162935256958e-01,-1.056076884269714355e+00,-2.244711071252822876e-01,-7.333669066429138184e-02,-3.803051412105560303e-01,3.553655445575714111e-01,-1.057635903358459473e+00,2.288175821304321289e-01
-2.701951749622821808e-02,-2.029728412628173828e+00,6.640554666519165039e-01,9.846024215221405029e-03,-7.309121545404195786e-03,-6.714313030242919922e-01,-7.409653663635253906e-01,-1.710482388734817505e-01,-1.268564374186098576e-03,7.773266732692718506e-02,3.028367757797241211e-01,-2.076168656349182129e-01,-9.304067492485046387e-02,-1.492254287004470825e-01,9.305283427238464355e-03,1.465933322906494141e-01,2.943662405014038086e-01,-1.646122634410858154e-01,9.635871648788452148e-02,-3.570830915123224258e-03,-7.536447793245315552e-02,3.960399627685546875e-01,-2.370652854442596436e-01,-1.055758595466613770e+00,-2.239165306091308594e-01,-7.368819415569305420e-02,-3.803121745586395264e-01,3.558336198329925537e-01,-1.057677745819091797e+00,2.285991907119750977e-01
-2.705015614628791809e-02,-2.029536962509155273e+00,6.640425920486450195e-01,9.715213440358638763e-03,-7.282530423253774643e-03,-6.709116101264953613e-01,-7.414379119873046875e-01,-1.706053316593170166e-01,-1.268564374186098576e-03,7.747648656368255615e-02,3.032096624374389648e-01,-2.079789936542510986e-01,-9.265398234128952026e-02,-1.494415849447250366e-01,9.303987026214599609e-03,1.453675925731658936e-01,2.951128482818603516e-01,-1.649345308542251587e-01,9.638273715972900391e-02,-3.663806244730949402e-03,-7.572762668132781982e-02,3.961287736892700195e-01,-2.373055517673492432e-01,-1.055458664894104004e+00,-2.233498245477676392e-01,-7.401743531227111816e-02,-3.803337216377258301e-01,3.562951683998107910e-01,-1.057723402976989746e+00,2.284058779478073120e-01
-2.708327770233154297e-02,-2.029345035552978516e+00,6.640269756317138672e-01,9.715213440358638763e-03,-7.282530423253774643e-03,-6.709116101264953613e-01,-7.414379119873046875e-01,-1.701418757438659668e-01,-1.268564374186098576e-03,7.722029089927673340e-02,3.036825060844421387e-01,-2.083833664655685425e-01,-9.225152432918548584e-02,-1.496368646621704102e-01,9.301118552684783936e-03,1.441417932510375977e-01,2.959439754486083984e-01,-1.652701050043106079e-01,9.641788899898529053e-02,-3.737546270713210106e-03,-7.606274634599685669e-02,3.962983191013336182e-01,-2.374758273363113403e-01,-1.055195450782775879e+00,-2.227588295936584473e-01,-7.430219650268554688e-02,-3.803842961788177490e-01,3.567437529563903809e-01,-1.057776927947998047e+00,2.282626628875732422e-01
-2.711860649287700653e-02,-2.029158592224121094e+00,6.640059947967529297e-01,9.426037780940532684e-03,-7.066001649945974350e-03,-6.703644394874572754e-01,-7.419385313987731934e-01,-1.696850359439849854e-01,-1.268564374186098576e-03,7.696411013603210449e-02,3.042499423027038574e-01,-2.088228464126586914e-01,-9.183837473392486572e-02,-1.498224139213562012e-01,9.293444454669952393e-03,1.429162919521331787e-01,2.968445420265197754e-01,-1.656172871589660645e-01,9.645985066890716553e-02,-3.799788653850555420e-03,-7.636556029319763184e-02,3.965281248092651367e-01,-2.375881373882293701e-01,-1.054964184761047363e+00,-2.221640944480895996e-01,-7.454448938369750977e-02,-3.804711997509002686e-01,3.571609258651733398e-01,-1.057844042778015137e+00,2.281767725944519043e-01
-2.715504169464111328e-02,-2.028975009918212891e+00,6.639822721481323242e-01,9.078228846192359924e-03,-6.789800245314836502e-03,-6.698172092437744141e-01,-7.424395084381103516e-01,-1.692315042018890381e-01,-1.268564374186098576e-03,7.670792192220687866e-02,3.048647046089172363e-01,-2.092798501253128052e-01,-9.141986072063446045e-02,-1.500031352043151855e-01,9.283366613090038300e-03,1.416908949613571167e-01,2.977798879146575928e-01,-1.659703254699707031e-01,9.650520980358123779e-02,-3.856284776702523232e-03,-7.665224373340606689e-02,3.967881798744201660e-01,-2.376714795827865601e-01,-1.054748892784118652e+00,-2.215674668550491333e-01,-7.476555556058883667e-02,-3.805762529373168945e-01,3.575623929500579834e-01,-1.057917833328247070e+00,2.281195521354675293e-01
-2.719480171799659729e-02,-2.028806686401367188e+00,6.639469265937805176e-01,9.078228846192359924e-03,-6.789800245314836502e-03,-6.698172092437744141e-01,-7.424395084381103516e-01,-1.688160598278045654e-01,-1.268564374186098576e-03,7.645174115896224976e-02,3.055961728096008301e-01,-2.097736895084381104e-01,-9.099753201007843018e-02,-1.501745581626892090e-01,9.259006008505821228e-03,1.404651701450347900e-01,2.987776398658752441e-01,-1.663318574428558350e-01,9.655641019344329834e-02,-3.909688908606767654e-03,-7.688049972057342529e-02,3.971070051193237305e-01,-2.376901209354400635e-01,-1.054575443267822266e+00,-2.209903597831726074e-01,-7.492667436599731445e-02,-3.807393014430999756e-01,3.578882515430450439e-01,-1.058021545410156250e+00,2.281549721956253052e-01
-2.723518013954162598e-02,-2.028644800186157227e+00,6.639088392257690430e-01,9.005548432469367981e-03,-6.780860479921102524e-03,-6.692997813224792480e-01,-7.429069280624389648e-01,-1.684180349111557007e-01,-1.268564374186098576e-03,7.619553804397583008e-02,3.063521683216094971e-01,-2.102725058794021606e-01,-9.057871252298355103e-02,-1.503415256738662720e-01,9.232788346707820892e-03,1.392365545034408569e-01,2.997774779796600342e-01,-1.666942834854125977e-01,9.660872817039489746e-02,-3.966229502111673355e-03,-7.708598673343658447e-02,3.974358439445495605e-01,-2.376947700977325439e-01,-1.054411053657531738e+00,-2.204260528087615967e-01,-7.506940513849258423e-02,-3.809201419353485107e-01,3.581812977790832520e-01,-1.058138012886047363e+00,2.282205671072006226e-01
-2.727679535746574402e-02,-2.028496026992797852e+00,6.638652682304382324e-01,9.005548432469367981e-03,-6.780860479921102524e-03,-6.692997813224792480e-01,-7.429069280624389648e-01,-1.680549532175064087e-01,-1.268564374186098576e-03,7.593935728073120117e-02,3.071570694446563721e-01,-2.107812017202377319e-01,-9.016700834035873413e-02,-1.504995822906494141e-01,9.202860295772552490e-03,1.380023807287216187e-01,3.007813394069671631e-01,-1.670583933591842651e-01,9.666325151920318604e-02,-4.029030911624431610e-03,-7.724588364362716675e-02,3.977845609188079834e-01,-2.376714348793029785e-01,-1.054264664649963379e+00,-2.198874056339263916e-01,-7.517533749341964722e-02,-3.811365962028503418e-01,3.584085702896118164e-01,-1.058280348777770996e+00,2.283464670181274414e-01
-2.731844782829284668e-02,-2.028362274169921875e+00,6.638197898864746094e-01,8.733704686164855957e-03,-6.565351504832506180e-03,-6.688418984413146973e-01,-7.433244585990905762e-01,-1.677282154560089111e-01,-1.268564374186098576e-03,7.568316906690597534e-02,3.079727590084075928e-01,-2.112816274166107178e-01,-8.977168798446655273e-02,-1.506470739841461182e-01,9.225075133144855499e-03,1.367437392473220825e-01,3.017541468143463135e-01,-1.674306541681289673e-01,9.671055525541305542e-02,-4.103176295757293701e-03,-7.735643535852432251e-02,3.981373906135559082e-01,-2.376350164413452148e-01,-1.054109573364257812e+00,-2.193843126296997070e-01,-7.524769008159637451e-02,-3.813790082931518555e-01,3.585588037967681885e-01,-1.058444261550903320e+00,2.285186648368835449e-01
-2.736011520028114319e-02,-2.028235912322998047e+00,6.637733578681945801e-01,8.490989916026592255e-03,-6.357970181852579117e-03,-6.684561371803283691e-01,-7.436759471893310547e-01,-1.674196869134902954e-01,-1.268564374186098576e-03,7.542698085308074951e-02,3.087938129901885986e-01,-2.117778807878494263e-01,-8.938457071781158447e-02,-1.507892757654190063e-01,9.273364208638668060e-03,1.354729086160659790e-01,3.027113974094390869e-01,-1.678069829940795898e-01,9.675424546003341675e-02,-4.182991571724414825e-03,-7.744230329990386963e-02,3.984922170639038086e-01,-2.375920414924621582e-01,-1.053949952125549316e+00,-2.188989967107772827e-01,-7.530325651168823242e-02,-3.816344141960144043e-01,3.586705327033996582e-01,-1.058618783950805664e+00,2.287139743566513062e-01
-2.739982306957244873e-02,-2.028132438659667969e+00,6.637291908264160156e-01,8.490989916026592255e-03,-6.357970181852579117e-03,-6.684561371803283691e-01,-7.436759471893310547e-01,-1.671600043773651123e-01,-1.268564374186098576e-03,7.517284154891967773e-02,3.095697164535522461e-01,-2.122333645820617676e-01,-8.903393149375915527e-02,-1.509131789207458496e-01,9.621867910027503967e-03,1.341471821069717407e-01,3.035747706890106201e-01,-1.682316064834594727e-01,9.682296216487884521e-02,-4.280752968043088913e-03,-7.745609432458877563e-02,3.988343477249145508e-01,-2.375474572181701660e-01,-1.053734898567199707e+00,-2.184775471687316895e-01,-7.531522214412689209e-02,-3.819085955619812012e-01,3.586646318435668945e-01,-1.058812618255615234e+00,2.289474308490753174e-01
-2.743820473551750183e-02,-2.028036355972290039e+00,6.636877655982971191e-01,8.063581772148609161e-03,-5.976515822112560272e-03,-6.681439876556396484e-01,-7.439643144607543945e-01,-1.669182479381561279e-01,-1.264112419448792934e-03,7.492122799158096313e-02,3.103144466876983643e-01,-2.126752883195877075e-01,-8.869386464357376099e-02,-1.510682702064514160e-01,1.014318875968456268e-02,1.327494680881500244e-01,3.044554293155670166e-01,-1.686957776546478271e-01,9.684400260448455811e-02,-4.382621496915817261e-03,-7.744398713111877441e-02,3.991604447364807129e-01,-2.375152856111526489e-01,-1.053463459014892578e+00,-2.180846929550170898e-01,-7.531019300222396851e-02,-3.821804523468017578e-01,3.586127161979675293e-01,-1.058988928794860840e+00,2.291583120822906494e-01
-2.747393213212490082e-02,-2.027955532073974609e+00,6.636519432067871094e-01,8.063581772148609161e-03,-5.976515822112560272e-03,-6.681439876556396484e-01,-7.439643144607543945e-01,-1.667124032974243164e-01,-1.250754925422370434e-03,7.467463612556457520e-02,3.109969794750213623e-01,-2.130902111530303955e-01,-8.837488293647766113e-02,-1.512857675552368164e-01,1.101024448871612549e-02,1.312075853347778320e-01,3.053708076477050781e-01,-1.692391782999038696e-01,9.676970541477203369e-02,-4.492721054702997208e-03,-7.738006114959716797e-02,3.994544446468353271e-01,-2.375079393386840820e-01,-1.053079366683959961e+00,-2.177489846944808960e-01,-7.527116686105728149e-02,-3.824476599693298340e-01,3.584687113761901855e-01,-1.059129953384399414e+00,2.293241471052169800e-01
-2.750564180314540863e-02,-2.027890682220458984e+00,6.636247038841247559e-01,8.004133589565753937e-03,-5.860367789864540100e-03,-6.678885221481323242e-01,-7.441952824592590332e-01,-1.665391474962234497e-01,-1.228492590598762035e-03,7.443991303443908691e-02,3.115930557250976562e-01,-2.134675234556198120e-01,-8.808143436908721924e-02,-1.518116444349288940e-01,1.242108456790447235e-02,1.294506192207336426e-01,3.063875734806060791e-01,-1.699398010969161987e-01,9.626767784357070923e-02,-4.603854380548000336e-03,-7.727813720703125000e-02,3.997076153755187988e-01,-2.376239895820617676e-01,-1.052414894104003906e+00,-2.175604701042175293e-01,-7.517042756080627441e-02,-3.826914429664611816e-01,3.581335544586181641e-01,-1.059119462966918945e+00,2.292589098215103149e-01
-2.753534540534019470e-02,-2.027833461761474609e+00,6.636018157005310059e-01,8.069857954978942871e-03,-5.820058751851320267e-03,-6.676679849624633789e-01,-7.443926930427551270e-01,-1.663822233676910400e-01,-1.201777602545917034e-03,7.421112060546875000e-02,3.121459484100341797e-01,-2.138260304927825928e-01,-8.780076354742050171e-02,-1.524917334318161011e-01,1.410383637994527817e-02,1.275861114263534546e-01,3.074550032615661621e-01,-1.707190424203872681e-01,9.555176645517349243e-02,-4.715505056083202362e-03,-7.715721428394317627e-02,3.999403417110443115e-01,-2.378017306327819824e-01,-1.051610350608825684e+00,-2.174455523490905762e-01,-7.503883540630340576e-02,-3.829235136508941650e-01,3.577027320861816406e-01,-1.059033393859863281e+00,2.290781438350677490e-01
-2.755842357873916626e-02,-2.027802467346191406e+00,6.635913848876953125e-01,8.069857954978942871e-03,-5.820058751851320267e-03,-6.676679849624633789e-01,-7.443926930427551270e-01,-1.663910448551177979e-01,-1.109544537030160427e-03,7.401522994041442871e-02,3.126761317253112793e-01,-2.143313735723495483e-01,-8.742673695087432861e-02,-1.554932743310928345e-01,1.666566729545593262e-02,1.253242939710617065e-01,3.083604276180267334e-01,-1.707878112792968750e-01,9.354707598686218262e-02,-4.917296580970287323e-03,-7.679546624422073364e-02,4.000476598739624023e-01,-2.383995652198791504e-01,-1.049989700317382812e+00,-2.178386449813842773e-01,-7.471760362386703491e-02,-3.830655217170715332e-01,3.566808700561523438e-01,-1.058398604393005371e+00,2.280523627996444702e-01
-2.757900580763816833e-02,-2.027776718139648438e+00,6.635832190513610840e-01,7.944908924400806427e-03,-5.625663325190544128e-03,-6.674724221229553223e-01,-7.445709705352783203e-01,-1.666336655616760254e-01,-9.584920480847358704e-04,7.371895760297775269e-02,3.132704794406890869e-01,-2.150281071662902832e-01,-8.705168962478637695e-02,-1.602116674184799194e-01,1.950658857822418213e-02,1.229029148817062378e-01,3.090326488018035889e-01,-1.699164956808090210e-01,9.093436598777770996e-02,-5.269849672913551331e-03,-7.637464255094528198e-02,4.001356959342956543e-01,-2.392180562019348145e-01,-1.047932982444763184e+00,-2.185304164886474609e-01,-7.427395880222320557e-02,-3.831536173820495605e-01,3.553326129913330078e-01,-1.057430148124694824e+00,2.265127748250961304e-01
-2.759459428489208221e-02,-2.027761459350585938e+00,6.635800004005432129e-01,7.944908924400806427e-03,-5.625663325190544128e-03,-6.674724221229553223e-01,-7.445709705352783203e-01,-1.673437356948852539e-01,-6.898096180520951748e-04,7.322195172309875488e-02,3.139930963516235352e-01,-2.161075472831726074e-01,-8.667453378438949585e-02,-1.683634817600250244e-01,2.290564589202404022e-02,1.201624348759651184e-01,3.092385530471801758e-01,-1.671651601791381836e-01,8.710569143295288086e-02,-5.923903547227382660e-03,-7.583566755056381226e-02,4.001852273941040039e-01,-2.404777854681015015e-01,-1.045003652572631836e+00,-2.198194414377212524e-01,-7.358549535274505615e-02,-3.831339776515960693e-01,3.533316552639007568e-01,-1.055794596672058105e+00,2.239456623792648315e-01
-2.766503393650054932e-02,-2.027667999267578125e+00,6.635178327560424805e-01,7.670687977224588394e-03,-5.313058383762836456e-03,-6.673240661621093750e-01,-7.447090148925781250e-01,-1.688653826713562012e-01,-1.131019671447575092e-04,7.238374650478363037e-02,3.149745464324951172e-01,-2.179251015186309814e-01,-8.630955219268798828e-02,-1.808799803256988525e-01,2.664599195122718811e-02,1.170533001422882080e-01,3.080815076828002930e-01,-1.608842909336090088e-01,8.117008209228515625e-02,-7.023835554718971252e-03,-7.520626485347747803e-02,4.002890586853027344e-01,-2.423131763935089111e-01,-1.040762186050415039e+00,-2.219569087028503418e-01,-7.247966527938842773e-02,-3.829417824745178223e-01,3.503924012184143066e-01,-1.053070783615112305e+00,2.197818160057067871e-01
-2.776290290057659149e-02,-2.027535676956176758e+00,6.634262204170227051e-01,7.580535952001810074e-03,-5.165010690689086914e-03,-6.671477556228637695e-01,-7.448689341545104980e-01,-1.707929223775863647e-01,6.176505703479051590e-04,7.137487828731536865e-02,3.160854876041412354e-01,-2.201118171215057373e-01,-8.595062792301177979e-02,-1.955796182155609131e-01,3.055725432932376862e-02,1.137595921754837036e-01,3.062429428100585938e-01,-1.528383195400238037e-01,7.418064028024673462e-02,-8.346773684024810791e-03,-7.453159242868423462e-02,4.004200696945190430e-01,-2.444365322589874268e-01,-1.035864472389221191e+00,-2.245187014341354370e-01,-7.116509228944778442e-02,-3.826632499694824219e-01,3.469838201999664307e-01,-1.049802780151367188e+00,2.148193418979644775e-01
-2.753174304962158203e-02,-2.027042627334594727e+00,6.630668640136718750e-01,7.573403883725404739e-03,-5.175092723220586777e-03,-6.680232286453247070e-01,-7.440839409828186035e-01,-1.744508594274520874e-01,2.081816317513585091e-03,6.977672874927520752e-02,3.180135488510131836e-01,-2.241798639297485352e-01,-8.561617881059646606e-02,-2.181514501571655273e-01,3.439123183488845825e-02,1.105314791202545166e-01,3.033990859985351562e-01,-1.423931866884231567e-01,6.574969738721847534e-02,-1.049340795725584030e-02,-7.367099076509475708e-02,4.008214175701141357e-01,-2.470254153013229370e-01,-1.030141472816467285e+00,-2.277478873729705811e-01,-6.958500295877456665e-02,-3.822554647922515869e-01,3.428998589515686035e-01,-1.045801043510437012e+00,2.087317407131195068e-01
-2.716153673827648163e-02,-2.026337385177612305e+00,6.625945568084716797e-01,7.910866290330886841e-03,-5.491642281413078308e-03,-6.691269278526306152e-01,-7.430857419967651367e-01,-1.789264380931854248e-01,3.878919407725334167e-03,6.786779314279556274e-02,3.204913735389709473e-01,-2.292224019765853882e-01,-8.530415594577789307e-02,-2.439378052949905396e-01,3.804198652505874634e-02,1.073603406548500061e-01,2.999620437622070312e-01,-1.305528432130813599e-01,5.693009123206138611e-02,-1.305621396750211716e-02,-7.270668447017669678e-02,4.014066755771636963e-01,-2.497519254684448242e-01,-1.024135947227478027e+00,-2.312205284833908081e-01,-6.789751350879669189e-02,-3.817936480045318604e-01,3.385792374610900879e-01,-1.041524767875671387e+00,2.022342830896377563e-01
-2.651329711079597473e-02,-2.025207757949829102e+00,6.618959307670593262e-01,8.937395177781581879e-03,-6.421021185815334320e-03,-6.706855893135070801e-01,-7.416601777076721191e-01,-1.850368976593017578e-01,6.341720465570688248e-03,6.533746421337127686e-02,3.240683674812316895e-01,-2.362133860588073730e-01,-8.503700792789459229e-02,-2.761511504650115967e-01,4.132615774869918823e-02,1.043033003807067871e-01,2.953390479087829590e-01,-1.159230321645736694e-01,4.733370989561080933e-02,-1.645112782716751099e-02,-7.153504341840744019e-02,4.023596942424774170e-01,-2.527534961700439453e-01,-1.017565965652465820e+00,-2.351797968149185181e-01,-6.599533557891845703e-02,-3.812238574028015137e-01,3.337856233119964600e-01,-1.036700010299682617e+00,1.949174851179122925e-01
-2.616422623395919800e-02,-2.024537563323974609e+00,6.614702939987182617e-01,1.223364192992448807e-02,-9.423895739018917084e-03,-6.715822219848632812e-01,-7.407692074775695801e-01,-1.890813410282135010e-01,7.928996346890926361e-03,6.360659003257751465e-02,3.263166248798370361e-01,-2.407110333442687988e-01,-8.488231897354125977e-02,-2.979751527309417725e-01,4.362265765666961670e-02,1.021526604890823364e-01,2.919849455356597900e-01,-1.052553802728652954e-01,4.053161665797233582e-02,-1.874123513698577881e-02,-7.080227136611938477e-02,4.029447138309478760e-01,-2.548825144767761230e-01,-1.012882471084594727e+00,-2.380147576332092285e-01,-6.462639570236206055e-02,-3.808087706565856934e-01,3.303715586662292480e-01,-1.033234834671020508e+00,1.896696388721466064e-01
-2.596476674079895020e-02,-2.024096965789794922e+00,6.611810326576232910e-01,1.666443794965744019e-02,-1.346328482031822205e-02,-6.721284985542297363e-01,-7.401245236396789551e-01,-1.920925676822662354e-01,9.078413248062133789e-03,6.227553635835647583e-02,3.279003202915191650e-01,-2.439617216587066650e-01,-8.478388190269470215e-02,-3.146032392978668213e-01,4.542519524693489075e-02,1.004553139209747314e-01,2.892654836177825928e-01,-9.656932204961776733e-02,3.512702509760856628e-02,-2.047880925238132477e-02,-7.028898596763610840e-02,4.033457338809967041e-01,-2.565751671791076660e-01,-1.009142279624938965e+00,-2.402874380350112915e-01,-6.352412700653076172e-02,-3.804710507392883301e-01,3.276474475860595703e-01,-1.030449748039245605e+00,1.854565292596817017e-01
-2.563233673572540283e-02,-2.023363113403320312e+00,6.606988906860351562e-01,2.217467315495014191e-02,-1.853548735380172729e-02,-6.730321645736694336e-01,-7.390483617782592773e-01,-1.960127651691436768e-01,1.070002559572458267e-02,6.064435467123985291e-02,3.299796581268310547e-01,-2.482864558696746826e-01,-8.472844958305358887e-02,-3.337001204490661621e-01,4.690439254045486450e-02,9.889377653598785400e-02,2.856498360633850098e-01,-8.665213733911514282e-02,2.916092984378337860e-02,-2.257980406284332275e-02,-6.975219398736953735e-02,4.040016531944274902e-01,-2.583065629005432129e-01,-1.005183219909667969e+00,-2.427002787590026855e-01,-6.231046840548515320e-02,-3.800789713859558105e-01,3.247862160205841064e-01,-1.027400732040405273e+00,1.809108108282089233e-01
-2.541071921586990356e-02,-2.022873640060424805e+00,6.603775024414062500e-01,2.584737539291381836e-02,-2.191629074513912201e-02,-6.736128926277160645e-01,-7.383071184158325195e-01,-1.986261457204818726e-01,1.178107224404811859e-02,5.955693125724792480e-02,3.313658237457275391e-01,-2.511695325374603271e-01,-8.469150215387344360e-02,-3.464310169219970703e-01,4.789049923419952393e-02,9.785276651382446289e-02,2.832394540309906006e-01,-8.004085719585418701e-02,2.518363483250141144e-02,-2.398043312132358551e-02,-6.939434260129928589e-02,4.044389128684997559e-01,-2.594607770442962646e-01,-1.002543926239013672e+00,-2.443088144063949585e-01,-6.150138378143310547e-02,-3.798176050186157227e-01,3.228787779808044434e-01,-1.025368213653564453e+00,1.778804063796997070e-01
-2.541071921586990356e-02,-2.022873640060424805e+00,6.603775024414062500e-01,2.584737539291381836e-02,-2.191629074513912201e-02,-6.736128926277160645e-01,-7.383071184158325195e-01,-1.986261457204818726e-01,1.178107224404811859e-02,5.955693125724792480e-02,3.313658237457275391e-01,-2.511695325374603271e-01,-8.469150215387344360e-02,-3.464310169219970703e-01,4.789049923419952393e-02,9.785276651382446289e-02,2.832394540309906006e-01,-8.004085719585418701e-02,2.518363483250141144e-02,-2.398043312132358551e-02,-6.939434260129928589e-02,4.044389128684997559e-01,-2.594607770442962646e-01,-1.002543926239013672e+00,-2.443088144063949585e-01,-6.150138378143310547e-02,-3.798176050186157227e-01,3.228787779808044434e-01,-1.025368213653564453e+00,1.778804063796997070e-01
-2.541072107851505280e-02,-2.022873640060424805e+00,6.603775024414062500e-01,2.584737539291381836e-02,-2.191629074513912201e-02,-6.736128926277160645e-01,-7.383071184158325195e-01,-1.986261457204818726e-01,1.178107317537069321e-02,5.955692753195762634e-02,3.313658237457275391e-01,-2.511695325374603271e-01,-8.469150215387344360e-02,-3.464310467243194580e-01,4.789049923419952393e-02,9.785276651382446289e-02,2.832394540309906006e-01,-8.004084974527359009e-02,2.518363483250141144e-02,-2.398043312132358551e-02,-6.939434260129928589e-02,4.044389128684997559e-01,-2.594607770442962646e-01,-1.002543926239013672e+00,-2.443087995052337646e-01,-6.150138378143310547e-02,-3.798176050186157227e-01,3.228787779808044434e-01,-1.025368213653564453e+00,1.778804063796997070e-01
-2.541072107851505280e-02,-2.022873640060424805e+00,6.603775024414062500e-01,2.584737539291381836e-02,-2.191629074513912201e-02,-6.736128926277160645e-01,-7.383071184158325195e-01,-1.986261457204818726e-01,1.178107317537069321e-02,5.955692753195762634e-02,3.313658237457275391e-01,-2.511695325374603271e-01,-8.469150215387344360e-02,-3.464310467243194580e-01,4.789049923419952393e-02,9.785276651382446289e-02,2.832394540309906006e-01,-8.004084974527359009e-02,2.518363483250141144e-02,-2.398043312132358551e-02,-6.939434260129928589e-02,4.044389128684997559e-01,-2.594607770442962646e-01,-1.002543926239013672e+00,-2.443088144063949585e-01,-6.150138378143310547e-02,-3.798176050186157227e-01,3.228787779808044434e-01,-1.025368213653564453e+00,1.778804063796997070e-01
-2.541072107851505280e-02,-2.022873640060424805e+00,6.603775024414062500e-01,2.584737539291381836e-02,-2.191629074513912201e-02,-6.736128926277160645e-01,-7.383071184158325195e-01,-1.986261457204818726e-01,1.178107317537069321e-02,5.955692753195762634e-02,3.313658237457275391e-01,-2.511695325374603271e-01,-8.469150215387344360e-02,-3.464310467243194580e-01,4.789049923419952393e-02,9.785276651382446289e-02,2.832394540309906006e-01,-8.004084974527359009e-02,2.518363483250141144e-02,-2.398043312132358551e-02,-6.939434260129928589e-02,4.044389128684997559e-01,-2.594607770442962646e-01,-1.002543926239013672e+00,-2.443087995052337646e-01,-6.150138378143310547e-02,-3.798176050186157227e-01,3.228787779808044434e-01,-1.025368213653564453e+00,1.778804063796997070e-01
-2.541072107851505280e-02,-2.022873640060424805e+00,6.603775024414062500e-01,2.584737539291381836e-02,-2.191629074513912201e-02,-6.736128926277160645e-01,-7.383071184158325195e-01,-1.986261457204818726e-01,1.178107224404811859e-02,5.955692753195762634e-02,3.313658237457275391e-01,-2.511695325374603271e-01,-8.469150215387344360e-02,-3.464310467243194580e-01,4.789049923419952393e-02,9.785276651382446289e-02,2.832394540309906006e-01,-8.004084974527359009e-02,2.518363483250141144e-02,-2.398043125867843628e-02,-6.939434260129928589e-02,4.044389128684997559e-01,-2.594607770442962646e-01,-1.002543926239013672e+00,-2.443087995052337646e-01,-6.150138378143310547e-02,-3.798176050186157227e-01,3.228787779808044434e-01,-1.025368213653564453e+00,1.778804063796997070e-01
-2.541072107851505280e-02,-2.022873640060424805e+00,6.603775024414062500e-01,2.584737539291381836e-02,-2.191629074513912201e-02,-6.736128926277160645e-01,-7.383071184158325195e-01,-1.986261457204818726e-01,1.178107224404811859e-02,5.955692753195762634e-02,3.313658237457275391e-01,-2.511695325374603271e-01,-8.469150215387344360e-02,-3.464310467243194580e-01,4.789049923419952393e-02,9.785276651382446289e-02,2.832394540309906006e-01,-8.004084974527359009e-02,2.518363483250141144e-02,-2.398043125867843628e-02,-6.939434260129928589e-02,4.044389128684997559e-01,-2.594607770442962646e-01,-1.002543926239013672e+00,-2.443087995052337646e-01,-6.150138378143310547e-02,-3.798176050186157227e-01,3.228787779808044434e-01,-1.025368213653564453e+00,1.778804063796997070e-01
-2.541072107851505280e-02,-2.022873640060424805e+00,6.603775024414062500e-01,2.584737539291381836e-02,-2.191629074513912201e-02,-6.736128926277160645e-01,-7.383071184158325195e-01,-1.986261457204818726e-01,1.178107317537069321e-02,5.955692753195762634e-02,3.313658237457275391e-01,-2.511695325374603271e-01,-8.469150215387344360e-02,-3.464310467243194580e-01,4.789049923419952393e-02,9.785276651382446289e-02,2.832394540309906006e-01,-8.004084974527359009e-02,2.518363483250141144e-02,-2.398043312132358551e-02,-6.939434260129928589e-02,4.044389128684997559e-01,-2.594607770442962646e-01,-1.002543926239013672e+00,-2.443087995052337646e-01,-6.150138378143310547e-02,-3.798176050186157227e-01,3.228787779808044434e-01,-1.025368213653564453e+00,1.778804063796997070e-01
-2.541072107851505280e-02,-2.022873640060424805e+00,6.603775024414062500e-01,2.584737539291381836e-02,-2.191629074513912201e-02,-6.736128926277160645e-01,-7.383071184158325195e-01,-1.986261457204818726e-01,1.178107317537069321e-02,5.955692753195762634e-02,3.313658237457275391e-01,-2.511695325374603271e-01,-8.469150215387344360e-02,-3.464310467243194580e-01,4.789049923419952393e-02,9.785276651382446289e-02,2.832394540309906006e-01,-8.004084974527359009e-02,2.518363483250141144e-02,-2.398043312132358551e-02,-6.939434260129928589e-02,4.044389128684997559e-01,-2.594607770442962646e-01,-1.002543926239013672e+00,-2.443088144063949585e-01,-6.150138378143310547e-02,-3.798176050186157227e-01,3.228787779808044434e-01,-1.025368213653564453e+00,1.778804063796997070e-01
-2.541072107851505280e-02,-2.022873640060424805e+00,6.603775024414062500e-01,2.584737539291381836e-02,-2.191629074513912201e-02,-6.736128926277160645e-01,-7.383071184158325195e-01,-1.986261457204818726e-01,1.178107317537069321e-02,5.955692753195762634e-02,3.313658237457275391e-01,-2.511695325374603271e-01,-8.469150215387344360e-02,-3.464310467243194580e-01,4.789049923419952393e-02,9.785276651382446289e-02,2.832394540309906006e-01,-8.004084974527359009e-02,2.518363483250141144e-02,-2.398043312132358551e-02,-6.939434260129928589e-02,4.044389128684997559e-01,-2.594607770442962646e-01,-1.002543926239013672e+00,-2.443087995052337646e-01,-6.150138378143310547e-02,-3.798176050186157227e-01,3.228787779808044434e-01,-1.025368213653564453e+00,1.778804063796997070e-01
-2.541071921586990356e-02,-2.022873640060424805e+00,6.603775024414062500e-01,2.584737539291381836e-02,-2.191629074513912201e-02,-6.736128926277160645e-01,-7.383071184158325195e-01,-1.986261457204818726e-01,1.178107224404811859e-02,5.955693125724792480e-02,3.313658237457275391e-01,-2.511695325374603271e-01,-8.469150215387344360e-02,-3.464310169219970703e-01,4.789049923419952393e-02,9.785276651382446289e-02,2.832394540309906006e-01,-8.004085719585418701e-02,2.518363483250141144e-02,-2.398043312132358551e-02,-6.939434260129928589e-02,4.044389128684997559e-01,-2.594607770442962646e-01,-1.002543926239013672e+00,-2.443088144063949585e-01,-6.150138378143310547e-02,-3.798176050186157227e-01,3.228787779808044434e-01,-1.025368213653564453e+00,1.778804063796997070e-01
-2.541071921586990356e-02,-2.022873640060424805e+00,6.603775024414062500e-01,2.584737539291381836e-02,-2.191629074513912201e-02,-6.736128926277160645e-01,-7.383071184158325195e-01,-1.986261457204818726e-01,1.178107224404811859e-02,5.955693125724792480e-02,3.313658237457275391e-01,-2.511695325374603271e-01,-8.469150215387344360e-02,-3.464310169219970703e-01,4.789049923419952393e-02,9.785276651382446289e-02,2.832394540309906006e-01,-8.004085719585418701e-02,2.518363483250141144e-02,-2.398043312132358551e-02,-6.939434260129928589e-02,4.044389128684997559e-01,-2.594607770442962646e-01,-1.002543926239013672e+00,-2.443088144063949585e-01,-6.150138378143310547e-02,-3.798176050186157227e-01,3.228787779808044434e-01,-1.025368213653564453e+00,1.778804063796997070e-01
-2.541072107851505280e-02,-2.022873640060424805e+00,6.603775024414062500e-01,2.584737539291381836e-02,-2.191629074513912201e-02,-6.736128926277160645e-01,-7.383071184158325195e-01,-1.986261457204818726e-01,1.178107317537069321e-02,5.955692753195762634e-02,3.313658237457275391e-01,-2.511695325374603271e-01,-8.469150215387344360e-02,-3.464310467243194580e-01,4.789049923419952393e-02,9.785276651382446289e-02,2.832394540309906006e-01,-8.004084974527359009e-02,2.518363483250141144e-02,-2.398043312132358551e-02,-6.939434260129928589e-02,4.044389128684997559e-01,-2.594607770442962646e-01,-1.002543926239013672e+00,-2.443087995052337646e-01,-6.150138378143310547e-02,-3.798176050186157227e-01,3.228787779808044434e-01,-1.025368213653564453e+00,1.778804063796997070e-01
-2.541072107851505280e-02,-2.022873640060424805e+00,6.603775024414062500e-01,2.584737539291381836e-02,-2.191629074513912201e-02,-6.736128926277160645e-01,-7.383071184158325195e-01,-1.986261457204818726e-01,1.178107317537069321e-02,5.955692753195762634e-02,3.313658237457275391e-01,-2.511695325374603271e-01,-8.469150215387344360e-02,-3.464310467243194580e-01,4.789049923419952393e-02,9.785276651382446289e-02,2.832394540309906006e-01,-8.004084974527359009e-02,2.518363483250141144e-02,-2.398043312132358551e-02,-6.939434260129928589e-02,4.044389128684997559e-01,-2.594607770442962646e-01,-1.002543926239013672e+00,-2.443088144063949585e-01,-6.150138378143310547e-02,-3.798176050186157227e-01,3.228787779808044434e-01,-1.025368213653564453e+00,1.778804063796997070e-01
-2.541072107851505280e-02,-2.022873640060424805e+00,6.603775024414062500e-01,2.584737539291381836e-02,-2.191629074513912201e-02,-6.736128926277160645e-01,-7.383071184158325195e-01,-1.986261457204818726e-01,1.178107317537069321e-02,5.955692753195762634e-02,3.313658237457275391e-01,-2.511695325374603271e-01,-8.469150215387344360e-02,-3.464310467243194580e-01,4.789049923419952393e-02,9.785276651382446289e-02,2.832394540309906006e-01,-8.004084974527359009e-02,2.518363483250141144e-02,-2.398043312132358551e-02,-6.939434260129928589e-02,4.044389128684997559e-01,-2.594607770442962646e-01,-1.002543926239013672e+00,-2.443087995052337646e-01,-6.150138378143310547e-02,-3.798176050186157227e-01,3.228787779808044434e-01,-1.025368213653564453e+00,1.778804063796997070e-01
-2.541072107851505280e-02,-2.022873640060424805e+00,6.603775024414062500e-01,2.584737539291381836e-02,-2.191629074513912201e-02,-6.736128926277160645e-01,-7.383071184158325195e-01,-1.986261457204818726e-01,1.178107224404811859e-02,5.955692753195762634e-02,3.313658237457275391e-01,-2.511695325374603271e-01,-8.469150215387344360e-02,-3.464310467243194580e-01,4.789049923419952393e-02,9.785276651382446289e-02,2.832394540309906006e-01,-8.004084974527359009e-02,2.518363483250141144e-02,-2.398043125867843628e-02,-6.939434260129928589e-02,4.044389128684997559e-01,-2.594607770442962646e-01,-1.002543926239013672e+00,-2.443087995052337646e-01,-6.150138378143310547e-02,-3.798176050186157227e-01,3.228787779808044434e-01,-1.025368213653564453e+00,1.778804063796997070e-01
-2.541071921586990356e-02,-2.022873640060424805e+00,6.603775024414062500e-01,2.584737539291381836e-02,-2.191629074513912201e-02,-6.736128926277160645e-01,-7.383071184158325195e-01,-1.986261457204818726e-01,1.178107224404811859e-02,5.955693125724792480e-02,3.313658237457275391e-01,-2.511695325374603271e-01,-8.469150215387344360e-02,-3.464310169219970703e-01,4.789049923419952393e-02,9.785276651382446289e-02,2.832394540309906006e-01,-8.004085719585418701e-02,2.518363483250141144e-02,-2.398043312132358551e-02,-6.939434260129928589e-02,4.044389128684997559e-01,-2.594607770442962646e-01,-1.002543926239013672e+00,-2.443088144063949585e-01,-6.150138378143310547e-02,-3.798176050186157227e-01,3.228787779808044434e-01,-1.025368213653564453e+00,1.778804063796997070e-01
-2.541072107851505280e-02,-2.022873640060424805e+00,6.603775024414062500e-01,2.584737539291381836e-02,-2.191629074513912201e-02,-6.736128926277160645e-01,-7.383071184158325195e-01,-1.986261457204818726e-01,1.178107317537069321e-02,5.955692753195762634e-02,3.313658237457275391e-01,-2.511695325374603271e-01,-8.469150215387344360e-02,-3.464310467243194580e-01,4.789049923419952393e-02,9.785276651382446289e-02,2.832394540309906006e-01,-8.004084974527359009e-02,2.518363483250141144e-02,-2.398043312132358551e-02,-6.939434260129928589e-02,4.044389128684997559e-01,-2.594607770442962646e-01,-1.002543926239013672e+00,-2.443087995052337646e-01,-6.150138378143310547e-02,-3.798176050186157227e-01,3.228787779808044434e-01,-1.025368213653564453e+00,1.778804063796997070e-01
-2.541072107851505280e-02,-2.022873640060424805e+00,6.603775024414062500e-01,2.584737539291381836e-02,-2.191629074513912201e-02,-6.736128926277160645e-01,-7.383071184158325195e-01,-1.986261457204818726e-01,1.178107317537069321e-02,5.955692753195762634e-02,3.313658237457275391e-01,-2.511695325374603271e-01,-8.469150215387344360e-02,-3.464310467243194580e-01,4.789049923419952393e-02,9.785276651382446289e-02,2.832394540309906006e-01,-8.004084974527359009e-02,2.518363483250141144e-02,-2.398043312132358551e-02,-6.939434260129928589e-02,4.044389128684997559e-01,-2.594607770442962646e-01,-1.002543926239013672e+00,-2.443088144063949585e-01,-6.150138378143310547e-02,-3.798176050186157227e-01,3.228787779808044434e-01,-1.025368213653564453e+00,1.778804063796997070e-01
-2.541072107851505280e-02,-2.022873640060424805e+00,6.603775024414062500e-01,2.584737539291381836e-02,-2.191629074513912201e-02,-6.736128926277160645e-01,-7.383071184158325195e-01,-1.986261457204818726e-01,1.178107317537069321e-02,5.955692380666732788e-02,3.313658237457275391e-01,-2.511695325374603271e-01,-8.469150215387344360e-02,-3.464310467243194580e-01,4.789049923419952393e-02,9.785276651382446289e-02,2.832394540309906006e-01,-8.004084974527359009e-02,2.518363483250141144e-02,-2.398043312132358551e-02,-6.939434260129928589e-02,4.044389128684997559e-01,-2.594607770442962646e-01,-1.002543926239013672e+00,-2.443088144063949585e-01,-6.150138378143310547e-02,-3.798176050186157227e-01,3.228787779808044434e-01,-1.025368213653564453e+00,1.778804063796997070e-01
-2.541072107851505280e-02,-2.022873640060424805e+00,6.603775024414062500e-01,2.584737539291381836e-02,-2.191629074513912201e-02,-6.736128926277160645e-01,-7.383071184158325195e-01,-1.986261457204818726e-01,1.178107224404811859e-02,5.955692753195762634e-02,3.313658237457275391e-01,-2.511695325374603271e-01,-8.469150215387344360e-02,-3.464310467243194580e-01,4.789049923419952393e-02,9.785276651382446289e-02,2.832394540309906006e-01,-8.004084974527359009e-02,2.518363483250141144e-02,-2.398043125867843628e-02,-6.939434260129928589e-02,4.044389128684997559e-01,-2.594607770442962646e-01,-1.002543926239013672e+00,-2.443087995052337646e-01,-6.150138378143310547e-02,-3.798176050186157227e-01,3.228787779808044434e-01,-1.025368213653564453e+00,1.778804063796997070e-01
-2.541071921586990356e-02,-2.022873640060424805e+00,6.603775024414062500e-01,2.584737539291381836e-02,-2.191629074513912201e-02,-6.736128926277160645e-01,-7.383071184158325195e-01,-1.986261457204818726e-01,1.178107224404811859e-02,5.955693125724792480e-02,3.313658237457275391e-01,-2.511695325374603271e-01,-8.469150215387344360e-02,-3.464310169219970703e-01,4.789049923419952393e-02,9.785276651382446289e-02,2.832394540309906006e-01,-8.004085719585418701e-02,2.518363483250141144e-02,-2.398043312132358551e-02,-6.939434260129928589e-02,4.044389128684997559e-01,-2.594607770442962646e-01,-1.002543926239013672e+00,-2.443088144063949585e-01,-6.150138378143310547e-02,-3.798176050186157227e-01,3.228787779808044434e-01,-1.025368213653564453e+00,1.778804063796997070e-01
-2.541072107851505280e-02,-2.022873640060424805e+00,6.603775024414062500e-01,2.584737539291381836e-02,-2.191629074513912201e-02,-6.736128926277160645e-01,-7.383071184158325195e-01,-1.986261457204818726e-01,1.178107317537069321e-02,5.955692380666732788e-02,3.313658237457275391e-01,-2.511695325374603271e-01,-8.469150215387344360e-02,-3.464310467243194580e-01,4.789049923419952393e-02,9.785276651382446289e-02,2.832394540309906006e-01,-8.004084974527359009e-02,2.518363483250141144e-02,-2.398043312132358551e-02,-6.939434260129928589e-02,4.044389128684997559e-01,-2.594607770442962646e-01,-1.002543926239013672e+00,-2.443088144063949585e-01,-6.150138378143310547e-02,-3.798176050186157227e-01,3.228787779808044434e-01,-1.025368213653564453e+00,1.778804063796997070e-01
-2.541072107851505280e-02,-2.022873640060424805e+00,6.603775024414062500e-01,2.584737539291381836e-02,-2.191629074513912201e-02,-6.736128926277160645e-01,-7.383071184158325195e-01,-1.986261457204818726e-01,1.178107317537069321e-02,5.955692753195762634e-02,3.313658237457275391e-01,-2.511695325374603271e-01,-8.469150215387344360e-02,-3.464310467243194580e-01,4.789049923419952393e-02,9.785276651382446289e-02,2.832394540309906006e-01,-8.004084974527359009e-02,2.518363483250141144e-02,-2.398043312132358551e-02,-6.939434260129928589e-02,4.044389128684997559e-01,-2.594607770442962646e-01,-1.002543926239013672e+00,-2.443088144063949585e-01,-6.150138378143310547e-02,-3.798176050186157227e-01,3.228787779808044434e-01,-1.025368213653564453e+00,1.778804063796997070e-01
-2.541072107851505280e-02,-2.022873640060424805e+00,6.603775024414062500e-01,2.584737539291381836e-02,-2.191629074513912201e-02,-6.736128926277160645e-01,-7.383071184158325195e-01,-1.986261457204818726e-01,1.178107317537069321e-02,5.955692753195762634e-02,3.313658237457275391e-01,-2.511695325374603271e-01,-8.469150215387344360e-02,-3.464310467243194580e-01,4.789049923419952393e-02,9.785276651382446289e-02,2.832394540309906006e-01,-8.004084974527359009e-02,2.518363483250141144e-02,-2.398043312132358551e-02,-6.939434260129928589e-02,4.044389128684997559e-01,-2.594607770442962646e-01,-1.002543926239013672e+00,-2.443087995052337646e-01,-6.150138378143310547e-02,-3.798176050186157227e-01,3.228787779808044434e-01,-1.025368213653564453e+00,1.778804063796997070e-01
-2.541071921586990356e-02,-2.022873640060424805e+00,6.603775024414062500e-01,2.584737539291381836e-02,-2.191629074513912201e-02,-6.736128926277160645e-01,-7.383071184158325195e-01,-1.986261457204818726e-01,1.178107224404811859e-02,5.955693125724792480e-02,3.313658237457275391e-01,-2.511695325374603271e-01,-8.469150215387344360e-02,-3.464310169219970703e-01,4.789049923419952393e-02,9.785276651382446289e-02,2.832394540309906006e-01,-8.004085719585418701e-02,2.518363483250141144e-02,-2.398043312132358551e-02,-6.939434260129928589e-02,4.044389128684997559e-01,-2.594607770442962646e-01,-1.002543926239013672e+00,-2.443088144063949585e-01,-6.150138378143310547e-02,-3.798176050186157227e-01,3.228787779808044434e-01,-1.025368213653564453e+00,1.778804063796997070e-01
-2.541072107851505280e-02,-2.022873640060424805e+00,6.603775024414062500e-01,2.584737539291381836e-02,-2.191629074513912201e-02,-6.736128926277160645e-01,-7.383071184158325195e-01,-1.986261457204818726e-01,1.178107224404811859e-02,5.955692753195762634e-02,3.313658237457275391e-01,-2.511695325374603271e-01,-8.469150215387344360e-02,-3.464310467243194580e-01,4.789049923419952393e-02,9.785276651382446289e-02,2.832394540309906006e-01,-8.004084974527359009e-02,2.518363483250141144e-02,-2.398043125867843628e-02,-6.939434260129928589e-02,4.044389128684997559e-01,-2.594607770442962646e-01,-1.002543926239013672e+00,-2.443087995052337646e-01,-6.150138378143310547e-02,-3.798176050186157227e-01,3.228787779808044434e-01,-1.025368213653564453e+00,1.778804063796997070e-01
-2.541072107851505280e-02,-2.022873640060424805e+00,6.603775024414062500e-01,2.584737539291381836e-02,-2.191629074513912201e-02,-6.736128926277160645e-01,-7.383071184158325195e-01,-1.986261457204818726e-01,1.178107317537069321e-02,5.955692753195762634e-02,3.313658237457275391e-01,-2.511695325374603271e-01,-8.469150215387344360e-02,-3.464310467243194580e-01,4.789049923419952393e-02,9.785276651382446289e-02,2.832394540309906006e-01,-8.004084974527359009e-02,2.518363483250141144e-02,-2.398043312132358551e-02,-6.939434260129928589e-02,4.044389128684997559e-01,-2.594607770442962646e-01,-1.002543926239013672e+00,-2.443087995052337646e-01,-6.150138378143310547e-02,-3.798176050186157227e-01,3.228787779808044434e-01,-1.025368213653564453e+00,1.778804063796997070e-01
-2.541072107851505280e-02,-2.022873640060424805e+00,6.603775024414062500e-01,2.584737539291381836e-02,-2.191629074513912201e-02,-6.736128926277160645e-01,-7.383071184158325195e-01,-1.986261457204818726e-01,1.178107317537069321e-02,5.955692753195762634e-02,3.313658237457275391e-01,-2.511695325374603271e-01,-8.469150215387344360e-02,-3.464310467243194580e-01,4.789049923419952393e-02,9.785276651382446289e-02,2.832394540309906006e-01,-8.004084974527359009e-02,2.518363483250141144e-02,-2.398043312132358551e-02,-6.939434260129928589e-02,4.044389128684997559e-01,-2.594607770442962646e-01,-1.002543926239013672e+00,-2.443088144063949585e-01,-6.150138378143310547e-02,-3.798176050186157227e-01,3.228787779808044434e-01,-1.025368213653564453e+00,1.778804063796997070e-01
-2.541072107851505280e-02,-2.022873640060424805e+00,6.603775024414062500e-01,2.584737539291381836e-02,-2.191629074513912201e-02,-6.736128926277160645e-01,-7.383071184158325195e-01,-1.986261457204818726e-01,1.178107317537069321e-02,5.955692380666732788e-02,3.313658237457275391e-01,-2.511695325374603271e-01,-8.469150215387344360e-02,-3.464310467243194580e-01,4.789049923419952393e-02,9.785276651382446289e-02,2.832394540309906006e-01,-8.004084974527359009e-02,2.518363483250141144e-02,-2.398043312132358551e-02,-6.939434260129928589e-02,4.044389128684997559e-01,-2.594607770442962646e-01,-1.002543926239013672e+00,-2.443088144063949585e-01,-6.150138378143310547e-02,-3.798176050186157227e-01,3.228787779808044434e-01,-1.025368213653564453e+00,1.778804063796997070e-01
-2.541072107851505280e-02,-2.022873640060424805e+00,6.603775024414062500e-01,2.584737539291381836e-02,-2.191629074513912201e-02,-6.736128926277160645e-01,-7.383071184158325195e-01,-1.986261457204818726e-01,1.178107224404811859e-02,5.955692753195762634e-02,3.313658237457275391e-01,-2.511695325374603271e-01,-8.469150215387344360e-02,-3.464310467243194580e-01,4.789049923419952393e-02,9.785276651382446289e-02,2.832394540309906006e-01,-8.004084974527359009e-02,2.518363483250141144e-02,-2.398043125867843628e-02,-6.939434260129928589e-02,4.044389128684997559e-01,-2.594607770442962646e-01,-1.002543926239013672e+00,-2.443087995052337646e-01,-6.150138378143310547e-02,-3.798176050186157227e-01,3.228787779808044434e-01,-1.025368213653564453e+00,1.778804063796997070e-01
-2.541072107851505280e-02,-2.022873640060424805e+00,6.603775024414062500e-01,2.584737539291381836e-02,-2.191629074513912201e-02,-6.736128926277160645e-01,-7.383071184158325195e-01,-1.986261457204818726e-01,1.178107224404811859e-02,5.955692753195762634e-02,3.313658237457275391e-01,-2.511695325374603271e-01,-8.469150215387344360e-02,-3.464310467243194580e-01,4.789049923419952393e-02,9.785276651382446289e-02,2.832394540309906006e-01,-8.004084974527359009e-02,2.518363483250141144e-02,-2.398043125867843628e-02,-6.939434260129928589e-02,4.044389128684997559e-01,-2.594607770442962646e-01,-1.002543926239013672e+00,-2.443087995052337646e-01,-6.150138378143310547e-02,-3.798176050186157227e-01,3.228787779808044434e-01,-1.025368213653564453e+00,1.778804063796997070e-01
-2.541072107851505280e-02,-2.022873640060424805e+00,6.603775024414062500e-01,2.584737539291381836e-02,-2.191629074513912201e-02,-6.736128926277160645e-01,-7.383071184158325195e-01,-1.986261457204818726e-01,1.178107317537069321e-02,5.955692753195762634e-02,3.313658237457275391e-01,-2.511695325374603271e-01,-8.469150215387344360e-02,-3.464310467243194580e-01,4.789049923419952393e-02,9.785276651382446289e-02,2.832394540309906006e-01,-8.004084974527359009e-02,2.518363483250141144e-02,-2.398043312132358551e-02,-6.939434260129928589e-02,4.044389128684997559e-01,-2.594607770442962646e-01,-1.002543926239013672e+00,-2.443087995052337646e-01,-6.150138378143310547e-02,-3.798176050186157227e-01,3.228787779808044434e-01,-1.025368213653564453e+00,1.778804063796997070e-01
-2.541072107851505280e-02,-2.022873640060424805e+00,6.603775024414062500e-01,2.584737539291381836e-02,-2.191629074513912201e-02,-6.736128926277160645e-01,-7.383071184158325195e-01,-1.986261457204818726e-01,1.178107317537069321e-02,5.955692753195762634e-02,3.313658237457275391e-01,-2.511695325374603271e-01,-8.469150215387344360e-02,-3.464310467243194580e-01,4.789049923419952393e-02,9.785276651382446289e-02,2.832394540309906006e-01,-8.004084974527359009e-02,2.518363483250141144e-02,-2.398043312132358551e-02,-6.939434260129928589e-02,4.044389128684997559e-01,-2.594607770442962646e-01,-1.002543926239013672e+00,-2.443088144063949585e-01,-6.150138378143310547e-02,-3.798176050186157227e-01,3.228787779808044434e-01,-1.025368213653564453e+00,1.778804063796997070e-01
-2.541072107851505280e-02,-2.022873640060424805e+00,6.603775024414062500e-01,2.584737539291381836e-02,-2.191629074513912201e-02,-6.736128926277160645e-01,-7.383071184158325195e-01,-1.986261457204818726e-01,1.178107317537069321e-02,5.955692753195762634e-02,3.313658237457275391e-01,-2.511695325374603271e-01,-8.469150215387344360e-02,-3.464310467243194580e-01,4.789049923419952393e-02,9.785276651382446289e-02,2.832394540309906006e-01,-8.004084974527359009e-02,2.518363483250141144e-02,-2.398043312132358551e-02,-6.939434260129928589e-02,4.044389128684997559e-01,-2.594607770442962646e-01,-1.002543926239013672e+00,-2.443087995052337646e-01,-6.150138378143310547e-02,-3.798176050186157227e-01,3.228787779808044434e-01,-1.025368213653564453e+00,1.778804063796997070e-01
-2.541071921586990356e-02,-2.022873640060424805e+00,6.603775024414062500e-01,2.584737539291381836e-02,-2.191629074513912201e-02,-6.736128926277160645e-01,-7.383071184158325195e-01,-1.986261457204818726e-01,1.178107224404811859e-02,5.955693125724792480e-02,3.313658237457275391e-01,-2.511695325374603271e-01,-8.469150215387344360e-02,-3.464310169219970703e-01,4.789049923419952393e-02,9.785276651382446289e-02,2.832394540309906006e-01,-8.004085719585418701e-02,2.518363483250141144e-02,-2.398043312132358551e-02,-6.939434260129928589e-02,4.044389128684997559e-01,-2.594607770442962646e-01,-1.002543926239013672e+00,-2.443088144063949585e-01,-6.150138378143310547e-02,-3.798176050186157227e-01,3.228787779808044434e-01,-1.025368213653564453e+00,1.778804063796997070e-01
-2.541072107851505280e-02,-2.022873640060424805e+00,6.603775024414062500e-01,2.584737539291381836e-02,-2.191629074513912201e-02,-6.736128926277160645e-01,-7.383071184158325195e-01,-1.986261457204818726e-01,1.178107224404811859e-02,5.955692753195762634e-02,3.313658237457275391e-01,-2.511695325374603271e-01,-8.469150215387344360e-02,-3.464310467243194580e-01,4.789049923419952393e-02,9.785276651382446289e-02,2.832394540309906006e-01,-8.004084974527359009e-02,2.518363483250141144e-02,-2.398043125867843628e-02,-6.939434260129928589e-02,4.044389128684997559e-01,-2.594607770442962646e-01,-1.002543926239013672e+00,-2.443087995052337646e-01,-6.150138378143310547e-02,-3.798176050186157227e-01,3.228787779808044434e-01,-1.025368213653564453e+00,1.778804063796997070e-01
-2.541072107851505280e-02,-2.022873640060424805e+00,6.603775024414062500e-01,2.584737539291381836e-02,-2.191629074513912201e-02,-6.736128926277160645e-01,-7.383071184158325195e-01,-1.986261457204818726e-01,1.178107317537069321e-02,5.955692753195762634e-02,3.313658237457275391e-01,-2.511695325374603271e-01,-8.469150215387344360e-02,-3.464310467243194580e-01,4.789049923419952393e-02,9.785276651382446289e-02,2.832394540309906006e-01,-8.004084974527359009e-02,2.518363483250141144e-02,-2.398043312132358551e-02,-6.939434260129928589e-02,4.044389128684997559e-01,-2.594607770442962646e-01,-1.002543926239013672e+00,-2.443087995052337646e-01,-6.150138378143310547e-02,-3.798176050186157227e-01,3.228787779808044434e-01,-1.025368213653564453e+00,1.778804063796997070e-01
-2.541072107851505280e-02,-2.022873640060424805e+00,6.603775024414062500e-01,2.584737539291381836e-02,-2.191629074513912201e-02,-6.736128926277160645e-01,-7.383071184158325195e-01,-1.986261457204818726e-01,1.178107317537069321e-02,5.955692753195762634e-02,3.313658237457275391e-01,-2.511695325374603271e-01,-8.469150215387344360e-02,-3.464310467243194580e-01,4.789049923419952393e-02,9.785276651382446289e-02,2.832394540309906006e-01,-8.004084974527359009e-02,2.518363483250141144e-02,-2.398043312132358551e-02,-6.939434260129928589e-02,4.044389128684997559e-01,-2.594607770442962646e-01,-1.002543926239013672e+00,-2.443088144063949585e-01,-6.150138378143310547e-02,-3.798176050186157227e-01,3.228787779808044434e-01,-1.025368213653564453e+00,1.778804063796997070e-01
-2.541072107851505280e-02,-2.022873640060424805e+00,6.603775024414062500e-01,2.584737539291381836e-02,-2.191629074513912201e-02,-6.736128926277160645e-01,-7.383071184158325195e-01,-1.986261457204818726e-01,1.178107317537069321e-02,5.955692380666732788e-02,3.313658237457275391e-01,-2.511695325374603271e-01,-8.469150215387344360e-02,-3.464310467243194580e-01,4.789049923419952393e-02,9.785276651382446289e-02,2.832394540309906006e-01,-8.004084974527359009e-02,2.518363483250141144e-02,-2.398043312132358551e-02,-6.939434260129928589e-02,4.044389128684997559e-01,-2.594607770442962646e-01,-1.002543926239013672e+00,-2.443088144063949585e-01,-6.150138378143310547e-02,-3.798176050186157227e-01,3.228787779808044434e-01,-1.025368213653564453e+00,1.778804063796997070e-01
-2.541072107851505280e-02,-2.022873640060424805e+00,6.603775024414062500e-01,2.584737539291381836e-02,-2.191629074513912201e-02,-6.736128926277160645e-01,-7.383071184158325195e-01,-1.986261457204818726e-01,1.178107224404811859e-02,5.955692753195762634e-02,3.313658237457275391e-01,-2.511695325374603271e-01,-8.469150215387344360e-02,-3.464310467243194580e-01,4.789049923419952393e-02,9.785276651382446289e-02,2.832394540309906006e-01,-8.004084974527359009e-02,2.518363483250141144e-02,-2.398043125867843628e-02,-6.939434260129928589e-02,4.044389128684997559e-01,-2.594607770442962646e-01,-1.002543926239013672e+00,-2.443087995052337646e-01,-6.150138378143310547e-02,-3.798176050186157227e-01,3.228787779808044434e-01,-1.025368213653564453e+00,1.778804063796997070e-01
-2.541071921586990356e-02,-2.022873640060424805e+00,6.603775024414062500e-01,2.584737539291381836e-02,-2.191629074513912201e-02,-6.736128926277160645e-01,-7.383071184158325195e-01,-1.986261457204818726e-01,1.178107224404811859e-02,5.955693125724792480e-02,3.313658237457275391e-01,-2.511695325374603271e-01,-8.469150215387344360e-02,-3.464310169219970703e-01,4.789049923419952393e-02,9.785276651382446289e-02,2.832394540309906006e-01,-8.004085719585418701e-02,2.518363483250141144e-02,-2.398043312132358551e-02,-6.939434260129928589e-02,4.044389128684997559e-01,-2.594607770442962646e-01,-1.002543926239013672e+00,-2.443088144063949585e-01,-6.150138378143310547e-02,-3.798176050186157227e-01,3.228787779808044434e-01,-1.025368213653564453e+00,1.778804063796997070e-01
-2.541072107851505280e-02,-2.022873640060424805e+00,6.603775024414062500e-01,2.584737539291381836e-02,-2.191629074513912201e-02,-6.736128926277160645e-01,-7.383071184158325195e-01,-1.986261457204818726e-01,1.178107317537069321e-02,5.955692753195762634e-02,3.313658237457275391e-01,-2.511695325374603271e-01,-8.469150215387344360e-02,-3.464310467243194580e-01,4.789049923419952393e-02,9.785276651382446289e-02,2.832394540309906006e-01,-8.004084974527359009e-02,2.518363483250141144e-02,-2.398043312132358551e-02,-6.939434260129928589e-02,4.044389128684997559e-01,-2.594607770442962646e-01,-1.002543926239013672e+00,-2.443087995052337646e-01,-6.150138378143310547e-02,-3.798176050186157227e-01,3.228787779808044434e-01,-1.025368213653564453e+00,1.778804063796997070e-01
-2.541072107851505280e-02,-2.022873640060424805e+00,6.603775024414062500e-01,2.584737539291381836e-02,-2.191629074513912201e-02,-6.736128926277160645e-01,-7.383071184158325195e-01,-1.986261457204818726e-01,1.178107317537069321e-02,5.955692753195762634e-02,3.313658237457275391e-01,-2.511695325374603271e-01,-8.469150215387344360e-02,-3.464310467243194580e-01,4.789049923419952393e-02,9.785276651382446289e-02,2.832394540309906006e-01,-8.004084974527359009e-02,2.518363483250141144e-02,-2.398043312132358551e-02,-6.939434260129928589e-02,4.044389128684997559e-01,-2.594607770442962646e-01,-1.002543926239013672e+00,-2.443088144063949585e-01,-6.150138378143310547e-02,-3.798176050186157227e-01,3.228787779808044434e-01,-1.025368213653564453e+00,1.778804063796997070e-01
-2.541072107851505280e-02,-2.022873640060424805e+00,6.603775024414062500e-01,2.584737539291381836e-02,-2.191629074513912201e-02,-6.736128926277160645e-01,-7.383071184158325195e-01,-1.986261457204818726e-01,1.178107317537069321e-02,5.955692753195762634e-02,3.313658237457275391e-01,-2.511695325374603271e-01,-8.469150215387344360e-02,-3.464310467243194580e-01,4.789049923419952393e-02,9.785276651382446289e-02,2.832394540309906006e-01,-8.004084974527359009e-02,2.518363483250141144e-02,-2.398043312132358551e-02,-6.939434260129928589e-02,4.044389128684997559e-01,-2.594607770442962646e-01,-1.002543926239013672e+00,-2.443087995052337646e-01,-6.150138378143310547e-02,-3.798176050186157227e-01,3.228787779808044434e-01,-1.025368213653564453e+00,1.778804063796997070e-01
-2.541072107851505280e-02,-2.022873640060424805e+00,6.603775024414062500e-01,2.584737539291381836e-02,-2.191629074513912201e-02,-6.736128926277160645e-01,-7.383071184158325195e-01,-1.986261457204818726e-01,1.178107224404811859e-02,5.955692753195762634e-02,3.313658237457275391e-01,-2.511695325374603271e-01,-8.469150215387344360e-02,-3.464310467243194580e-01,4.789049923419952393e-02,9.785276651382446289e-02,2.832394540309906006e-01,-8.004084974527359009e-02,2.518363483250141144e-02,-2.398043125867843628e-02,-6.939434260129928589e-02,4.044389128684997559e-01,-2.594607770442962646e-01,-1.002543926239013672e+00,-2.443087995052337646e-01,-6.150138378143310547e-02,-3.798176050186157227e-01,3.228787779808044434e-01,-1.025368213653564453e+00,1.778804063796997070e-01
-2.541072107851505280e-02,-2.022873640060424805e+00,6.603775024414062500e-01,2.584737539291381836e-02,-2.191629074513912201e-02,-6.736128926277160645e-01,-7.383071184158325195e-01,-1.986261457204818726e-01,1.178107224404811859e-02,5.955692753195762634e-02,3.313658237457275391e-01,-2.511695325374603271e-01,-8.469150215387344360e-02,-3.464310467243194580e-01,4.789049923419952393e-02,9.785276651382446289e-02,2.832394540309906006e-01,-8.004084974527359009e-02,2.518363483250141144e-02,-2.398043125867843628e-02,-6.939434260129928589e-02,4.044389128684997559e-01,-2.594607770442962646e-01,-1.002543926239013672e+00,-2.443087995052337646e-01,-6.150138378143310547e-02,-3.798176050186157227e-01,3.228787779808044434e-01,-1.025368213653564453e+00,1.778804063796997070e-01
-2.541072107851505280e-02,-2.022873640060424805e+00,6.603775024414062500e-01,2.584737539291381836e-02,-2.191629074513912201e-02,-6.736128926277160645e-01,-7.383071184158325195e-01,-1.986261457204818726e-01,1.178107317537069321e-02,5.955692753195762634e-02,3.313658237457275391e-01,-2.511695325374603271e-01,-8.469150215387344360e-02,-3.464310467243194580e-01,4.789049923419952393e-02,9.785276651382446289e-02,2.832394540309906006e-01,-8.004084974527359009e-02,2.518363483250141144e-02,-2.398043312132358551e-02,-6.939434260129928589e-02,4.044389128684997559e-01,-2.594607770442962646e-01,-1.002543926239013672e+00,-2.443087995052337646e-01,-6.150138378143310547e-02,-3.798176050186157227e-01,3.228787779808044434e-01,-1.025368213653564453e+00,1.778804063796997070e-01
-2.541072107851505280e-02,-2.022873640060424805e+00,6.603775024414062500e-01,2.584737539291381836e-02,-2.191629074513912201e-02,-6.736128926277160645e-01,-7.383071184158325195e-01,-1.986261457204818726e-01,1.178107317537069321e-02,5.955692753195762634e-02,3.313658237457275391e-01,-2.511695325374603271e-01,-8.469150215387344360e-02,-3.464310467243194580e-01,4.789049923419952393e-02,9.785276651382446289e-02,2.832394540309906006e-01,-8.004084974527359009e-02,2.518363483250141144e-02,-2.398043312132358551e-02,-6.939434260129928589e-02,4.044389128684997559e-01,-2.594607770442962646e-01,-1.002543926239013672e+00,-2.443088144063949585e-01,-6.150138378143310547e-02,-3.798176050186157227e-01,3.228787779808044434e-01,-1.025368213653564453e+00,1.778804063796997070e-01
-2.541072107851505280e-02,-2.022873640060424805e+00,6.603775024414062500e-01,2.584737539291381836e-02,-2.191629074513912201e-02,-6.736128926277160645e-01,-7.383071184158325195e-01,-1.986261457204818726e-01,1.178107317537069321e-02,5.955692753195762634e-02,3.313658237457275391e-01,-2.511695325374603271e-01,-8.469150215387344360e-02,-3.464310467243194580e-01,4.789049923419952393e-02,9.785276651382446289e-02,2.832394540309906006e-01,-8.004084974527359009e-02,2.518363483250141144e-02,-2.398043312132358551e-02,-6.939434260129928589e-02,4.044389128684997559e-01,-2.594607770442962646e-01,-1.002543926239013672e+00,-2.443087995052337646e-01,-6.150138378143310547e-02,-3.798176050186157227e-01,3.228787779808044434e-01,-1.025368213653564453e+00,1.778804063796997070e-01
-2.541071921586990356e-02,-2.022873640060424805e+00,6.603775024414062500e-01,2.584737539291381836e-02,-2.191629074513912201e-02,-6.736128926277160645e-01,-7.383071184158325195e-01,-1.986261457204818726e-01,1.178107224404811859e-02,5.955693125724792480e-02,3.313658237457275391e-01,-2.511695325374603271e-01,-8.469150215387344360e-02,-3.464310169219970703e-01,4.789049923419952393e-02,9.785276651382446289e-02,2.832394540309906006e-01,-8.004085719585418701e-02,2.518363483250141144e-02,-2.398043312132358551e-02,-6.939434260129928589e-02,4.044389128684997559e-01,-2.594607770442962646e-01,-1.002543926239013672e+00,-2.443088144063949585e-01,-6.150138378143310547e-02,-3.798176050186157227e-01,3.228787779808044434e-01,-1.025368213653564453e+00,1.778804063796997070e-01
-2.541071921586990356e-02,-2.022873640060424805e+00,6.603775024414062500e-01,2.584737539291381836e-02,-2.191629074513912201e-02,-6.736128926277160645e-01,-7.383071184158325195e-01,-1.986261457204818726e-01,1.178107224404811859e-02,5.955693125724792480e-02,3.313658237457275391e-01,-2.511695325374603271e-01,-8.469150215387344360e-02,-3.464310169219970703e-01,4.789049923419952393e-02,9.785276651382446289e-02,2.832394540309906006e-01,-8.004085719585418701e-02,2.518363483250141144e-02,-2.398043312132358551e-02,-6.939434260129928589e-02,4.044389128684997559e-01,-2.594607770442962646e-01,-1.002543926239013672e+00,-2.443088144063949585e-01,-6.150138378143310547e-02,-3.798176050186157227e-01,3.228787779808044434e-01,-1.025368213653564453e+00,1.778804063796997070e-01
-2.541072107851505280e-02,-2.022873640060424805e+00,6.603775024414062500e-01,2.584737539291381836e-02,-2.191629074513912201e-02,-6.736128926277160645e-01,-7.383071184158325195e-01,-1.986261457204818726e-01,1.178107317537069321e-02,5.955692753195762634e-02,3.313658237457275391e-01,-2.511695325374603271e-01,-8.469150215387344360e-02,-3.464310467243194580e-01,4.789049923419952393e-02,9.785276651382446289e-02,2.832394540309906006e-01,-8.004084974527359009e-02,2.518363483250141144e-02,-2.398043312132358551e-02,-6.939434260129928589e-02,4.044389128684997559e-01,-2.594607770442962646e-01,-1.002543926239013672e+00,-2.443087995052337646e-01,-6.150138378143310547e-02,-3.798176050186157227e-01,3.228787779808044434e-01,-1.025368213653564453e+00,1.778804063796997070e-01
-2.541072107851505280e-02,-2.022873640060424805e+00,6.603775024414062500e-01,2.584737539291381836e-02,-2.191629074513912201e-02,-6.736128926277160645e-01,-7.383071184158325195e-01,-1.986261457204818726e-01,1.178107317537069321e-02,5.955692753195762634e-02,3.313658237457275391e-01,-2.511695325374603271e-01,-8.469150215387344360e-02,-3.464310467243194580e-01,4.789049923419952393e-02,9.785276651382446289e-02,2.832394540309906006e-01,-8.004084974527359009e-02,2.518363483250141144e-02,-2.398043312132358551e-02,-6.939434260129928589e-02,4.044389128684997559e-01,-2.594607770442962646e-01,-1.002543926239013672e+00,-2.443088144063949585e-01,-6.150138378143310547e-02,-3.798176050186157227e-01,3.228787779808044434e-01,-1.025368213653564453e+00,1.778804063796997070e-01
-2.541072107851505280e-02,-2.022873640060424805e+00,6.603775024414062500e-01,2.584737539291381836e-02,-2.191629074513912201e-02,-6.736128926277160645e-01,-7.383071184158325195e-01,-1.986261457204818726e-01,1.178107317537069321e-02,5.955692753195762634e-02,3.313658237457275391e-01,-2.511695325374603271e-01,-8.469150215387344360e-02,-3.464310467243194580e-01,4.789049923419952393e-02,9.785276651382446289e-02,2.832394540309906006e-01,-8.004084974527359009e-02,2.518363483250141144e-02,-2.398043312132358551e-02,-6.939434260129928589e-02,4.044389128684997559e-01,-2.594607770442962646e-01,-1.002543926239013672e+00,-2.443087995052337646e-01,-6.150138378143310547e-02,-3.798176050186157227e-01,3.228787779808044434e-01,-1.025368213653564453e+00,1.778804063796997070e-01
-2.541072107851505280e-02,-2.022873640060424805e+00,6.603775024414062500e-01,2.584737539291381836e-02,-2.191629074513912201e-02,-6.736128926277160645e-01,-7.383071184158325195e-01,-1.986261457204818726e-01,1.178107224404811859e-02,5.955692753195762634e-02,3.313658237457275391e-01,-2.511695325374603271e-01,-8.469150215387344360e-02,-3.464310467243194580e-01,4.789049923419952393e-02,9.785276651382446289e-02,2.832394540309906006e-01,-8.004084974527359009e-02,2.518363483250141144e-02,-2.398043125867843628e-02,-6.939434260129928589e-02,4.044389128684997559e-01,-2.594607770442962646e-01,-1.002543926239013672e+00,-2.443087995052337646e-01,-6.150138378143310547e-02,-3.798176050186157227e-01,3.228787779808044434e-01,-1.025368213653564453e+00,1.778804063796997070e-01
-2.541072107851505280e-02,-2.022873640060424805e+00,6.603775024414062500e-01,2.584737539291381836e-02,-2.191629074513912201e-02,-6.736128926277160645e-01,-7.383071184158325195e-01,-1.986261457204818726e-01,1.178107224404811859e-02,5.955692753195762634e-02,3.313658237457275391e-01,-2.511695325374603271e-01,-8.469150215387344360e-02,-3.464310467243194580e-01,4.789049923419952393e-02,9.785276651382446289e-02,2.832394540309906006e-01,-8.004084974527359009e-02,2.518363483250141144e-02,-2.398043125867843628e-02,-6.939434260129928589e-02,4.044389128684997559e-01,-2.594607770442962646e-01,-1.002543926239013672e+00,-2.443087995052337646e-01,-6.150138378143310547e-02,-3.798176050186157227e-01,3.228787779808044434e-01,-1.025368213653564453e+00,1.778804063796997070e-01
-2.541072107851505280e-02,-2.022873640060424805e+00,6.603775024414062500e-01,2.584737539291381836e-02,-2.191629074513912201e-02,-6.736128926277160645e-01,-7.383071184158325195e-01,-1.986261457204818726e-01,1.178107317537069321e-02,5.955692753195762634e-02,3.313658237457275391e-01,-2.511695325374603271e-01,-8.469150215387344360e-02,-3.464310467243194580e-01,4.789049923419952393e-02,9.785276651382446289e-02,2.832394540309906006e-01,-8.004084974527359009e-02,2.518363483250141144e-02,-2.398043312132358551e-02,-6.939434260129928589e-02,4.044389128684997559e-01,-2.594607770442962646e-01,-1.002543926239013672e+00,-2.443087995052337646e-01,-6.150138378143310547e-02,-3.798176050186157227e-01,3.228787779808044434e-01,-1.025368213653564453e+00,1.778804063796997070e-01
-2.541072107851505280e-02,-2.022873640060424805e+00,6.603775024414062500e-01,2.584737539291381836e-02,-2.191629074513912201e-02,-6.736128926277160645e-01,-7.383071184158325195e-01,-1.986261457204818726e-01,1.178107317537069321e-02,5.955692753195762634e-02,3.313658237457275391e-01,-2.511695325374603271e-01,-8.469150215387344360e-02,-3.464310467243194580e-01,4.789049923419952393e-02,9.785276651382446289e-02,2.832394540309906006e-01,-8.004084974527359009e-02,2.518363483250141144e-02,-2.398043312132358551e-02,-6.939434260129928589e-02,4.044389128684997559e-01,-2.594607770442962646e-01,-1.002543926239013672e+00,-2.443088144063949585e-01,-6.150138378143310547e-02,-3.798176050186157227e-01,3.228787779808044434e-01,-1.025368213653564453e+00,1.778804063796997070e-01
-2.541072107851505280e-02,-2.022873640060424805e+00,6.603775024414062500e-01,2.584737539291381836e-02,-2.191629074513912201e-02,-6.736128926277160645e-01,-7.383071184158325195e-01,-1.986261457204818726e-01,1.178107317537069321e-02,5.955692753195762634e-02,3.313658237457275391e-01,-2.511695325374603271e-01,-8.469150215387344360e-02,-3.464310467243194580e-01,4.789049923419952393e-02,9.785276651382446289e-02,2.832394540309906006e-01,-8.004084974527359009e-02,2.518363483250141144e-02,-2.398043312132358551e-02,-6.939434260129928589e-02,4.044389128684997559e-01,-2.594607770442962646e-01,-1.002543926239013672e+00,-2.443087995052337646e-01,-6.150138378143310547e-02,-3.798176050186157227e-01,3.228787779808044434e-01,-1.025368213653564453e+00,1.778804063796997070e-01
-2.541071921586990356e-02,-2.022873640060424805e+00,6.603775024414062500e-01,2.584737539291381836e-02,-2.191629074513912201e-02,-6.736128926277160645e-01,-7.383071184158325195e-01,-1.986261457204818726e-01,1.178107224404811859e-02,5.955693125724792480e-02,3.313658237457275391e-01,-2.511695325374603271e-01,-8.469150215387344360e-02,-3.464310169219970703e-01,4.789049923419952393e-02,9.785276651382446289e-02,2.832394540309906006e-01,-8.004085719585418701e-02,2.518363483250141144e-02,-2.398043312132358551e-02,-6.939434260129928589e-02,4.044389128684997559e-01,-2.594607770442962646e-01,-1.002543926239013672e+00,-2.443088144063949585e-01,-6.150138378143310547e-02,-3.798176050186157227e-01,3.228787779808044434e-01,-1.025368213653564453e+00,1.778804063796997070e-01
-2.541071921586990356e-02,-2.022873640060424805e+00,6.603775024414062500e-01,2.584737539291381836e-02,-2.191629074513912201e-02,-6.736128926277160645e-01,-7.383071184158325195e-01,-1.986261457204818726e-01,1.178107224404811859e-02,5.955693125724792480e-02,3.313658237457275391e-01,-2.511695325374603271e-01,-8.469150215387344360e-02,-3.464310169219970703e-01,4.789049923419952393e-02,9.785276651382446289e-02,2.832394540309906006e-01,-8.004085719585418701e-02,2.518363483250141144e-02,-2.398043312132358551e-02,-6.939434260129928589e-02,4.044389128684997559e-01,-2.594607770442962646e-01,-1.002543926239013672e+00,-2.443088144063949585e-01,-6.150138378143310547e-02,-3.798176050186157227e-01,3.228787779808044434e-01,-1.025368213653564453e+00,1.778804063796997070e-01
-2.541072107851505280e-02,-2.022873640060424805e+00,6.603775024414062500e-01,2.584737539291381836e-02,-2.191629074513912201e-02,-6.736128926277160645e-01,-7.383071184158325195e-01,-1.986261457204818726e-01,1.178107317537069321e-02,5.955692753195762634e-02,3.313658237457275391e-01,-2.511695325374603271e-01,-8.469150215387344360e-02,-3.464310467243194580e-01,4.789049923419952393e-02,9.785276651382446289e-02,2.832394540309906006e-01,-8.004084974527359009e-02,2.518363483250141144e-02,-2.398043312132358551e-02,-6.939434260129928589e-02,4.044389128684997559e-01,-2.594607770442962646e-01,-1.002543926239013672e+00,-2.443087995052337646e-01,-6.150138378143310547e-02,-3.798176050186157227e-01,3.228787779808044434e-01,-1.025368213653564453e+00,1.778804063796997070e-01
-2.541072107851505280e-02,-2.022873640060424805e+00,6.603775024414062500e-01,2.584737539291381836e-02,-2.191629074513912201e-02,-6.736128926277160645e-01,-7.383071184158325195e-01,-1.986261457204818726e-01,1.178107317537069321e-02,5.955692753195762634e-02,3.313658237457275391e-01,-2.511695325374603271e-01,-8.469150215387344360e-02,-3.464310467243194580e-01,4.789049923419952393e-02,9.785276651382446289e-02,2.832394540309906006e-01,-8.004084974527359009e-02,2.518363483250141144e-02,-2.398043312132358551e-02,-6.939434260129928589e-02,4.044389128684997559e-01,-2.594607770442962646e-01,-1.002543926239013672e+00,-2.443088144063949585e-01,-6.150138378143310547e-02,-3.798176050186157227e-01,3.228787779808044434e-01,-1.025368213653564453e+00,1.778804063796997070e-01
-2.541072107851505280e-02,-2.022873640060424805e+00,6.603775024414062500e-01,2.584737539291381836e-02,-2.191629074513912201e-02,-6.736128926277160645e-01,-7.383071184158325195e-01,-1.986261457204818726e-01,1.178107317537069321e-02,5.955692753195762634e-02,3.313658237457275391e-01,-2.511695325374603271e-01,-8.469150215387344360e-02,-3.464310467243194580e-01,4.789049923419952393e-02,9.785276651382446289e-02,2.832394540309906006e-01,-8.004084974527359009e-02,2.518363483250141144e-02,-2.398043312132358551e-02,-6.939434260129928589e-02,4.044389128684997559e-01,-2.594607770442962646e-01,-1.002543926239013672e+00,-2.443087995052337646e-01,-6.150138378143310547e-02,-3.798176050186157227e-01,3.228787779808044434e-01,-1.025368213653564453e+00,1.778804063796997070e-01
-2.541072107851505280e-02,-2.022873640060424805e+00,6.603775024414062500e-01,2.584737539291381836e-02,-2.191629074513912201e-02,-6.736128926277160645e-01,-7.383071184158325195e-01,-1.986261457204818726e-01,1.178107224404811859e-02,5.955692753195762634e-02,3.313658237457275391e-01,-2.511695325374603271e-01,-8.469150215387344360e-02,-3.464310467243194580e-01,4.789049923419952393e-02,9.785276651382446289e-02,2.832394540309906006e-01,-8.004084974527359009e-02,2.518363483250141144e-02,-2.398043125867843628e-02,-6.939434260129928589e-02,4.044389128684997559e-01,-2.594607770442962646e-01,-1.002543926239013672e+00,-2.443087995052337646e-01,-6.150138378143310547e-02,-3.798176050186157227e-01,3.228787779808044434e-01,-1.025368213653564453e+00,1.778804063796997070e-01
-2.541071921586990356e-02,-2.022873640060424805e+00,6.603775024414062500e-01,2.584737539291381836e-02,-2.191629074513912201e-02,-6.736128926277160645e-01,-7.383071184158325195e-01,-1.986261457204818726e-01,1.178107224404811859e-02,5.955693125724792480e-02,3.313658237457275391e-01,-2.511695325374603271e-01,-8.469150215387344360e-02,-3.464310169219970703e-01,4.789049923419952393e-02,9.785276651382446289e-02,2.832394540309906006e-01,-8.004085719585418701e-02,2.518363483250141144e-02,-2.398043312132358551e-02,-6.939434260129928589e-02,4.044389128684997559e-01,-2.594607770442962646e-01,-1.002543926239013672e+00,-2.443088144063949585e-01,-6.150138378143310547e-02,-3.798176050186157227e-01,3.228787779808044434e-01,-1.025368213653564453e+00,1.778804063796997070e-01
-2.541072107851505280e-02,-2.022873640060424805e+00,6.603775024414062500e-01,2.584737539291381836e-02,-2.191629074513912201e-02,-6.736128926277160645e-01,-7.383071184158325195e-01,-1.986261457204818726e-01,1.178107317537069321e-02,5.955692753195762634e-02,3.313658237457275391e-01,-2.511695325374603271e-01,-8.469150215387344360e-02,-3.464310467243194580e-01,4.789049923419952393e-02,9.785276651382446289e-02,2.832394540309906006e-01,-8.004084974527359009e-02,2.518363483250141144e-02,-2.398043312132358551e-02,-6.939434260129928589e-02,4.044389128684997559e-01,-2.594607770442962646e-01,-1.002543926239013672e+00,-2.443087995052337646e-01,-6.150138378143310547e-02,-3.798176050186157227e-01,3.228787779808044434e-01,-1.025368213653564453e+00,1.778804063796997070e-01
-2.541072107851505280e-02,-2.022873640060424805e+00,6.603775024414062500e-01,2.584737539291381836e-02,-2.191629074513912201e-02,-6.736128926277160645e-01,-7.383071184158325195e-01,-1.986261457204818726e-01,1.178107317537069321e-02,5.955692753195762634e-02,3.313658237457275391e-01,-2.511695325374603271e-01,-8.469150215387344360e-02,-3.464310467243194580e-01,4.789049923419952393e-02,9.785276651382446289e-02,2.832394540309906006e-01,-8.004084974527359009e-02,2.518363483250141144e-02,-2.398043312132358551e-02,-6.939434260129928589e-02,4.044389128684997559e-01,-2.594607770442962646e-01,-1.002543926239013672e+00,-2.443088144063949585e-01,-6.150138378143310547e-02,-3.798176050186157227e-01,3.228787779808044434e-01,-1.025368213653564453e+00,1.778804063796997070e-01
-2.541072107851505280e-02,-2.022873640060424805e+00,6.603775024414062500e-01,2.584737539291381836e-02,-2.191629074513912201e-02,-6.736128926277160645e-01,-7.383071184158325195e-01,-1.986261457204818726e-01,1.178107317537069321e-02,5.955692380666732788e-02,3.313658237457275391e-01,-2.511695325374603271e-01,-8.469150215387344360e-02,-3.464310467243194580e-01,4.789049923419952393e-02,9.785276651382446289e-02,2.832394540309906006e-01,-8.004084974527359009e-02,2.518363483250141144e-02,-2.398043312132358551e-02,-6.939434260129928589e-02,4.044389128684997559e-01,-2.594607770442962646e-01,-1.002543926239013672e+00,-2.443088144063949585e-01,-6.150138378143310547e-02,-3.798176050186157227e-01,3.228787779808044434e-01,-1.025368213653564453e+00,1.778804063796997070e-01
-2.541072107851505280e-02,-2.022873640060424805e+00,6.603775024414062500e-01,2.584737539291381836e-02,-2.191629074513912201e-02,-6.736128926277160645e-01,-7.383071184158325195e-01,-1.986261457204818726e-01,1.178107224404811859e-02,5.955692753195762634e-02,3.313658237457275391e-01,-2.511695325374603271e-01,-8.469150215387344360e-02,-3.464310467243194580e-01,4.789049923419952393e-02,9.785276651382446289e-02,2.832394540309906006e-01,-8.004084974527359009e-02,2.518363483250141144e-02,-2.398043125867843628e-02,-6.939434260129928589e-02,4.044389128684997559e-01,-2.594607770442962646e-01,-1.002543926239013672e+00,-2.443087995052337646e-01,-6.150138378143310547e-02,-3.798176050186157227e-01,3.228787779808044434e-01,-1.025368213653564453e+00,1.778804063796997070e-01
-2.541071921586990356e-02,-2.022873640060424805e+00,6.603775024414062500e-01,2.584737539291381836e-02,-2.191629074513912201e-02,-6.736128926277160645e-01,-7.383071184158325195e-01,-1.986261457204818726e-01,1.178107224404811859e-02,5.955693125724792480e-02,3.313658237457275391e-01,-2.511695325374603271e-01,-8.469150215387344360e-02,-3.464310169219970703e-01,4.789049923419952393e-02,9.785276651382446289e-02,2.832394540309906006e-01,-8.004085719585418701e-02,2.518363483250141144e-02,-2.398043312132358551e-02,-6.939434260129928589e-02,4.044389128684997559e-01,-2.594607770442962646e-01,-1.002543926239013672e+00,-2.443088144063949585e-01,-6.150138378143310547e-02,-3.798176050186157227e-01,3.228787779808044434e-01,-1.025368213653564453e+00,1.778804063796997070e-01
